feature_id,post_id,cluster_id,split,risk_label,text_length,word_count,sentence_count,uppercase_ratio,digit_ratio,punctuation_ratio,url_count_in_text,phone_count,email_count,currency_symbol_count,exclamation_count,question_count,language,language_id,script,is_code_mixed,is_transliterated,language_confidence,claim_count,atomic_claim_count,verifiable_claim_count,non_verifiable_claim_count,claim_decomposition_confidence,has_financial_claim,has_job_claim,has_giveaway_claim,has_credential_claim,has_shopping_claim,conditional_claim_count,negated_claim_count,numeric_claim_count,temporal_claim_count,evidence_count,has_evidence,claims_with_evidence,claims_without_evidence,evidence_coverage_ratio,evidence_source_count,independent_source_count,source_diversity,retrieved_evidence_count,relevant_evidence_count,supporting_retrieval_count,contradicting_retrieval_count,top_retrieval_score,retrieval_score_available,support_count,contradict_count,neutral_count,insufficient_count,support_ratio,contradiction_ratio,neutral_ratio,insufficient_ratio,support_to_contradiction_ratio,contradiction_presence,support_presence,evidence_relation_entropy,image_count,has_image,ocr_available,ocr_confidence,ocr_text_length,image_reuse_count,phash_match_count,ocr_unreliable,source_count,unique_source_count,official_source_present,domain_count,unique_domain_count,official_domain_match,domain_age_days,domain_age_available,shortened_url_count,graph_node_count,graph_edge_count,graph_claim_nodes,graph_evidence_nodes,graph_url_nodes,graph_account_nodes,graph_support_edges,graph_contradict_edges,graph_neutral_edges,graph_insufficient_edges,graph_degree_mean,guarantee_claim_present,urgency_signal_present,upfront_payment_present,financial_claim_count,currency_present,temporal_deadline_present
feat_tl_post_00361,tl_post_00361,camp_camp_0060,train,HIGH,114,15,2,0.0361,0.0877,0.0526,0,0,0,1,0,0,en,0,Latin,False,False,1.0,1,1,1,0,0.95,True,False,False,False,False,1,0,1,1,1,True,1,0,1.0,1,1,1.0,0,0,0,0,-1.0,False,0,1,0,0,0.0,1.0,0.0,0.0,0.0,True,False,0.0,0,False,False,-1.0,0,0,0,False,1,1,True,1,1,True,-1.0,False,0,5,4,1,1,1,1,0,1,0,0,1.6,True,False,True,1,True,True
feat_tl_post_00362,tl_post_00362,camp_camp_0060,train,HIGH,118,15,4,0.0,0.1949,0.0424,0,1,0,3,0,0,ta,1,Tamil,False,False,1.0,1,1,1,0,0.95,False,True,False,False,False,0,0,1,0,1,True,1,0,1.0,1,1,1.0,0,0,0,0,-1.0,False,0,1,0,0,0.0,1.0,0.0,0.0,0.0,True,False,0.0,0,False,False,-1.0,0,0,0,False,1,1,True,1,1,True,-1.0,False,0,5,4,1,1,1,1,0,1,0,0,1.6,False,False,False,0,True,False
feat_tl_post_00363,tl_post_00363,camp_camp_0060,train,HIGH,102,16,3,0.0,0.0882,0.049,0,0,0,1,1,0,hi,2,Devanagari,False,False,1.0,1,1,1,0,0.95,False,False,False,False,True,0,0,1,0,1,True,1,0,1.0,1,1,1.0,0,0,0,0,-1.0,False,0,1,0,0,0.0,1.0,0.0,0.0,0.0,True,False,0.0,0,False,False,-1.0,0,0,0,False,1,1,True,1,1,True,-1.0,False,0,5,4,1,1,1,1,0,1,0,0,1.6,False,False,False,0,True,False
feat_tl_post_00364,tl_post_00364,camp_camp_0060,train,HIGH,121,18,3,0.0337,0.0744,0.0413,0,0,0,1,1,0,ta-en,3,Latin,True,True,1.0,1,1,1,0,0.95,False,False,True,False,False,0,0,1,0,1,True,1,0,1.0,1,1,1.0,0,0,0,0,-1.0,False,0,1,0,0,0.0,1.0,0.0,0.0,0.0,True,False,0.0,0,False,False,-1.0,0,0,0,False,1,1,True,1,1,True,-1.0,False,0,5,4,1,1,1,1,0,1,0,0,1.6,False,False,True,0,True,True
feat_tl_post_00365,tl_post_00365,camp_camp_0060,train,HIGH,118,19,1,0.1034,0.0678,0.0339,0,0,0,1,0,0,hi-en,4,Latin,True,True,1.0,1,1,1,0,0.95,False,False,False,False,False,0,0,1,0,1,True,1,0,1.0,1,1,1.0,0,0,0,0,-1.0,False,0,1,0,0,0.0,1.0,0.0,0.0,0.0,True,False,0.0,0,False,False,-1.0,0,0,0,False,1,1,True,1,1,True,-1.0,False,0,5,4,1,1,1,1,0,1,0,0,1.6,False,False,False,0,True,False
feat_tl_post_00366,tl_post_00366,camp_camp_0060,train,HIGH,132,20,3,0.1471,0.0455,0.0379,0,0,0,0,0,0,en,0,Latin,False,False,1.0,1,1,1,0,0.95,False,False,False,True,False,0,1,1,1,1,True,1,0,1.0,1,1,1.0,0,0,0,0,-1.0,False,0,1,0,0,0.0,1.0,0.0,0.0,0.0,True,False,0.0,0,False,False,-1.0,0,0,0,False,1,1,True,1,1,True,-1.0,False,0,5,4,1,1,1,1,0,1,0,0,1.6,False,False,False,0,False,True
feat_tl_post_00367,tl_post_00367,camp_camp_0061,train,HIGH,131,12,3,0.0,0.0916,0.0229,0,1,0,0,0,0,ta,1,Tamil,False,False,1.0,1,1,1,0,0.95,False,False,False,False,False,0,0,1,0,1,True,1,0,1.0,1,1,1.0,0,0,0,0,-1.0,False,0,1,0,0,0.0,1.0,0.0,0.0,0.0,True,False,0.0,0,False,False,-1.0,0,0,0,False,1,1,True,1,1,True,-1.0,False,0,5,4,1,1,1,1,0,1,0,0,1.6,False,False,False,0,False,False
feat_tl_post_00368,tl_post_00368,camp_camp_0061,train,HIGH,119,20,2,0.0,0.0924,0.0504,0,0,0,1,0,0,hi,2,Devanagari,False,False,1.0,1,1,1,0,0.95,False,False,False,False,False,0,0,1,0,1,True,1,0,1.0,1,1,1.0,0,0,0,0,-1.0,False,0,1,0,0,0.0,1.0,0.0,0.0,0.0,True,False,0.0,0,False,False,-1.0,0,0,0,False,1,1,True,1,1,True,-1.0,False,0,5,4,1,1,1,1,0,1,0,0,1.6,False,False,False,0,True,False
feat_tl_post_00369,tl_post_00369,trans_trans_group_0061,train,LOW,114,21,1,0.0,0.0,0.0088,0,0,0,0,0,0,hi,2,Devanagari,False,False,1.0,1,1,0,1,0.1,True,False,False,False,False,0,0,0,0,1,True,1,0,1.0,1,1,1.0,0,0,0,0,-1.0,False,1,0,0,0,1.0,0.0,0.0,0.0,1.0,False,True,0.0,0,False,False,-1.0,0,0,0,False,1,1,True,1,1,True,-1.0,False,0,5,4,1,1,1,1,1,0,0,0,1.6,False,False,False,1,False,False
feat_tl_post_00370,tl_post_00370,trans_trans_group_0061,train,INSUFFICIENT,74,12,2,0.0656,0.0,0.027,0,0,0,0,0,0,hi-en,4,Latin,True,True,1.0,1,1,1,0,0.95,False,False,False,False,False,0,0,0,0,1,True,1,0,1.0,1,1,1.0,0,0,0,0,-1.0,False,0,0,0,1,0.0,0.0,0.0,1.0,0.0,False,False,0.0,0,False,False,-1.0,0,0,0,False,1,1,True,1,1,True,-1.0,False,0,5,4,1,1,1,1,0,0,0,1,1.6,False,False,False,0,False,False
feat_tl_post_00371,tl_post_00371,camp_camp_0061,train,HIGH,114,15,2,0.0361,0.0877,0.0526,0,0,0,1,0,0,en,0,Latin,False,False,1.0,1,1,1,0,0.95,True,False,False,False,False,1,0,1,1,1,True,1,0,1.0,1,1,1.0,0,0,0,0,-1.0,False,0,1,0,0,0.0,1.0,0.0,0.0,0.0,True,False,0.0,0,False,False,-1.0,0,0,0,False,1,1,True,1,1,True,-1.0,False,0,5,4,1,1,1,1,0,1,0,0,1.6,True,False,True,1,True,True
feat_tl_post_00372,tl_post_00372,camp_camp_0061,train,HIGH,118,15,4,0.0,0.1949,0.0424,0,1,0,3,0,0,ta,1,Tamil,False,False,1.0,1,1,1,0,0.95,False,True,False,False,False,0,0,1,0,1,True,1,0,1.0,1,1,1.0,0,0,0,0,-1.0,False,0,1,0,0,0.0,1.0,0.0,0.0,0.0,True,False,0.0,0,False,False,-1.0,0,0,0,False,1,1,True,1,1,True,-1.0,False,0,5,4,1,1,1,1,0,1,0,0,1.6,False,False,False,0,True,False
feat_tl_post_00373,tl_post_00373,camp_camp_0062,train,HIGH,102,16,3,0.0,0.0882,0.049,0,0,0,1,1,0,hi,2,Devanagari,False,False,1.0,1,1,1,0,0.95,False,False,False,False,True,0,0,1,0,1,True,1,0,1.0,1,1,1.0,0,0,0,0,-1.0,False,0,1,0,0,0.0,1.0,0.0,0.0,0.0,True,False,0.0,0,False,False,-1.0,0,0,0,False,1,1,True,1,1,True,-1.0,False,0,5,4,1,1,1,1,0,1,0,0,1.6,False,False,False,0,True,False
feat_tl_post_00374,tl_post_00374,camp_camp_0062,train,HIGH,121,18,3,0.0337,0.0744,0.0413,0,0,0,1,1,0,ta-en,3,Latin,True,True,1.0,1,1,1,0,0.95,False,False,True,False,False,0,0,1,0,1,True,1,0,1.0,1,1,1.0,0,0,0,0,-1.0,False,0,1,0,0,0.0,1.0,0.0,0.0,0.0,True,False,0.0,0,False,False,-1.0,0,0,0,False,1,1,True,1,1,True,-1.0,False,0,5,4,1,1,1,1,0,1,0,0,1.6,False,False,True,0,True,True
feat_tl_post_00375,tl_post_00375,camp_camp_0062,train,HIGH,118,19,1,0.1034,0.0678,0.0339,0,0,0,1,0,0,hi-en,4,Latin,True,True,1.0,1,1,1,0,0.95,False,False,False,False,False,0,0,1,0,1,True,1,0,1.0,1,1,1.0,0,0,0,0,-1.0,False,0,1,0,0,0.0,1.0,0.0,0.0,0.0,True,False,0.0,0,False,False,-1.0,0,0,0,False,1,1,True,1,1,True,-1.0,False,0,5,4,1,1,1,1,0,1,0,0,1.6,False,False,False,0,True,False
feat_tl_post_00376,tl_post_00376,camp_camp_0062,train,HIGH,132,20,3,0.1471,0.0455,0.0379,0,0,0,0,0,0,en,0,Latin,False,False,1.0,1,1,1,0,0.95,False,False,False,True,False,0,1,1,1,1,True,1,0,1.0,1,1,1.0,0,0,0,0,-1.0,False,0,1,0,0,0.0,1.0,0.0,0.0,0.0,True,False,0.0,0,False,False,-1.0,0,0,0,False,1,1,True,1,1,True,-1.0,False,0,5,4,1,1,1,1,0,1,0,0,1.6,False,False,False,0,False,True
feat_tl_post_00377,tl_post_00377,camp_camp_0062,train,HIGH,131,12,3,0.0,0.0916,0.0229,0,1,0,0,0,0,ta,1,Tamil,False,False,1.0,1,1,1,0,0.95,False,False,False,False,False,0,0,1,0,1,True,1,0,1.0,1,1,1.0,0,0,0,0,-1.0,False,0,1,0,0,0.0,1.0,0.0,0.0,0.0,True,False,0.0,0,False,False,-1.0,0,0,0,False,1,1,True,1,1,True,-1.0,False,0,5,4,1,1,1,1,0,1,0,0,1.6,False,False,False,0,False,False
feat_tl_post_00378,tl_post_00378,camp_camp_0062,train,HIGH,119,20,2,0.0,0.0924,0.0504,0,0,0,1,0,0,hi,2,Devanagari,False,False,1.0,1,1,1,0,0.95,False,False,False,False,False,0,0,1,0,1,True,1,0,1.0,1,1,1.0,0,0,0,0,-1.0,False,0,1,0,0,0.0,1.0,0.0,0.0,0.0,True,False,0.0,0,False,False,-1.0,0,0,0,False,1,1,True,1,1,True,-1.0,False,0,5,4,1,1,1,1,0,1,0,0,1.6,False,False,False,0,True,False
feat_tl_post_00379,tl_post_00379,trans_trans_group_0063,train,LOW,134,24,2,0.1604,0.0,0.0373,0,0,0,0,0,0,en,0,Latin,False,False,1.0,1,1,0,1,0.1,True,False,False,False,False,0,1,0,0,1,True,1,0,1.0,1,1,1.0,0,0,0,0,-1.0,False,1,0,0,0,1.0,0.0,0.0,0.0,1.0,False,True,0.0,0,False,False,-1.0,0,0,0,False,1,1,True,1,1,True,-1.0,False,0,5,4,1,1,1,1,1,0,0,0,1.6,False,False,False,1,False,False
feat_tl_post_00380,tl_post_00380,trans_trans_group_0063,train,INSUFFICIENT,74,12,2,0.0656,0.0,0.027,0,0,0,0,0,0,hi-en,4,Latin,True,True,1.0,1,1,1,0,0.95,False,False,False,False,False,0,0,0,0,1,True,1,0,1.0,1,1,1.0,0,0,0,0,-1.0,False,0,0,0,1,0.0,0.0,0.0,1.0,0.0,False,False,0.0,0,False,False,-1.0,0,0,0,False,1,1,True,1,1,True,-1.0,False,0,5,4,1,1,1,1,0,0,0,1,1.6,False,False,False,0,False,False
feat_tl_post_00381,tl_post_00381,camp_camp_0063,train,HIGH,114,15,2,0.0361,0.0877,0.0526,0,0,0,1,0,0,en,0,Latin,False,False,1.0,1,1,1,0,0.95,True,False,False,False,False,1,0,1,1,1,True,1,0,1.0,1,1,1.0,0,0,0,0,-1.0,False,0,1,0,0,0.0,1.0,0.0,0.0,0.0,True,False,0.0,0,False,False,-1.0,0,0,0,False,1,1,True,1,1,True,-1.0,False,0,5,4,1,1,1,1,0,1,0,0,1.6,True,False,True,1,True,True
feat_tl_post_00382,tl_post_00382,camp_camp_0063,train,HIGH,118,15,4,0.0,0.1949,0.0424,0,1,0,3,0,0,ta,1,Tamil,False,False,1.0,1,1,1,0,0.95,False,True,False,False,False,0,0,1,0,1,True,1,0,1.0,1,1,1.0,0,0,0,0,-1.0,False,0,1,0,0,0.0,1.0,0.0,0.0,0.0,True,False,0.0,0,False,False,-1.0,0,0,0,False,1,1,True,1,1,True,-1.0,False,0,5,4,1,1,1,1,0,1,0,0,1.6,False,False,False,0,True,False
feat_tl_post_00383,tl_post_00383,camp_camp_0063,train,HIGH,102,16,3,0.0,0.0882,0.049,0,0,0,1,1,0,hi,2,Devanagari,False,False,1.0,1,1,1,0,0.95,False,False,False,False,True,0,0,1,0,1,True,1,0,1.0,1,1,1.0,0,0,0,0,-1.0,False,0,1,0,0,0.0,1.0,0.0,0.0,0.0,True,False,0.0,0,False,False,-1.0,0,0,0,False,1,1,True,1,1,True,-1.0,False,0,5,4,1,1,1,1,0,1,0,0,1.6,False,False,False,0,True,False
feat_tl_post_00384,tl_post_00384,camp_camp_0063,train,HIGH,121,18,3,0.0337,0.0744,0.0413,0,0,0,1,1,0,ta-en,3,Latin,True,True,1.0,1,1,1,0,0.95,False,False,True,False,False,0,0,1,0,1,True,1,0,1.0,1,1,1.0,0,0,0,0,-1.0,False,0,1,0,0,0.0,1.0,0.0,0.0,0.0,True,False,0.0,0,False,False,-1.0,0,0,0,False,1,1,True,1,1,True,-1.0,False,0,5,4,1,1,1,1,0,1,0,0,1.6,False,False,True,0,True,True
feat_tl_post_00385,tl_post_00385,camp_camp_0064,train,HIGH,118,19,1,0.1034,0.0678,0.0339,0,0,0,1,0,0,hi-en,4,Latin,True,True,1.0,1,1,1,0,0.95,False,False,False,False,False,0,0,1,0,1,True,1,0,1.0,1,1,1.0,0,0,0,0,-1.0,False,0,1,0,0,0.0,1.0,0.0,0.0,0.0,True,False,0.0,0,False,False,-1.0,0,0,0,False,1,1,True,1,1,True,-1.0,False,0,5,4,1,1,1,1,0,1,0,0,1.6,False,False,False,0,True,False
feat_tl_post_00386,tl_post_00386,camp_camp_0064,train,HIGH,132,20,3,0.1471,0.0455,0.0379,0,0,0,0,0,0,en,0,Latin,False,False,1.0,1,1,1,0,0.95,False,False,False,True,False,0,1,1,1,1,True,1,0,1.0,1,1,1.0,0,0,0,0,-1.0,False,0,1,0,0,0.0,1.0,0.0,0.0,0.0,True,False,0.0,0,False,False,-1.0,0,0,0,False,1,1,True,1,1,True,-1.0,False,0,5,4,1,1,1,1,0,1,0,0,1.6,False,False,False,0,False,True
feat_tl_post_00387,tl_post_00387,camp_camp_0064,train,HIGH,131,12,3,0.0,0.0916,0.0229,0,1,0,0,0,0,ta,1,Tamil,False,False,1.0,1,1,1,0,0.95,False,False,False,False,False,0,0,1,0,1,True,1,0,1.0,1,1,1.0,0,0,0,0,-1.0,False,0,1,0,0,0.0,1.0,0.0,0.0,0.0,True,False,0.0,0,False,False,-1.0,0,0,0,False,1,1,True,1,1,True,-1.0,False,0,5,4,1,1,1,1,0,1,0,0,1.6,False,False,False,0,False,False
feat_tl_post_00388,tl_post_00388,camp_camp_0064,train,HIGH,119,20,2,0.0,0.0924,0.0504,0,0,0,1,0,0,hi,2,Devanagari,False,False,1.0,1,1,1,0,0.95,False,False,False,False,False,0,0,1,0,1,True,1,0,1.0,1,1,1.0,0,0,0,0,-1.0,False,0,1,0,0,0.0,1.0,0.0,0.0,0.0,True,False,0.0,0,False,False,-1.0,0,0,0,False,1,1,True,1,1,True,-1.0,False,0,5,4,1,1,1,1,0,1,0,0,1.6,False,False,False,0,True,False
feat_tl_post_00389,tl_post_00389,trans_trans_group_0064,train,LOW,130,16,4,0.0455,0.0,0.0385,0,0,0,0,0,0,ta-en,3,Latin,True,True,1.0,1,1,0,1,0.1,True,False,False,False,False,0,0,0,0,1,True,1,0,1.0,1,1,1.0,0,0,0,0,-1.0,False,1,0,0,0,1.0,0.0,0.0,0.0,1.0,False,True,0.0,0,False,False,-1.0,0,0,0,False,1,1,True,1,1,True,-1.0,False,0,5,4,1,1,1,1,1,0,0,0,1.6,False,False,False,1,False,False
feat_tl_post_00390,tl_post_00390,trans_trans_group_0064,train,INSUFFICIENT,74,12,2,0.0656,0.0,0.027,0,0,0,0,0,0,hi-en,4,Latin,True,True,1.0,1,1,1,0,0.95,False,False,False,False,False,0,0,0,0,1,True,1,0,1.0,1,1,1.0,0,0,0,0,-1.0,False,0,0,0,1,0.0,0.0,0.0,1.0,0.0,False,False,0.0,0,False,False,-1.0,0,0,0,False,1,1,True,1,1,True,-1.0,False,0,5,4,1,1,1,1,0,0,0,1,1.6,False,False,False,0,False,False
feat_tl_post_00391,tl_post_00391,camp_camp_0065,train,HIGH,114,15,2,0.0361,0.0877,0.0526,0,0,0,1,0,0,en,0,Latin,False,False,1.0,1,1,1,0,0.95,True,False,False,False,False,1,0,1,1,1,True,1,0,1.0,1,1,1.0,0,0,0,0,-1.0,False,0,1,0,0,0.0,1.0,0.0,0.0,0.0,True,False,0.0,0,False,False,-1.0,0,0,0,False,1,1,True,1,1,True,-1.0,False,0,5,4,1,1,1,1,0,1,0,0,1.6,True,False,True,1,True,True
feat_tl_post_00392,tl_post_00392,camp_camp_0065,train,HIGH,118,15,4,0.0,0.1949,0.0424,0,1,0,3,0,0,ta,1,Tamil,False,False,1.0,1,1,1,0,0.95,False,True,False,False,False,0,0,1,0,1,True,1,0,1.0,1,1,1.0,0,0,0,0,-1.0,False,0,1,0,0,0.0,1.0,0.0,0.0,0.0,True,False,0.0,0,False,False,-1.0,0,0,0,False,1,1,True,1,1,True,-1.0,False,0,5,4,1,1,1,1,0,1,0,0,1.6,False,False,False,0,True,False
feat_tl_post_00393,tl_post_00393,camp_camp_0065,train,HIGH,102,16,3,0.0,0.0882,0.049,0,0,0,1,1,0,hi,2,Devanagari,False,False,1.0,1,1,1,0,0.95,False,False,False,False,True,0,0,1,0,1,True,1,0,1.0,1,1,1.0,0,0,0,0,-1.0,False,0,1,0,0,0.0,1.0,0.0,0.0,0.0,True,False,0.0,0,False,False,-1.0,0,0,0,False,1,1,True,1,1,True,-1.0,False,0,5,4,1,1,1,1,0,1,0,0,1.6,False,False,False,0,True,False
feat_tl_post_00394,tl_post_00394,camp_camp_0065,train,HIGH,121,18,3,0.0337,0.0744,0.0413,0,0,0,1,1,0,ta-en,3,Latin,True,True,1.0,1,1,1,0,0.95,False,False,True,False,False,0,0,1,0,1,True,1,0,1.0,1,1,1.0,0,0,0,0,-1.0,False,0,1,0,0,0.0,1.0,0.0,0.0,0.0,True,False,0.0,0,False,False,-1.0,0,0,0,False,1,1,True,1,1,True,-1.0,False,0,5,4,1,1,1,1,0,1,0,0,1.6,False,False,True,0,True,True
feat_tl_post_00395,tl_post_00395,camp_camp_0065,train,HIGH,118,19,1,0.1034,0.0678,0.0339,0,0,0,1,0,0,hi-en,4,Latin,True,True,1.0,1,1,1,0,0.95,False,False,False,False,False,0,0,1,0,1,True,1,0,1.0,1,1,1.0,0,0,0,0,-1.0,False,0,1,0,0,0.0,1.0,0.0,0.0,0.0,True,False,0.0,0,False,False,-1.0,0,0,0,False,1,1,True,1,1,True,-1.0,False,0,5,4,1,1,1,1,0,1,0,0,1.6,False,False,False,0,True,False
feat_tl_post_00396,tl_post_00396,camp_camp_0065,train,HIGH,132,20,3,0.1471,0.0455,0.0379,0,0,0,0,0,0,en,0,Latin,False,False,1.0,1,1,1,0,0.95,False,False,False,True,False,0,1,1,1,1,True,1,0,1.0,1,1,1.0,0,0,0,0,-1.0,False,0,1,0,0,0.0,1.0,0.0,0.0,0.0,True,False,0.0,0,False,False,-1.0,0,0,0,False,1,1,True,1,1,True,-1.0,False,0,5,4,1,1,1,1,0,1,0,0,1.6,False,False,False,0,False,True
feat_tl_post_00397,tl_post_00397,camp_camp_0066,train,HIGH,131,12,3,0.0,0.0916,0.0229,0,1,0,0,0,0,ta,1,Tamil,False,False,1.0,1,1,1,0,0.95,False,False,False,False,False,0,0,1,0,1,True,1,0,1.0,1,1,1.0,0,0,0,0,-1.0,False,0,1,0,0,0.0,1.0,0.0,0.0,0.0,True,False,0.0,0,False,False,-1.0,0,0,0,False,1,1,True,1,1,True,-1.0,False,0,5,4,1,1,1,1,0,1,0,0,1.6,False,False,False,0,False,False
feat_tl_post_00398,tl_post_00398,camp_camp_0066,train,HIGH,119,20,2,0.0,0.0924,0.0504,0,0,0,1,0,0,hi,2,Devanagari,False,False,1.0,1,1,1,0,0.95,False,False,False,False,False,0,0,1,0,1,True,1,0,1.0,1,1,1.0,0,0,0,0,-1.0,False,0,1,0,0,0.0,1.0,0.0,0.0,0.0,True,False,0.0,0,False,False,-1.0,0,0,0,False,1,1,True,1,1,True,-1.0,False,0,5,4,1,1,1,1,0,1,0,0,1.6,False,False,False,0,True,False
feat_tl_post_00399,tl_post_00399,trans_trans_group_0066,train,LOW,114,21,1,0.0,0.0,0.0088,0,0,0,0,0,0,hi,2,Devanagari,False,False,1.0,1,1,0,1,0.1,True,False,False,False,False,0,0,0,0,1,True,1,0,1.0,1,1,1.0,0,0,0,0,-1.0,False,1,0,0,0,1.0,0.0,0.0,0.0,1.0,False,True,0.0,0,False,False,-1.0,0,0,0,False,1,1,True,1,1,True,-1.0,False,0,5,4,1,1,1,1,1,0,0,0,1.6,False,False,False,1,False,False
feat_tl_post_00400,tl_post_00400,trans_trans_group_0066,train,INSUFFICIENT,74,12,2,0.0656,0.0,0.027,0,0,0,0,0,0,hi-en,4,Latin,True,True,1.0,1,1,1,0,0.95,False,False,False,False,False,0,0,0,0,1,True,1,0,1.0,1,1,1.0,0,0,0,0,-1.0,False,0,0,0,1,0.0,0.0,0.0,1.0,0.0,False,False,0.0,0,False,False,-1.0,0,0,0,False,1,1,True,1,1,True,-1.0,False,0,5,4,1,1,1,1,0,0,0,1,1.6,False,False,False,0,False,False
feat_tl_post_00401,tl_post_00401,camp_camp_0066,train,HIGH,114,15,2,0.0361,0.0877,0.0526,0,0,0,1,0,0,en,0,Latin,False,False,1.0,1,1,1,0,0.95,True,False,False,False,False,1,0,1,1,1,True,1,0,1.0,1,1,1.0,0,0,0,0,-1.0,False,0,1,0,0,0.0,1.0,0.0,0.0,0.0,True,False,0.0,0,False,False,-1.0,0,0,0,False,1,1,True,1,1,True,-1.0,False,0,5,4,1,1,1,1,0,1,0,0,1.6,True,False,True,1,True,True
feat_tl_post_00402,tl_post_00402,camp_camp_0066,train,HIGH,118,15,4,0.0,0.1949,0.0424,0,1,0,3,0,0,ta,1,Tamil,False,False,1.0,1,1,1,0,0.95,False,True,False,False,False,0,0,1,0,1,True,1,0,1.0,1,1,1.0,0,0,0,0,-1.0,False,0,1,0,0,0.0,1.0,0.0,0.0,0.0,True,False,0.0,0,False,False,-1.0,0,0,0,False,1,1,True,1,1,True,-1.0,False,0,5,4,1,1,1,1,0,1,0,0,1.6,False,False,False,0,True,False
feat_tl_post_00403,tl_post_00403,camp_camp_0067,train,HIGH,102,16,3,0.0,0.0882,0.049,0,0,0,1,1,0,hi,2,Devanagari,False,False,1.0,1,1,1,0,0.95,False,False,False,False,True,0,0,1,0,1,True,1,0,1.0,1,1,1.0,0,0,0,0,-1.0,False,0,1,0,0,0.0,1.0,0.0,0.0,0.0,True,False,0.0,0,False,False,-1.0,0,0,0,False,1,1,True,1,1,True,-1.0,False,0,5,4,1,1,1,1,0,1,0,0,1.6,False,False,False,0,True,False
feat_tl_post_00404,tl_post_00404,camp_camp_0067,train,HIGH,121,18,3,0.0337,0.0744,0.0413,0,0,0,1,1,0,ta-en,3,Latin,True,True,1.0,1,1,1,0,0.95,False,False,True,False,False,0,0,1,0,1,True,1,0,1.0,1,1,1.0,0,0,0,0,-1.0,False,0,1,0,0,0.0,1.0,0.0,0.0,0.0,True,False,0.0,0,False,False,-1.0,0,0,0,False,1,1,True,1,1,True,-1.0,False,0,5,4,1,1,1,1,0,1,0,0,1.6,False,False,True,0,True,True
feat_tl_post_00405,tl_post_00405,camp_camp_0067,train,HIGH,118,19,1,0.1034,0.0678,0.0339,0,0,0,1,0,0,hi-en,4,Latin,True,True,1.0,1,1,1,0,0.95,False,False,False,False,False,0,0,1,0,1,True,1,0,1.0,1,1,1.0,0,0,0,0,-1.0,False,0,1,0,0,0.0,1.0,0.0,0.0,0.0,True,False,0.0,0,False,False,-1.0,0,0,0,False,1,1,True,1,1,True,-1.0,False,0,5,4,1,1,1,1,0,1,0,0,1.6,False,False,False,0,True,False
feat_tl_post_00406,tl_post_00406,camp_camp_0067,train,HIGH,132,20,3,0.1471,0.0455,0.0379,0,0,0,0,0,0,en,0,Latin,False,False,1.0,1,1,1,0,0.95,False,False,False,True,False,0,1,1,1,1,True,1,0,1.0,1,1,1.0,0,0,0,0,-1.0,False,0,1,0,0,0.0,1.0,0.0,0.0,0.0,True,False,0.0,0,False,False,-1.0,0,0,0,False,1,1,True,1,1,True,-1.0,False,0,5,4,1,1,1,1,0,1,0,0,1.6,False,False,False,0,False,True
feat_tl_post_00407,tl_post_00407,camp_camp_0067,train,HIGH,131,12,3,0.0,0.0916,0.0229,0,1,0,0,0,0,ta,1,Tamil,False,False,1.0,1,1,1,0,0.95,False,False,False,False,False,0,0,1,0,1,True,1,0,1.0,1,1,1.0,0,0,0,0,-1.0,False,0,1,0,0,0.0,1.0,0.0,0.0,0.0,True,False,0.0,0,False,False,-1.0,0,0,0,False,1,1,True,1,1,True,-1.0,False,0,5,4,1,1,1,1,0,1,0,0,1.6,False,False,False,0,False,False
feat_tl_post_00408,tl_post_00408,camp_camp_0067,train,HIGH,119,20,2,0.0,0.0924,0.0504,0,0,0,1,0,0,hi,2,Devanagari,False,False,1.0,1,1,1,0,0.95,False,False,False,False,False,0,0,1,0,1,True,1,0,1.0,1,1,1.0,0,0,0,0,-1.0,False,0,1,0,0,0.0,1.0,0.0,0.0,0.0,True,False,0.0,0,False,False,-1.0,0,0,0,False,1,1,True,1,1,True,-1.0,False,0,5,4,1,1,1,1,0,1,0,0,1.6,False,False,False,0,True,False
feat_tl_post_00409,tl_post_00409,trans_trans_group_0068,train,LOW,134,24,2,0.1604,0.0,0.0373,0,0,0,0,0,0,en,0,Latin,False,False,1.0,1,1,0,1,0.1,True,False,False,False,False,0,1,0,0,1,True,1,0,1.0,1,1,1.0,0,0,0,0,-1.0,False,1,0,0,0,1.0,0.0,0.0,0.0,1.0,False,True,0.0,0,False,False,-1.0,0,0,0,False,1,1,True,1,1,True,-1.0,False,0,5,4,1,1,1,1,1,0,0,0,1.6,False,False,False,1,False,False
feat_tl_post_00410,tl_post_00410,trans_trans_group_0068,train,INSUFFICIENT,74,12,2,0.0656,0.0,0.027,0,0,0,0,0,0,hi-en,4,Latin,True,True,1.0,1,1,1,0,0.95,False,False,False,False,False,0,0,0,0,1,True,1,0,1.0,1,1,1.0,0,0,0,0,-1.0,False,0,0,0,1,0.0,0.0,0.0,1.0,0.0,False,False,0.0,0,False,False,-1.0,0,0,0,False,1,1,True,1,1,True,-1.0,False,0,5,4,1,1,1,1,0,0,0,1,1.6,False,False,False,0,False,False
feat_tl_post_00411,tl_post_00411,camp_camp_0068,train,HIGH,114,15,2,0.0361,0.0877,0.0526,0,0,0,1,0,0,en,0,Latin,False,False,1.0,1,1,1,0,0.95,True,False,False,False,False,1,0,1,1,1,True,1,0,1.0,1,1,1.0,0,0,0,0,-1.0,False,0,1,0,0,0.0,1.0,0.0,0.0,0.0,True,False,0.0,0,False,False,-1.0,0,0,0,False,1,1,True,1,1,True,-1.0,False,0,5,4,1,1,1,1,0,1,0,0,1.6,True,False,True,1,True,True
feat_tl_post_00412,tl_post_00412,camp_camp_0068,train,HIGH,118,15,4,0.0,0.1949,0.0424,0,1,0,3,0,0,ta,1,Tamil,False,False,1.0,1,1,1,0,0.95,False,True,False,False,False,0,0,1,0,1,True,1,0,1.0,1,1,1.0,0,0,0,0,-1.0,False,0,1,0,0,0.0,1.0,0.0,0.0,0.0,True,False,0.0,0,False,False,-1.0,0,0,0,False,1,1,True,1,1,True,-1.0,False,0,5,4,1,1,1,1,0,1,0,0,1.6,False,False,False,0,True,False
feat_tl_post_00413,tl_post_00413,camp_camp_0068,train,HIGH,102,16,3,0.0,0.0882,0.049,0,0,0,1,1,0,hi,2,Devanagari,False,False,1.0,1,1,1,0,0.95,False,False,False,False,True,0,0,1,0,1,True,1,0,1.0,1,1,1.0,0,0,0,0,-1.0,False,0,1,0,0,0.0,1.0,0.0,0.0,0.0,True,False,0.0,0,False,False,-1.0,0,0,0,False,1,1,True,1,1,True,-1.0,False,0,5,4,1,1,1,1,0,1,0,0,1.6,False,False,False,0,True,False
feat_tl_post_00414,tl_post_00414,camp_camp_0068,train,HIGH,121,18,3,0.0337,0.0744,0.0413,0,0,0,1,1,0,ta-en,3,Latin,True,True,1.0,1,1,1,0,0.95,False,False,True,False,False,0,0,1,0,1,True,1,0,1.0,1,1,1.0,0,0,0,0,-1.0,False,0,1,0,0,0.0,1.0,0.0,0.0,0.0,True,False,0.0,0,False,False,-1.0,0,0,0,False,1,1,True,1,1,True,-1.0,False,0,5,4,1,1,1,1,0,1,0,0,1.6,False,False,True,0,True,True
feat_tl_post_00415,tl_post_00415,camp_camp_0069,train,HIGH,118,19,1,0.1034,0.0678,0.0339,0,0,0,1,0,0,hi-en,4,Latin,True,True,1.0,1,1,1,0,0.95,False,False,False,False,False,0,0,1,0,1,True,1,0,1.0,1,1,1.0,0,0,0,0,-1.0,False,0,1,0,0,0.0,1.0,0.0,0.0,0.0,True,False,0.0,0,False,False,-1.0,0,0,0,False,1,1,True,1,1,True,-1.0,False,0,5,4,1,1,1,1,0,1,0,0,1.6,False,False,False,0,True,False
feat_tl_post_00416,tl_post_00416,camp_camp_0069,train,HIGH,132,20,3,0.1471,0.0455,0.0379,0,0,0,0,0,0,en,0,Latin,False,False,1.0,1,1,1,0,0.95,False,False,False,True,False,0,1,1,1,1,True,1,0,1.0,1,1,1.0,0,0,0,0,-1.0,False,0,1,0,0,0.0,1.0,0.0,0.0,0.0,True,False,0.0,0,False,False,-1.0,0,0,0,False,1,1,True,1,1,True,-1.0,False,0,5,4,1,1,1,1,0,1,0,0,1.6,False,False,False,0,False,True
feat_tl_post_00417,tl_post_00417,camp_camp_0069,train,HIGH,131,12,3,0.0,0.0916,0.0229,0,1,0,0,0,0,ta,1,Tamil,False,False,1.0,1,1,1,0,0.95,False,False,False,False,False,0,0,1,0,1,True,1,0,1.0,1,1,1.0,0,0,0,0,-1.0,False,0,1,0,0,0.0,1.0,0.0,0.0,0.0,True,False,0.0,0,False,False,-1.0,0,0,0,False,1,1,True,1,1,True,-1.0,False,0,5,4,1,1,1,1,0,1,0,0,1.6,False,False,False,0,False,False
feat_tl_post_00418,tl_post_00418,camp_camp_0069,train,HIGH,119,20,2,0.0,0.0924,0.0504,0,0,0,1,0,0,hi,2,Devanagari,False,False,1.0,1,1,1,0,0.95,False,False,False,False,False,0,0,1,0,1,True,1,0,1.0,1,1,1.0,0,0,0,0,-1.0,False,0,1,0,0,0.0,1.0,0.0,0.0,0.0,True,False,0.0,0,False,False,-1.0,0,0,0,False,1,1,True,1,1,True,-1.0,False,0,5,4,1,1,1,1,0,1,0,0,1.6,False,False,False,0,True,False
feat_tl_post_00419,tl_post_00419,trans_trans_group_0069,train,LOW,130,16,4,0.0455,0.0,0.0385,0,0,0,0,0,0,ta-en,3,Latin,True,True,1.0,1,1,0,1,0.1,True,False,False,False,False,0,0,0,0,1,True,1,0,1.0,1,1,1.0,0,0,0,0,-1.0,False,1,0,0,0,1.0,0.0,0.0,0.0,1.0,False,True,0.0,0,False,False,-1.0,0,0,0,False,1,1,True,1,1,True,-1.0,False,0,5,4,1,1,1,1,1,0,0,0,1.6,False,False,False,1,False,False
feat_tl_post_00420,tl_post_00420,trans_trans_group_0069,train,INSUFFICIENT,74,12,2,0.0656,0.0,0.027,0,0,0,0,0,0,hi-en,4,Latin,True,True,1.0,1,1,1,0,0.95,False,False,False,False,False,0,0,0,0,1,True,1,0,1.0,1,1,1.0,0,0,0,0,-1.0,False,0,0,0,1,0.0,0.0,0.0,1.0,0.0,False,False,0.0,0,False,False,-1.0,0,0,0,False,1,1,True,1,1,True,-1.0,False,0,5,4,1,1,1,1,0,0,0,1,1.6,False,False,False,0,False,False
feat_tl_post_00421,tl_post_00421,camp_camp_0070,train,HIGH,114,15,2,0.0361,0.0877,0.0526,0,0,0,1,0,0,en,0,Latin,False,False,1.0,1,1,1,0,0.95,True,False,False,False,False,1,0,1,1,1,True,1,0,1.0,1,1,1.0,0,0,0,0,-1.0,False,0,1,0,0,0.0,1.0,0.0,0.0,0.0,True,False,0.0,0,False,False,-1.0,0,0,0,False,1,1,True,1,1,True,-1.0,False,0,5,4,1,1,1,1,0,1,0,0,1.6,True,False,True,1,True,True
feat_tl_post_00422,tl_post_00422,camp_camp_0070,train,HIGH,118,15,4,0.0,0.1949,0.0424,0,1,0,3,0,0,ta,1,Tamil,False,False,1.0,1,1,1,0,0.95,False,True,False,False,False,0,0,1,0,1,True,1,0,1.0,1,1,1.0,0,0,0,0,-1.0,False,0,1,0,0,0.0,1.0,0.0,0.0,0.0,True,False,0.0,0,False,False,-1.0,0,0,0,False,1,1,True,1,1,True,-1.0,False,0,5,4,1,1,1,1,0,1,0,0,1.6,False,False,False,0,True,False
feat_tl_post_00423,tl_post_00423,camp_camp_0070,train,HIGH,102,16,3,0.0,0.0882,0.049,0,0,0,1,1,0,hi,2,Devanagari,False,False,1.0,1,1,1,0,0.95,False,False,False,False,True,0,0,1,0,1,True,1,0,1.0,1,1,1.0,0,0,0,0,-1.0,False,0,1,0,0,0.0,1.0,0.0,0.0,0.0,True,False,0.0,0,False,False,-1.0,0,0,0,False,1,1,True,1,1,True,-1.0,False,0,5,4,1,1,1,1,0,1,0,0,1.6,False,False,False,0,True,False
feat_tl_post_00424,tl_post_00424,camp_camp_0070,train,HIGH,121,18,3,0.0337,0.0744,0.0413,0,0,0,1,1,0,ta-en,3,Latin,True,True,1.0,1,1,1,0,0.95,False,False,True,False,False,0,0,1,0,1,True,1,0,1.0,1,1,1.0,0,0,0,0,-1.0,False,0,1,0,0,0.0,1.0,0.0,0.0,0.0,True,False,0.0,0,False,False,-1.0,0,0,0,False,1,1,True,1,1,True,-1.0,False,0,5,4,1,1,1,1,0,1,0,0,1.6,False,False,True,0,True,True
feat_tl_post_00425,tl_post_00425,camp_camp_0070,train,HIGH,118,19,1,0.1034,0.0678,0.0339,0,0,0,1,0,0,hi-en,4,Latin,True,True,1.0,1,1,1,0,0.95,False,False,False,False,False,0,0,1,0,1,True,1,0,1.0,1,1,1.0,0,0,0,0,-1.0,False,0,1,0,0,0.0,1.0,0.0,0.0,0.0,True,False,0.0,0,False,False,-1.0,0,0,0,False,1,1,True,1,1,True,-1.0,False,0,5,4,1,1,1,1,0,1,0,0,1.6,False,False,False,0,True,False
feat_tl_post_00426,tl_post_00426,camp_camp_0070,train,HIGH,132,20,3,0.1471,0.0455,0.0379,0,0,0,0,0,0,en,0,Latin,False,False,1.0,1,1,1,0,0.95,False,False,False,True,False,0,1,1,1,1,True,1,0,1.0,1,1,1.0,0,0,0,0,-1.0,False,0,1,0,0,0.0,1.0,0.0,0.0,0.0,True,False,0.0,0,False,False,-1.0,0,0,0,False,1,1,True,1,1,True,-1.0,False,0,5,4,1,1,1,1,0,1,0,0,1.6,False,False,False,0,False,True
feat_tl_post_00427,tl_post_00427,camp_camp_0071,train,HIGH,131,12,3,0.0,0.0916,0.0229,0,1,0,0,0,0,ta,1,Tamil,False,False,1.0,1,1,1,0,0.95,False,False,False,False,False,0,0,1,0,1,True,1,0,1.0,1,1,1.0,0,0,0,0,-1.0,False,0,1,0,0,0.0,1.0,0.0,0.0,0.0,True,False,0.0,0,False,False,-1.0,0,0,0,False,1,1,True,1,1,True,-1.0,False,0,5,4,1,1,1,1,0,1,0,0,1.6,False,False,False,0,False,False
feat_tl_post_00428,tl_post_00428,camp_camp_0071,train,HIGH,119,20,2,0.0,0.0924,0.0504,0,0,0,1,0,0,hi,2,Devanagari,False,False,1.0,1,1,1,0,0.95,False,False,False,False,False,0,0,1,0,1,True,1,0,1.0,1,1,1.0,0,0,0,0,-1.0,False,0,1,0,0,0.0,1.0,0.0,0.0,0.0,True,False,0.0,0,False,False,-1.0,0,0,0,False,1,1,True,1,1,True,-1.0,False,0,5,4,1,1,1,1,0,1,0,0,1.6,False,False,False,0,True,False
feat_tl_post_00429,tl_post_00429,trans_trans_group_0071,train,LOW,114,21,1,0.0,0.0,0.0088,0,0,0,0,0,0,hi,2,Devanagari,False,False,1.0,1,1,0,1,0.1,True,False,False,False,False,0,0,0,0,1,True,1,0,1.0,1,1,1.0,0,0,0,0,-1.0,False,1,0,0,0,1.0,0.0,0.0,0.0,1.0,False,True,0.0,0,False,False,-1.0,0,0,0,False,1,1,True,1,1,True,-1.0,False,0,5,4,1,1,1,1,1,0,0,0,1.6,False,False,False,1,False,False
feat_tl_post_00430,tl_post_00430,trans_trans_group_0071,train,INSUFFICIENT,74,12,2,0.0656,0.0,0.027,0,0,0,0,0,0,hi-en,4,Latin,True,True,1.0,1,1,1,0,0.95,False,False,False,False,False,0,0,0,0,1,True,1,0,1.0,1,1,1.0,0,0,0,0,-1.0,False,0,0,0,1,0.0,0.0,0.0,1.0,0.0,False,False,0.0,0,False,False,-1.0,0,0,0,False,1,1,True,1,1,True,-1.0,False,0,5,4,1,1,1,1,0,0,0,1,1.6,False,False,False,0,False,False
feat_tl_post_00431,tl_post_00431,camp_camp_0071,train,HIGH,114,15,2,0.0361,0.0877,0.0526,0,0,0,1,0,0,en,0,Latin,False,False,1.0,1,1,1,0,0.95,True,False,False,False,False,1,0,1,1,1,True,1,0,1.0,1,1,1.0,0,0,0,0,-1.0,False,0,1,0,0,0.0,1.0,0.0,0.0,0.0,True,False,0.0,0,False,False,-1.0,0,0,0,False,1,1,True,1,1,True,-1.0,False,0,5,4,1,1,1,1,0,1,0,0,1.6,True,False,True,1,True,True
feat_tl_post_00432,tl_post_00432,camp_camp_0071,train,HIGH,118,15,4,0.0,0.1949,0.0424,0,1,0,3,0,0,ta,1,Tamil,False,False,1.0,1,1,1,0,0.95,False,True,False,False,False,0,0,1,0,1,True,1,0,1.0,1,1,1.0,0,0,0,0,-1.0,False,0,1,0,0,0.0,1.0,0.0,0.0,0.0,True,False,0.0,0,False,False,-1.0,0,0,0,False,1,1,True,1,1,True,-1.0,False,0,5,4,1,1,1,1,0,1,0,0,1.6,False,False,False,0,True,False
feat_tl_post_00433,tl_post_00433,camp_camp_0072,train,HIGH,102,16,3,0.0,0.0882,0.049,0,0,0,1,1,0,hi,2,Devanagari,False,False,1.0,1,1,1,0,0.95,False,False,False,False,True,0,0,1,0,1,True,1,0,1.0,1,1,1.0,0,0,0,0,-1.0,False,0,1,0,0,0.0,1.0,0.0,0.0,0.0,True,False,0.0,0,False,False,-1.0,0,0,0,False,1,1,True,1,1,True,-1.0,False,0,5,4,1,1,1,1,0,1,0,0,1.6,False,False,False,0,True,False
feat_tl_post_00434,tl_post_00434,camp_camp_0072,train,HIGH,121,18,3,0.0337,0.0744,0.0413,0,0,0,1,1,0,ta-en,3,Latin,True,True,1.0,1,1,1,0,0.95,False,False,True,False,False,0,0,1,0,1,True,1,0,1.0,1,1,1.0,0,0,0,0,-1.0,False,0,1,0,0,0.0,1.0,0.0,0.0,0.0,True,False,0.0,0,False,False,-1.0,0,0,0,False,1,1,True,1,1,True,-1.0,False,0,5,4,1,1,1,1,0,1,0,0,1.6,False,False,True,0,True,True
feat_tl_post_00435,tl_post_00435,camp_camp_0072,train,HIGH,118,19,1,0.1034,0.0678,0.0339,0,0,0,1,0,0,hi-en,4,Latin,True,True,1.0,1,1,1,0,0.95,False,False,False,False,False,0,0,1,0,1,True,1,0,1.0,1,1,1.0,0,0,0,0,-1.0,False,0,1,0,0,0.0,1.0,0.0,0.0,0.0,True,False,0.0,0,False,False,-1.0,0,0,0,False,1,1,True,1,1,True,-1.0,False,0,5,4,1,1,1,1,0,1,0,0,1.6,False,False,False,0,True,False
feat_tl_post_00436,tl_post_00436,camp_camp_0072,train,HIGH,132,20,3,0.1471,0.0455,0.0379,0,0,0,0,0,0,en,0,Latin,False,False,1.0,1,1,1,0,0.95,False,False,False,True,False,0,1,1,1,1,True,1,0,1.0,1,1,1.0,0,0,0,0,-1.0,False,0,1,0,0,0.0,1.0,0.0,0.0,0.0,True,False,0.0,0,False,False,-1.0,0,0,0,False,1,1,True,1,1,True,-1.0,False,0,5,4,1,1,1,1,0,1,0,0,1.6,False,False,False,0,False,True
feat_tl_post_00437,tl_post_00437,camp_camp_0072,train,HIGH,131,12,3,0.0,0.0916,0.0229,0,1,0,0,0,0,ta,1,Tamil,False,False,1.0,1,1,1,0,0.95,False,False,False,False,False,0,0,1,0,1,True,1,0,1.0,1,1,1.0,0,0,0,0,-1.0,False,0,1,0,0,0.0,1.0,0.0,0.0,0.0,True,False,0.0,0,False,False,-1.0,0,0,0,False,1,1,True,1,1,True,-1.0,False,0,5,4,1,1,1,1,0,1,0,0,1.6,False,False,False,0,False,False
feat_tl_post_00438,tl_post_00438,camp_camp_0072,train,HIGH,119,20,2,0.0,0.0924,0.0504,0,0,0,1,0,0,hi,2,Devanagari,False,False,1.0,1,1,1,0,0.95,False,False,False,False,False,0,0,1,0,1,True,1,0,1.0,1,1,1.0,0,0,0,0,-1.0,False,0,1,0,0,0.0,1.0,0.0,0.0,0.0,True,False,0.0,0,False,False,-1.0,0,0,0,False,1,1,True,1,1,True,-1.0,False,0,5,4,1,1,1,1,0,1,0,0,1.6,False,False,False,0,True,False
feat_tl_post_00439,tl_post_00439,trans_trans_group_0073,train,LOW,134,24,2,0.1604,0.0,0.0373,0,0,0,0,0,0,en,0,Latin,False,False,1.0,1,1,0,1,0.1,True,False,False,False,False,0,1,0,0,1,True,1,0,1.0,1,1,1.0,0,0,0,0,-1.0,False,1,0,0,0,1.0,0.0,0.0,0.0,1.0,False,True,0.0,0,False,False,-1.0,0,0,0,False,1,1,True,1,1,True,-1.0,False,0,5,4,1,1,1,1,1,0,0,0,1.6,False,False,False,1,False,False
feat_tl_post_00440,tl_post_00440,trans_trans_group_0073,train,INSUFFICIENT,74,12,2,0.0656,0.0,0.027,0,0,0,0,0,0,hi-en,4,Latin,True,True,1.0,1,1,1,0,0.95,False,False,False,False,False,0,0,0,0,1,True,1,0,1.0,1,1,1.0,0,0,0,0,-1.0,False,0,0,0,1,0.0,0.0,0.0,1.0,0.0,False,False,0.0,0,False,False,-1.0,0,0,0,False,1,1,True,1,1,True,-1.0,False,0,5,4,1,1,1,1,0,0,0,1,1.6,False,False,False,0,False,False
feat_tl_post_00441,tl_post_00441,camp_camp_0073,train,HIGH,114,15,2,0.0361,0.0877,0.0526,0,0,0,1,0,0,en,0,Latin,False,False,1.0,1,1,1,0,0.95,True,False,False,False,False,1,0,1,1,1,True,1,0,1.0,1,1,1.0,0,0,0,0,-1.0,False,0,1,0,0,0.0,1.0,0.0,0.0,0.0,True,False,0.0,0,False,False,-1.0,0,0,0,False,1,1,True,1,1,True,-1.0,False,0,5,4,1,1,1,1,0,1,0,0,1.6,True,False,True,1,True,True
feat_tl_post_00442,tl_post_00442,camp_camp_0073,train,HIGH,118,15,4,0.0,0.1949,0.0424,0,1,0,3,0,0,ta,1,Tamil,False,False,1.0,1,1,1,0,0.95,False,True,False,False,False,0,0,1,0,1,True,1,0,1.0,1,1,1.0,0,0,0,0,-1.0,False,0,1,0,0,0.0,1.0,0.0,0.0,0.0,True,False,0.0,0,False,False,-1.0,0,0,0,False,1,1,True,1,1,True,-1.0,False,0,5,4,1,1,1,1,0,1,0,0,1.6,False,False,False,0,True,False
feat_tl_post_00443,tl_post_00443,camp_camp_0073,train,HIGH,102,16,3,0.0,0.0882,0.049,0,0,0,1,1,0,hi,2,Devanagari,False,False,1.0,1,1,1,0,0.95,False,False,False,False,True,0,0,1,0,1,True,1,0,1.0,1,1,1.0,0,0,0,0,-1.0,False,0,1,0,0,0.0,1.0,0.0,0.0,0.0,True,False,0.0,0,False,False,-1.0,0,0,0,False,1,1,True,1,1,True,-1.0,False,0,5,4,1,1,1,1,0,1,0,0,1.6,False,False,False,0,True,False
feat_tl_post_00444,tl_post_00444,camp_camp_0073,train,HIGH,121,18,3,0.0337,0.0744,0.0413,0,0,0,1,1,0,ta-en,3,Latin,True,True,1.0,1,1,1,0,0.95,False,False,True,False,False,0,0,1,0,1,True,1,0,1.0,1,1,1.0,0,0,0,0,-1.0,False,0,1,0,0,0.0,1.0,0.0,0.0,0.0,True,False,0.0,0,False,False,-1.0,0,0,0,False,1,1,True,1,1,True,-1.0,False,0,5,4,1,1,1,1,0,1,0,0,1.6,False,False,True,0,True,True
feat_tl_post_00445,tl_post_00445,camp_camp_0074,train,HIGH,118,19,1,0.1034,0.0678,0.0339,0,0,0,1,0,0,hi-en,4,Latin,True,True,1.0,1,1,1,0,0.95,False,False,False,False,False,0,0,1,0,1,True,1,0,1.0,1,1,1.0,0,0,0,0,-1.0,False,0,1,0,0,0.0,1.0,0.0,0.0,0.0,True,False,0.0,0,False,False,-1.0,0,0,0,False,1,1,True,1,1,True,-1.0,False,0,5,4,1,1,1,1,0,1,0,0,1.6,False,False,False,0,True,False
feat_tl_post_00446,tl_post_00446,camp_camp_0074,train,HIGH,132,20,3,0.1471,0.0455,0.0379,0,0,0,0,0,0,en,0,Latin,False,False,1.0,1,1,1,0,0.95,False,False,False,True,False,0,1,1,1,1,True,1,0,1.0,1,1,1.0,0,0,0,0,-1.0,False,0,1,0,0,0.0,1.0,0.0,0.0,0.0,True,False,0.0,0,False,False,-1.0,0,0,0,False,1,1,True,1,1,True,-1.0,False,0,5,4,1,1,1,1,0,1,0,0,1.6,False,False,False,0,False,True
feat_tl_post_00447,tl_post_00447,camp_camp_0074,train,HIGH,131,12,3,0.0,0.0916,0.0229,0,1,0,0,0,0,ta,1,Tamil,False,False,1.0,1,1,1,0,0.95,False,False,False,False,False,0,0,1,0,1,True,1,0,1.0,1,1,1.0,0,0,0,0,-1.0,False,0,1,0,0,0.0,1.0,0.0,0.0,0.0,True,False,0.0,0,False,False,-1.0,0,0,0,False,1,1,True,1,1,True,-1.0,False,0,5,4,1,1,1,1,0,1,0,0,1.6,False,False,False,0,False,False
feat_tl_post_00448,tl_post_00448,camp_camp_0074,train,HIGH,119,20,2,0.0,0.0924,0.0504,0,0,0,1,0,0,hi,2,Devanagari,False,False,1.0,1,1,1,0,0.95,False,False,False,False,False,0,0,1,0,1,True,1,0,1.0,1,1,1.0,0,0,0,0,-1.0,False,0,1,0,0,0.0,1.0,0.0,0.0,0.0,True,False,0.0,0,False,False,-1.0,0,0,0,False,1,1,True,1,1,True,-1.0,False,0,5,4,1,1,1,1,0,1,0,0,1.6,False,False,False,0,True,False
feat_tl_post_00449,tl_post_00449,trans_trans_group_0074,train,LOW,130,16,4,0.0455,0.0,0.0385,0,0,0,0,0,0,ta-en,3,Latin,True,True,1.0,1,1,0,1,0.1,True,False,False,False,False,0,0,0,0,1,True,1,0,1.0,1,1,1.0,0,0,0,0,-1.0,False,1,0,0,0,1.0,0.0,0.0,0.0,1.0,False,True,0.0,0,False,False,-1.0,0,0,0,False,1,1,True,1,1,True,-1.0,False,0,5,4,1,1,1,1,1,0,0,0,1.6,False,False,False,1,False,False
feat_tl_post_00450,tl_post_00450,trans_trans_group_0074,train,INSUFFICIENT,74,12,2,0.0656,0.0,0.027,0,0,0,0,0,0,hi-en,4,Latin,True,True,1.0,1,1,1,0,0.95,False,False,False,False,False,0,0,0,0,1,True,1,0,1.0,1,1,1.0,0,0,0,0,-1.0,False,0,0,0,1,0.0,0.0,0.0,1.0,0.0,False,False,0.0,0,False,False,-1.0,0,0,0,False,1,1,True,1,1,True,-1.0,False,0,5,4,1,1,1,1,0,0,0,1,1.6,False,False,False,0,False,False
feat_tl_post_00451,tl_post_00451,camp_camp_0075,train,HIGH,114,15,2,0.0361,0.0877,0.0526,0,0,0,1,0,0,en,0,Latin,False,False,1.0,1,1,1,0,0.95,True,False,False,False,False,1,0,1,1,1,True,1,0,1.0,1,1,1.0,0,0,0,0,-1.0,False,0,1,0,0,0.0,1.0,0.0,0.0,0.0,True,False,0.0,0,False,False,-1.0,0,0,0,False,1,1,True,1,1,True,-1.0,False,0,5,4,1,1,1,1,0,1,0,0,1.6,True,False,True,1,True,True
feat_tl_post_00452,tl_post_00452,camp_camp_0075,train,HIGH,118,15,4,0.0,0.1949,0.0424,0,1,0,3,0,0,ta,1,Tamil,False,False,1.0,1,1,1,0,0.95,False,True,False,False,False,0,0,1,0,1,True,1,0,1.0,1,1,1.0,0,0,0,0,-1.0,False,0,1,0,0,0.0,1.0,0.0,0.0,0.0,True,False,0.0,0,False,False,-1.0,0,0,0,False,1,1,True,1,1,True,-1.0,False,0,5,4,1,1,1,1,0,1,0,0,1.6,False,False,False,0,True,False
feat_tl_post_00453,tl_post_00453,camp_camp_0075,train,HIGH,102,16,3,0.0,0.0882,0.049,0,0,0,1,1,0,hi,2,Devanagari,False,False,1.0,1,1,1,0,0.95,False,False,False,False,True,0,0,1,0,1,True,1,0,1.0,1,1,1.0,0,0,0,0,-1.0,False,0,1,0,0,0.0,1.0,0.0,0.0,0.0,True,False,0.0,0,False,False,-1.0,0,0,0,False,1,1,True,1,1,True,-1.0,False,0,5,4,1,1,1,1,0,1,0,0,1.6,False,False,False,0,True,False
feat_tl_post_00454,tl_post_00454,camp_camp_0075,train,HIGH,121,18,3,0.0337,0.0744,0.0413,0,0,0,1,1,0,ta-en,3,Latin,True,True,1.0,1,1,1,0,0.95,False,False,True,False,False,0,0,1,0,1,True,1,0,1.0,1,1,1.0,0,0,0,0,-1.0,False,0,1,0,0,0.0,1.0,0.0,0.0,0.0,True,False,0.0,0,False,False,-1.0,0,0,0,False,1,1,True,1,1,True,-1.0,False,0,5,4,1,1,1,1,0,1,0,0,1.6,False,False,True,0,True,True
feat_tl_post_00455,tl_post_00455,camp_camp_0075,train,HIGH,118,19,1,0.1034,0.0678,0.0339,0,0,0,1,0,0,hi-en,4,Latin,True,True,1.0,1,1,1,0,0.95,False,False,False,False,False,0,0,1,0,1,True,1,0,1.0,1,1,1.0,0,0,0,0,-1.0,False,0,1,0,0,0.0,1.0,0.0,0.0,0.0,True,False,0.0,0,False,False,-1.0,0,0,0,False,1,1,True,1,1,True,-1.0,False,0,5,4,1,1,1,1,0,1,0,0,1.6,False,False,False,0,True,False
feat_tl_post_00456,tl_post_00456,camp_camp_0075,train,HIGH,132,20,3,0.1471,0.0455,0.0379,0,0,0,0,0,0,en,0,Latin,False,False,1.0,1,1,1,0,0.95,False,False,False,True,False,0,1,1,1,1,True,1,0,1.0,1,1,1.0,0,0,0,0,-1.0,False,0,1,0,0,0.0,1.0,0.0,0.0,0.0,True,False,0.0,0,False,False,-1.0,0,0,0,False,1,1,True,1,1,True,-1.0,False,0,5,4,1,1,1,1,0,1,0,0,1.6,False,False,False,0,False,True
feat_tl_post_00457,tl_post_00457,camp_camp_0076,train,HIGH,131,12,3,0.0,0.0916,0.0229,0,1,0,0,0,0,ta,1,Tamil,False,False,1.0,1,1,1,0,0.95,False,False,False,False,False,0,0,1,0,1,True,1,0,1.0,1,1,1.0,0,0,0,0,-1.0,False,0,1,0,0,0.0,1.0,0.0,0.0,0.0,True,False,0.0,0,False,False,-1.0,0,0,0,False,1,1,True,1,1,True,-1.0,False,0,5,4,1,1,1,1,0,1,0,0,1.6,False,False,False,0,False,False
feat_tl_post_00458,tl_post_00458,camp_camp_0076,train,HIGH,119,20,2,0.0,0.0924,0.0504,0,0,0,1,0,0,hi,2,Devanagari,False,False,1.0,1,1,1,0,0.95,False,False,False,False,False,0,0,1,0,1,True,1,0,1.0,1,1,1.0,0,0,0,0,-1.0,False,0,1,0,0,0.0,1.0,0.0,0.0,0.0,True,False,0.0,0,False,False,-1.0,0,0,0,False,1,1,True,1,1,True,-1.0,False,0,5,4,1,1,1,1,0,1,0,0,1.6,False,False,False,0,True,False
feat_tl_post_00459,tl_post_00459,trans_trans_group_0076,train,LOW,114,21,1,0.0,0.0,0.0088,0,0,0,0,0,0,hi,2,Devanagari,False,False,1.0,1,1,0,1,0.1,True,False,False,False,False,0,0,0,0,1,True,1,0,1.0,1,1,1.0,0,0,0,0,-1.0,False,1,0,0,0,1.0,0.0,0.0,0.0,1.0,False,True,0.0,0,False,False,-1.0,0,0,0,False,1,1,True,1,1,True,-1.0,False,0,5,4,1,1,1,1,1,0,0,0,1.6,False,False,False,1,False,False
feat_tl_post_00460,tl_post_00460,trans_trans_group_0076,train,INSUFFICIENT,74,12,2,0.0656,0.0,0.027,0,0,0,0,0,0,hi-en,4,Latin,True,True,1.0,1,1,1,0,0.95,False,False,False,False,False,0,0,0,0,1,True,1,0,1.0,1,1,1.0,0,0,0,0,-1.0,False,0,0,0,1,0.0,0.0,0.0,1.0,0.0,False,False,0.0,0,False,False,-1.0,0,0,0,False,1,1,True,1,1,True,-1.0,False,0,5,4,1,1,1,1,0,0,0,1,1.6,False,False,False,0,False,False
feat_tl_post_00461,tl_post_00461,camp_camp_0076,train,HIGH,114,15,2,0.0361,0.0877,0.0526,0,0,0,1,0,0,en,0,Latin,False,False,1.0,1,1,1,0,0.95,True,False,False,False,False,1,0,1,1,1,True,1,0,1.0,1,1,1.0,0,0,0,0,-1.0,False,0,1,0,0,0.0,1.0,0.0,0.0,0.0,True,False,0.0,0,False,False,-1.0,0,0,0,False,1,1,True,1,1,True,-1.0,False,0,5,4,1,1,1,1,0,1,0,0,1.6,True,False,True,1,True,True
feat_tl_post_00462,tl_post_00462,camp_camp_0076,train,HIGH,118,15,4,0.0,0.1949,0.0424,0,1,0,3,0,0,ta,1,Tamil,False,False,1.0,1,1,1,0,0.95,False,True,False,False,False,0,0,1,0,1,True,1,0,1.0,1,1,1.0,0,0,0,0,-1.0,False,0,1,0,0,0.0,1.0,0.0,0.0,0.0,True,False,0.0,0,False,False,-1.0,0,0,0,False,1,1,True,1,1,True,-1.0,False,0,5,4,1,1,1,1,0,1,0,0,1.6,False,False,False,0,True,False
feat_tl_post_00463,tl_post_00463,camp_camp_0077,train,HIGH,102,16,3,0.0,0.0882,0.049,0,0,0,1,1,0,hi,2,Devanagari,False,False,1.0,1,1,1,0,0.95,False,False,False,False,True,0,0,1,0,1,True,1,0,1.0,1,1,1.0,0,0,0,0,-1.0,False,0,1,0,0,0.0,1.0,0.0,0.0,0.0,True,False,0.0,0,False,False,-1.0,0,0,0,False,1,1,True,1,1,True,-1.0,False,0,5,4,1,1,1,1,0,1,0,0,1.6,False,False,False,0,True,False
feat_tl_post_00464,tl_post_00464,camp_camp_0077,train,HIGH,121,18,3,0.0337,0.0744,0.0413,0,0,0,1,1,0,ta-en,3,Latin,True,True,1.0,1,1,1,0,0.95,False,False,True,False,False,0,0,1,0,1,True,1,0,1.0,1,1,1.0,0,0,0,0,-1.0,False,0,1,0,0,0.0,1.0,0.0,0.0,0.0,True,False,0.0,0,False,False,-1.0,0,0,0,False,1,1,True,1,1,True,-1.0,False,0,5,4,1,1,1,1,0,1,0,0,1.6,False,False,True,0,True,True
feat_tl_post_00465,tl_post_00465,camp_camp_0077,train,HIGH,118,19,1,0.1034,0.0678,0.0339,0,0,0,1,0,0,hi-en,4,Latin,True,True,1.0,1,1,1,0,0.95,False,False,False,False,False,0,0,1,0,1,True,1,0,1.0,1,1,1.0,0,0,0,0,-1.0,False,0,1,0,0,0.0,1.0,0.0,0.0,0.0,True,False,0.0,0,False,False,-1.0,0,0,0,False,1,1,True,1,1,True,-1.0,False,0,5,4,1,1,1,1,0,1,0,0,1.6,False,False,False,0,True,False
feat_tl_post_00466,tl_post_00466,camp_camp_0077,train,HIGH,132,20,3,0.1471,0.0455,0.0379,0,0,0,0,0,0,en,0,Latin,False,False,1.0,1,1,1,0,0.95,False,False,False,True,False,0,1,1,1,1,True,1,0,1.0,1,1,1.0,0,0,0,0,-1.0,False,0,1,0,0,0.0,1.0,0.0,0.0,0.0,True,False,0.0,0,False,False,-1.0,0,0,0,False,1,1,True,1,1,True,-1.0,False,0,5,4,1,1,1,1,0,1,0,0,1.6,False,False,False,0,False,True
feat_tl_post_00467,tl_post_00467,camp_camp_0077,train,HIGH,131,12,3,0.0,0.0916,0.0229,0,1,0,0,0,0,ta,1,Tamil,False,False,1.0,1,1,1,0,0.95,False,False,False,False,False,0,0,1,0,1,True,1,0,1.0,1,1,1.0,0,0,0,0,-1.0,False,0,1,0,0,0.0,1.0,0.0,0.0,0.0,True,False,0.0,0,False,False,-1.0,0,0,0,False,1,1,True,1,1,True,-1.0,False,0,5,4,1,1,1,1,0,1,0,0,1.6,False,False,False,0,False,False
feat_tl_post_00468,tl_post_00468,camp_camp_0077,train,HIGH,119,20,2,0.0,0.0924,0.0504,0,0,0,1,0,0,hi,2,Devanagari,False,False,1.0,1,1,1,0,0.95,False,False,False,False,False,0,0,1,0,1,True,1,0,1.0,1,1,1.0,0,0,0,0,-1.0,False,0,1,0,0,0.0,1.0,0.0,0.0,0.0,True,False,0.0,0,False,False,-1.0,0,0,0,False,1,1,True,1,1,True,-1.0,False,0,5,4,1,1,1,1,0,1,0,0,1.6,False,False,False,0,True,False
feat_tl_post_00469,tl_post_00469,trans_trans_group_0078,train,LOW,134,24,2,0.1604,0.0,0.0373,0,0,0,0,0,0,en,0,Latin,False,False,1.0,1,1,0,1,0.1,True,False,False,False,False,0,1,0,0,1,True,1,0,1.0,1,1,1.0,0,0,0,0,-1.0,False,1,0,0,0,1.0,0.0,0.0,0.0,1.0,False,True,0.0,0,False,False,-1.0,0,0,0,False,1,1,True,1,1,True,-1.0,False,0,5,4,1,1,1,1,1,0,0,0,1.6,False,False,False,1,False,False
feat_tl_post_00470,tl_post_00470,trans_trans_group_0078,train,INSUFFICIENT,74,12,2,0.0656,0.0,0.027,0,0,0,0,0,0,hi-en,4,Latin,True,True,1.0,1,1,1,0,0.95,False,False,False,False,False,0,0,0,0,1,True,1,0,1.0,1,1,1.0,0,0,0,0,-1.0,False,0,0,0,1,0.0,0.0,0.0,1.0,0.0,False,False,0.0,0,False,False,-1.0,0,0,0,False,1,1,True,1,1,True,-1.0,False,0,5,4,1,1,1,1,0,0,0,1,1.6,False,False,False,0,False,False
feat_tl_post_00471,tl_post_00471,camp_camp_0078,train,HIGH,114,15,2,0.0361,0.0877,0.0526,0,0,0,1,0,0,en,0,Latin,False,False,1.0,1,1,1,0,0.95,True,False,False,False,False,1,0,1,1,1,True,1,0,1.0,1,1,1.0,0,0,0,0,-1.0,False,0,1,0,0,0.0,1.0,0.0,0.0,0.0,True,False,0.0,0,False,False,-1.0,0,0,0,False,1,1,True,1,1,True,-1.0,False,0,5,4,1,1,1,1,0,1,0,0,1.6,True,False,True,1,True,True
feat_tl_post_00472,tl_post_00472,camp_camp_0078,train,HIGH,118,15,4,0.0,0.1949,0.0424,0,1,0,3,0,0,ta,1,Tamil,False,False,1.0,1,1,1,0,0.95,False,True,False,False,False,0,0,1,0,1,True,1,0,1.0,1,1,1.0,0,0,0,0,-1.0,False,0,1,0,0,0.0,1.0,0.0,0.0,0.0,True,False,0.0,0,False,False,-1.0,0,0,0,False,1,1,True,1,1,True,-1.0,False,0,5,4,1,1,1,1,0,1,0,0,1.6,False,False,False,0,True,False
feat_tl_post_00473,tl_post_00473,camp_camp_0078,train,HIGH,102,16,3,0.0,0.0882,0.049,0,0,0,1,1,0,hi,2,Devanagari,False,False,1.0,1,1,1,0,0.95,False,False,False,False,True,0,0,1,0,1,True,1,0,1.0,1,1,1.0,0,0,0,0,-1.0,False,0,1,0,0,0.0,1.0,0.0,0.0,0.0,True,False,0.0,0,False,False,-1.0,0,0,0,False,1,1,True,1,1,True,-1.0,False,0,5,4,1,1,1,1,0,1,0,0,1.6,False,False,False,0,True,False
feat_tl_post_00474,tl_post_00474,camp_camp_0078,train,HIGH,121,18,3,0.0337,0.0744,0.0413,0,0,0,1,1,0,ta-en,3,Latin,True,True,1.0,1,1,1,0,0.95,False,False,True,False,False,0,0,1,0,1,True,1,0,1.0,1,1,1.0,0,0,0,0,-1.0,False,0,1,0,0,0.0,1.0,0.0,0.0,0.0,True,False,0.0,0,False,False,-1.0,0,0,0,False,1,1,True,1,1,True,-1.0,False,0,5,4,1,1,1,1,0,1,0,0,1.6,False,False,True,0,True,True
feat_tl_post_00475,tl_post_00475,camp_camp_0079,train,HIGH,118,19,1,0.1034,0.0678,0.0339,0,0,0,1,0,0,hi-en,4,Latin,True,True,1.0,1,1,1,0,0.95,False,False,False,False,False,0,0,1,0,1,True,1,0,1.0,1,1,1.0,0,0,0,0,-1.0,False,0,1,0,0,0.0,1.0,0.0,0.0,0.0,True,False,0.0,0,False,False,-1.0,0,0,0,False,1,1,True,1,1,True,-1.0,False,0,5,4,1,1,1,1,0,1,0,0,1.6,False,False,False,0,True,False
feat_tl_post_00476,tl_post_00476,camp_camp_0079,train,HIGH,132,20,3,0.1471,0.0455,0.0379,0,0,0,0,0,0,en,0,Latin,False,False,1.0,1,1,1,0,0.95,False,False,False,True,False,0,1,1,1,1,True,1,0,1.0,1,1,1.0,0,0,0,0,-1.0,False,0,1,0,0,0.0,1.0,0.0,0.0,0.0,True,False,0.0,0,False,False,-1.0,0,0,0,False,1,1,True,1,1,True,-1.0,False,0,5,4,1,1,1,1,0,1,0,0,1.6,False,False,False,0,False,True
feat_tl_post_00477,tl_post_00477,camp_camp_0079,train,HIGH,131,12,3,0.0,0.0916,0.0229,0,1,0,0,0,0,ta,1,Tamil,False,False,1.0,1,1,1,0,0.95,False,False,False,False,False,0,0,1,0,1,True,1,0,1.0,1,1,1.0,0,0,0,0,-1.0,False,0,1,0,0,0.0,1.0,0.0,0.0,0.0,True,False,0.0,0,False,False,-1.0,0,0,0,False,1,1,True,1,1,True,-1.0,False,0,5,4,1,1,1,1,0,1,0,0,1.6,False,False,False,0,False,False
feat_tl_post_00478,tl_post_00478,camp_camp_0079,train,HIGH,119,20,2,0.0,0.0924,0.0504,0,0,0,1,0,0,hi,2,Devanagari,False,False,1.0,1,1,1,0,0.95,False,False,False,False,False,0,0,1,0,1,True,1,0,1.0,1,1,1.0,0,0,0,0,-1.0,False,0,1,0,0,0.0,1.0,0.0,0.0,0.0,True,False,0.0,0,False,False,-1.0,0,0,0,False,1,1,True,1,1,True,-1.0,False,0,5,4,1,1,1,1,0,1,0,0,1.6,False,False,False,0,True,False
feat_tl_post_00479,tl_post_00479,trans_trans_group_0079,train,LOW,130,16,4,0.0455,0.0,0.0385,0,0,0,0,0,0,ta-en,3,Latin,True,True,1.0,1,1,0,1,0.1,True,False,False,False,False,0,0,0,0,1,True,1,0,1.0,1,1,1.0,0,0,0,0,-1.0,False,1,0,0,0,1.0,0.0,0.0,0.0,1.0,False,True,0.0,0,False,False,-1.0,0,0,0,False,1,1,True,1,1,True,-1.0,False,0,5,4,1,1,1,1,1,0,0,0,1.6,False,False,False,1,False,False
feat_tl_post_00480,tl_post_00480,trans_trans_group_0079,train,INSUFFICIENT,74,12,2,0.0656,0.0,0.027,0,0,0,0,0,0,hi-en,4,Latin,True,True,1.0,1,1,1,0,0.95,False,False,False,False,False,0,0,0,0,1,True,1,0,1.0,1,1,1.0,0,0,0,0,-1.0,False,0,0,0,1,0.0,0.0,0.0,1.0,0.0,False,False,0.0,0,False,False,-1.0,0,0,0,False,1,1,True,1,1,True,-1.0,False,0,5,4,1,1,1,1,0,0,0,1,1.6,False,False,False,0,False,False
feat_tl_post_00481,tl_post_00481,camp_camp_0080,train,HIGH,114,15,2,0.0361,0.0877,0.0526,0,0,0,1,0,0,en,0,Latin,False,False,1.0,1,1,1,0,0.95,True,False,False,False,False,1,0,1,1,1,True,1,0,1.0,1,1,1.0,0,0,0,0,-1.0,False,0,1,0,0,0.0,1.0,0.0,0.0,0.0,True,False,0.0,0,False,False,-1.0,0,0,0,False,1,1,True,1,1,True,-1.0,False,0,5,4,1,1,1,1,0,1,0,0,1.6,True,False,True,1,True,True
feat_tl_post_00482,tl_post_00482,camp_camp_0080,train,HIGH,118,15,4,0.0,0.1949,0.0424,0,1,0,3,0,0,ta,1,Tamil,False,False,1.0,1,1,1,0,0.95,False,True,False,False,False,0,0,1,0,1,True,1,0,1.0,1,1,1.0,0,0,0,0,-1.0,False,0,1,0,0,0.0,1.0,0.0,0.0,0.0,True,False,0.0,0,False,False,-1.0,0,0,0,False,1,1,True,1,1,True,-1.0,False,0,5,4,1,1,1,1,0,1,0,0,1.6,False,False,False,0,True,False
feat_tl_post_00483,tl_post_00483,camp_camp_0080,train,HIGH,102,16,3,0.0,0.0882,0.049,0,0,0,1,1,0,hi,2,Devanagari,False,False,1.0,1,1,1,0,0.95,False,False,False,False,True,0,0,1,0,1,True,1,0,1.0,1,1,1.0,0,0,0,0,-1.0,False,0,1,0,0,0.0,1.0,0.0,0.0,0.0,True,False,0.0,0,False,False,-1.0,0,0,0,False,1,1,True,1,1,True,-1.0,False,0,5,4,1,1,1,1,0,1,0,0,1.6,False,False,False,0,True,False
feat_tl_post_00484,tl_post_00484,camp_camp_0080,train,HIGH,121,18,3,0.0337,0.0744,0.0413,0,0,0,1,1,0,ta-en,3,Latin,True,True,1.0,1,1,1,0,0.95,False,False,True,False,False,0,0,1,0,1,True,1,0,1.0,1,1,1.0,0,0,0,0,-1.0,False,0,1,0,0,0.0,1.0,0.0,0.0,0.0,True,False,0.0,0,False,False,-1.0,0,0,0,False,1,1,True,1,1,True,-1.0,False,0,5,4,1,1,1,1,0,1,0,0,1.6,False,False,True,0,True,True
feat_tl_post_00485,tl_post_00485,camp_camp_0080,train,HIGH,118,19,1,0.1034,0.0678,0.0339,0,0,0,1,0,0,hi-en,4,Latin,True,True,1.0,1,1,1,0,0.95,False,False,False,False,False,0,0,1,0,1,True,1,0,1.0,1,1,1.0,0,0,0,0,-1.0,False,0,1,0,0,0.0,1.0,0.0,0.0,0.0,True,False,0.0,0,False,False,-1.0,0,0,0,False,1,1,True,1,1,True,-1.0,False,0,5,4,1,1,1,1,0,1,0,0,1.6,False,False,False,0,True,False
feat_tl_post_00486,tl_post_00486,camp_camp_0080,train,HIGH,132,20,3,0.1471,0.0455,0.0379,0,0,0,0,0,0,en,0,Latin,False,False,1.0,1,1,1,0,0.95,False,False,False,True,False,0,1,1,1,1,True,1,0,1.0,1,1,1.0,0,0,0,0,-1.0,False,0,1,0,0,0.0,1.0,0.0,0.0,0.0,True,False,0.0,0,False,False,-1.0,0,0,0,False,1,1,True,1,1,True,-1.0,False,0,5,4,1,1,1,1,0,1,0,0,1.6,False,False,False,0,False,True
feat_tl_post_00487,tl_post_00487,camp_camp_0081,train,HIGH,131,12,3,0.0,0.0916,0.0229,0,1,0,0,0,0,ta,1,Tamil,False,False,1.0,1,1,1,0,0.95,False,False,False,False,False,0,0,1,0,1,True,1,0,1.0,1,1,1.0,0,0,0,0,-1.0,False,0,1,0,0,0.0,1.0,0.0,0.0,0.0,True,False,0.0,0,False,False,-1.0,0,0,0,False,1,1,True,1,1,True,-1.0,False,0,5,4,1,1,1,1,0,1,0,0,1.6,False,False,False,0,False,False
feat_tl_post_00488,tl_post_00488,camp_camp_0081,train,HIGH,119,20,2,0.0,0.0924,0.0504,0,0,0,1,0,0,hi,2,Devanagari,False,False,1.0,1,1,1,0,0.95,False,False,False,False,False,0,0,1,0,1,True,1,0,1.0,1,1,1.0,0,0,0,0,-1.0,False,0,1,0,0,0.0,1.0,0.0,0.0,0.0,True,False,0.0,0,False,False,-1.0,0,0,0,False,1,1,True,1,1,True,-1.0,False,0,5,4,1,1,1,1,0,1,0,0,1.6,False,False,False,0,True,False
feat_tl_post_00489,tl_post_00489,trans_trans_group_0081,train,LOW,114,21,1,0.0,0.0,0.0088,0,0,0,0,0,0,hi,2,Devanagari,False,False,1.0,1,1,0,1,0.1,True,False,False,False,False,0,0,0,0,1,True,1,0,1.0,1,1,1.0,0,0,0,0,-1.0,False,1,0,0,0,1.0,0.0,0.0,0.0,1.0,False,True,0.0,0,False,False,-1.0,0,0,0,False,1,1,True,1,1,True,-1.0,False,0,5,4,1,1,1,1,1,0,0,0,1.6,False,False,False,1,False,False
feat_tl_post_00490,tl_post_00490,trans_trans_group_0081,train,INSUFFICIENT,74,12,2,0.0656,0.0,0.027,0,0,0,0,0,0,hi-en,4,Latin,True,True,1.0,1,1,1,0,0.95,False,False,False,False,False,0,0,0,0,1,True,1,0,1.0,1,1,1.0,0,0,0,0,-1.0,False,0,0,0,1,0.0,0.0,0.0,1.0,0.0,False,False,0.0,0,False,False,-1.0,0,0,0,False,1,1,True,1,1,True,-1.0,False,0,5,4,1,1,1,1,0,0,0,1,1.6,False,False,False,0,False,False
feat_tl_post_00491,tl_post_00491,camp_camp_0081,train,HIGH,114,15,2,0.0361,0.0877,0.0526,0,0,0,1,0,0,en,0,Latin,False,False,1.0,1,1,1,0,0.95,True,False,False,False,False,1,0,1,1,1,True,1,0,1.0,1,1,1.0,0,0,0,0,-1.0,False,0,1,0,0,0.0,1.0,0.0,0.0,0.0,True,False,0.0,0,False,False,-1.0,0,0,0,False,1,1,True,1,1,True,-1.0,False,0,5,4,1,1,1,1,0,1,0,0,1.6,True,False,True,1,True,True
feat_tl_post_00492,tl_post_00492,camp_camp_0081,train,HIGH,118,15,4,0.0,0.1949,0.0424,0,1,0,3,0,0,ta,1,Tamil,False,False,1.0,1,1,1,0,0.95,False,True,False,False,False,0,0,1,0,1,True,1,0,1.0,1,1,1.0,0,0,0,0,-1.0,False,0,1,0,0,0.0,1.0,0.0,0.0,0.0,True,False,0.0,0,False,False,-1.0,0,0,0,False,1,1,True,1,1,True,-1.0,False,0,5,4,1,1,1,1,0,1,0,0,1.6,False,False,False,0,True,False
feat_tl_post_00493,tl_post_00493,camp_camp_0082,train,HIGH,102,16,3,0.0,0.0882,0.049,0,0,0,1,1,0,hi,2,Devanagari,False,False,1.0,1,1,1,0,0.95,False,False,False,False,True,0,0,1,0,1,True,1,0,1.0,1,1,1.0,0,0,0,0,-1.0,False,0,1,0,0,0.0,1.0,0.0,0.0,0.0,True,False,0.0,0,False,False,-1.0,0,0,0,False,1,1,True,1,1,True,-1.0,False,0,5,4,1,1,1,1,0,1,0,0,1.6,False,False,False,0,True,False
feat_tl_post_00494,tl_post_00494,camp_camp_0082,train,HIGH,121,18,3,0.0337,0.0744,0.0413,0,0,0,1,1,0,ta-en,3,Latin,True,True,1.0,1,1,1,0,0.95,False,False,True,False,False,0,0,1,0,1,True,1,0,1.0,1,1,1.0,0,0,0,0,-1.0,False,0,1,0,0,0.0,1.0,0.0,0.0,0.0,True,False,0.0,0,False,False,-1.0,0,0,0,False,1,1,True,1,1,True,-1.0,False,0,5,4,1,1,1,1,0,1,0,0,1.6,False,False,True,0,True,True
feat_tl_post_00495,tl_post_00495,camp_camp_0082,train,HIGH,118,19,1,0.1034,0.0678,0.0339,0,0,0,1,0,0,hi-en,4,Latin,True,True,1.0,1,1,1,0,0.95,False,False,False,False,False,0,0,1,0,1,True,1,0,1.0,1,1,1.0,0,0,0,0,-1.0,False,0,1,0,0,0.0,1.0,0.0,0.0,0.0,True,False,0.0,0,False,False,-1.0,0,0,0,False,1,1,True,1,1,True,-1.0,False,0,5,4,1,1,1,1,0,1,0,0,1.6,False,False,False,0,True,False
feat_tl_post_00496,tl_post_00496,camp_camp_0082,train,HIGH,132,20,3,0.1471,0.0455,0.0379,0,0,0,0,0,0,en,0,Latin,False,False,1.0,1,1,1,0,0.95,False,False,False,True,False,0,1,1,1,1,True,1,0,1.0,1,1,1.0,0,0,0,0,-1.0,False,0,1,0,0,0.0,1.0,0.0,0.0,0.0,True,False,0.0,0,False,False,-1.0,0,0,0,False,1,1,True,1,1,True,-1.0,False,0,5,4,1,1,1,1,0,1,0,0,1.6,False,False,False,0,False,True
feat_tl_post_00497,tl_post_00497,camp_camp_0082,train,HIGH,131,12,3,0.0,0.0916,0.0229,0,1,0,0,0,0,ta,1,Tamil,False,False,1.0,1,1,1,0,0.95,False,False,False,False,False,0,0,1,0,1,True,1,0,1.0,1,1,1.0,0,0,0,0,-1.0,False,0,1,0,0,0.0,1.0,0.0,0.0,0.0,True,False,0.0,0,False,False,-1.0,0,0,0,False,1,1,True,1,1,True,-1.0,False,0,5,4,1,1,1,1,0,1,0,0,1.6,False,False,False,0,False,False
feat_tl_post_00498,tl_post_00498,camp_camp_0082,train,HIGH,119,20,2,0.0,0.0924,0.0504,0,0,0,1,0,0,hi,2,Devanagari,False,False,1.0,1,1,1,0,0.95,False,False,False,False,False,0,0,1,0,1,True,1,0,1.0,1,1,1.0,0,0,0,0,-1.0,False,0,1,0,0,0.0,1.0,0.0,0.0,0.0,True,False,0.0,0,False,False,-1.0,0,0,0,False,1,1,True,1,1,True,-1.0,False,0,5,4,1,1,1,1,0,1,0,0,1.6,False,False,False,0,True,False
feat_tl_post_00499,tl_post_00499,trans_trans_group_0083,train,LOW,134,24,2,0.1604,0.0,0.0373,0,0,0,0,0,0,en,0,Latin,False,False,1.0,1,1,0,1,0.1,True,False,False,False,False,0,1,0,0,1,True,1,0,1.0,1,1,1.0,0,0,0,0,-1.0,False,1,0,0,0,1.0,0.0,0.0,0.0,1.0,False,True,0.0,0,False,False,-1.0,0,0,0,False,1,1,True,1,1,True,-1.0,False,0,5,4,1,1,1,1,1,0,0,0,1.6,False,False,False,1,False,False
feat_tl_post_00500,tl_post_00500,trans_trans_group_0083,train,INSUFFICIENT,74,12,2,0.0656,0.0,0.027,0,0,0,0,0,0,hi-en,4,Latin,True,True,1.0,1,1,1,0,0.95,False,False,False,False,False,0,0,0,0,1,True,1,0,1.0,1,1,1.0,0,0,0,0,-1.0,False,0,0,0,1,0.0,0.0,0.0,1.0,0.0,False,False,0.0,0,False,False,-1.0,0,0,0,False,1,1,True,1,1,True,-1.0,False,0,5,4,1,1,1,1,0,0,0,1,1.6,False,False,False,0,False,False
feat_tl_post_00501,tl_post_00501,camp_camp_0083,train,HIGH,114,15,2,0.0361,0.0877,0.0526,0,0,0,1,0,0,en,0,Latin,False,False,1.0,1,1,1,0,0.95,True,False,False,False,False,1,0,1,1,1,True,1,0,1.0,1,1,1.0,0,0,0,0,-1.0,False,0,1,0,0,0.0,1.0,0.0,0.0,0.0,True,False,0.0,0,False,False,-1.0,0,0,0,False,1,1,True,1,1,True,-1.0,False,0,5,4,1,1,1,1,0,1,0,0,1.6,True,False,True,1,True,True
feat_tl_post_00502,tl_post_00502,camp_camp_0083,train,HIGH,118,15,4,0.0,0.1949,0.0424,0,1,0,3,0,0,ta,1,Tamil,False,False,1.0,1,1,1,0,0.95,False,True,False,False,False,0,0,1,0,1,True,1,0,1.0,1,1,1.0,0,0,0,0,-1.0,False,0,1,0,0,0.0,1.0,0.0,0.0,0.0,True,False,0.0,0,False,False,-1.0,0,0,0,False,1,1,True,1,1,True,-1.0,False,0,5,4,1,1,1,1,0,1,0,0,1.6,False,False,False,0,True,False
feat_tl_post_00503,tl_post_00503,camp_camp_0083,train,HIGH,102,16,3,0.0,0.0882,0.049,0,0,0,1,1,0,hi,2,Devanagari,False,False,1.0,1,1,1,0,0.95,False,False,False,False,True,0,0,1,0,1,True,1,0,1.0,1,1,1.0,0,0,0,0,-1.0,False,0,1,0,0,0.0,1.0,0.0,0.0,0.0,True,False,0.0,0,False,False,-1.0,0,0,0,False,1,1,True,1,1,True,-1.0,False,0,5,4,1,1,1,1,0,1,0,0,1.6,False,False,False,0,True,False
feat_tl_post_00504,tl_post_00504,camp_camp_0083,train,HIGH,121,18,3,0.0337,0.0744,0.0413,0,0,0,1,1,0,ta-en,3,Latin,True,True,1.0,1,1,1,0,0.95,False,False,True,False,False,0,0,1,0,1,True,1,0,1.0,1,1,1.0,0,0,0,0,-1.0,False,0,1,0,0,0.0,1.0,0.0,0.0,0.0,True,False,0.0,0,False,False,-1.0,0,0,0,False,1,1,True,1,1,True,-1.0,False,0,5,4,1,1,1,1,0,1,0,0,1.6,False,False,True,0,True,True
feat_tl_post_00505,tl_post_00505,camp_camp_0084,train,HIGH,118,19,1,0.1034,0.0678,0.0339,0,0,0,1,0,0,hi-en,4,Latin,True,True,1.0,1,1,1,0,0.95,False,False,False,False,False,0,0,1,0,1,True,1,0,1.0,1,1,1.0,0,0,0,0,-1.0,False,0,1,0,0,0.0,1.0,0.0,0.0,0.0,True,False,0.0,0,False,False,-1.0,0,0,0,False,1,1,True,1,1,True,-1.0,False,0,5,4,1,1,1,1,0,1,0,0,1.6,False,False,False,0,True,False
feat_tl_post_00506,tl_post_00506,camp_camp_0084,train,HIGH,132,20,3,0.1471,0.0455,0.0379,0,0,0,0,0,0,en,0,Latin,False,False,1.0,1,1,1,0,0.95,False,False,False,True,False,0,1,1,1,1,True,1,0,1.0,1,1,1.0,0,0,0,0,-1.0,False,0,1,0,0,0.0,1.0,0.0,0.0,0.0,True,False,0.0,0,False,False,-1.0,0,0,0,False,1,1,True,1,1,True,-1.0,False,0,5,4,1,1,1,1,0,1,0,0,1.6,False,False,False,0,False,True
feat_tl_post_00507,tl_post_00507,camp_camp_0084,train,HIGH,131,12,3,0.0,0.0916,0.0229,0,1,0,0,0,0,ta,1,Tamil,False,False,1.0,1,1,1,0,0.95,False,False,False,False,False,0,0,1,0,1,True,1,0,1.0,1,1,1.0,0,0,0,0,-1.0,False,0,1,0,0,0.0,1.0,0.0,0.0,0.0,True,False,0.0,0,False,False,-1.0,0,0,0,False,1,1,True,1,1,True,-1.0,False,0,5,4,1,1,1,1,0,1,0,0,1.6,False,False,False,0,False,False
feat_tl_post_00508,tl_post_00508,camp_camp_0084,train,HIGH,119,20,2,0.0,0.0924,0.0504,0,0,0,1,0,0,hi,2,Devanagari,False,False,1.0,1,1,1,0,0.95,False,False,False,False,False,0,0,1,0,1,True,1,0,1.0,1,1,1.0,0,0,0,0,-1.0,False,0,1,0,0,0.0,1.0,0.0,0.0,0.0,True,False,0.0,0,False,False,-1.0,0,0,0,False,1,1,True,1,1,True,-1.0,False,0,5,4,1,1,1,1,0,1,0,0,1.6,False,False,False,0,True,False
feat_tl_post_00509,tl_post_00509,trans_trans_group_0084,train,LOW,130,16,4,0.0455,0.0,0.0385,0,0,0,0,0,0,ta-en,3,Latin,True,True,1.0,1,1,0,1,0.1,True,False,False,False,False,0,0,0,0,1,True,1,0,1.0,1,1,1.0,0,0,0,0,-1.0,False,1,0,0,0,1.0,0.0,0.0,0.0,1.0,False,True,0.0,0,False,False,-1.0,0,0,0,False,1,1,True,1,1,True,-1.0,False,0,5,4,1,1,1,1,1,0,0,0,1.6,False,False,False,1,False,False
feat_tl_post_00510,tl_post_00510,trans_trans_group_0084,train,INSUFFICIENT,74,12,2,0.0656,0.0,0.027,0,0,0,0,0,0,hi-en,4,Latin,True,True,1.0,1,1,1,0,0.95,False,False,False,False,False,0,0,0,0,1,True,1,0,1.0,1,1,1.0,0,0,0,0,-1.0,False,0,0,0,1,0.0,0.0,0.0,1.0,0.0,False,False,0.0,0,False,False,-1.0,0,0,0,False,1,1,True,1,1,True,-1.0,False,0,5,4,1,1,1,1,0,0,0,1,1.6,False,False,False,0,False,False
feat_tl_post_00511,tl_post_00511,camp_camp_0085,train,HIGH,114,15,2,0.0361,0.0877,0.0526,0,0,0,1,0,0,en,0,Latin,False,False,1.0,1,1,1,0,0.95,True,False,False,False,False,1,0,1,1,1,True,1,0,1.0,1,1,1.0,0,0,0,0,-1.0,False,0,1,0,0,0.0,1.0,0.0,0.0,0.0,True,False,0.0,0,False,False,-1.0,0,0,0,False,1,1,True,1,1,True,-1.0,False,0,5,4,1,1,1,1,0,1,0,0,1.6,True,False,True,1,True,True
feat_tl_post_00512,tl_post_00512,camp_camp_0085,train,HIGH,118,15,4,0.0,0.1949,0.0424,0,1,0,3,0,0,ta,1,Tamil,False,False,1.0,1,1,1,0,0.95,False,True,False,False,False,0,0,1,0,1,True,1,0,1.0,1,1,1.0,0,0,0,0,-1.0,False,0,1,0,0,0.0,1.0,0.0,0.0,0.0,True,False,0.0,0,False,False,-1.0,0,0,0,False,1,1,True,1,1,True,-1.0,False,0,5,4,1,1,1,1,0,1,0,0,1.6,False,False,False,0,True,False
feat_tl_post_00513,tl_post_00513,camp_camp_0085,train,HIGH,102,16,3,0.0,0.0882,0.049,0,0,0,1,1,0,hi,2,Devanagari,False,False,1.0,1,1,1,0,0.95,False,False,False,False,True,0,0,1,0,1,True,1,0,1.0,1,1,1.0,0,0,0,0,-1.0,False,0,1,0,0,0.0,1.0,0.0,0.0,0.0,True,False,0.0,0,False,False,-1.0,0,0,0,False,1,1,True,1,1,True,-1.0,False,0,5,4,1,1,1,1,0,1,0,0,1.6,False,False,False,0,True,False
feat_tl_post_00514,tl_post_00514,camp_camp_0085,train,HIGH,121,18,3,0.0337,0.0744,0.0413,0,0,0,1,1,0,ta-en,3,Latin,True,True,1.0,1,1,1,0,0.95,False,False,True,False,False,0,0,1,0,1,True,1,0,1.0,1,1,1.0,0,0,0,0,-1.0,False,0,1,0,0,0.0,1.0,0.0,0.0,0.0,True,False,0.0,0,False,False,-1.0,0,0,0,False,1,1,True,1,1,True,-1.0,False,0,5,4,1,1,1,1,0,1,0,0,1.6,False,False,True,0,True,True
feat_tl_post_00515,tl_post_00515,camp_camp_0085,train,HIGH,118,19,1,0.1034,0.0678,0.0339,0,0,0,1,0,0,hi-en,4,Latin,True,True,1.0,1,1,1,0,0.95,False,False,False,False,False,0,0,1,0,1,True,1,0,1.0,1,1,1.0,0,0,0,0,-1.0,False,0,1,0,0,0.0,1.0,0.0,0.0,0.0,True,False,0.0,0,False,False,-1.0,0,0,0,False,1,1,True,1,1,True,-1.0,False,0,5,4,1,1,1,1,0,1,0,0,1.6,False,False,False,0,True,False
feat_tl_post_00516,tl_post_00516,camp_camp_0085,train,HIGH,132,20,3,0.1471,0.0455,0.0379,0,0,0,0,0,0,en,0,Latin,False,False,1.0,1,1,1,0,0.95,False,False,False,True,False,0,1,1,1,1,True,1,0,1.0,1,1,1.0,0,0,0,0,-1.0,False,0,1,0,0,0.0,1.0,0.0,0.0,0.0,True,False,0.0,0,False,False,-1.0,0,0,0,False,1,1,True,1,1,True,-1.0,False,0,5,4,1,1,1,1,0,1,0,0,1.6,False,False,False,0,False,True
feat_tl_post_00517,tl_post_00517,camp_camp_0086,train,HIGH,131,12,3,0.0,0.0916,0.0229,0,1,0,0,0,0,ta,1,Tamil,False,False,1.0,1,1,1,0,0.95,False,False,False,False,False,0,0,1,0,1,True,1,0,1.0,1,1,1.0,0,0,0,0,-1.0,False,0,1,0,0,0.0,1.0,0.0,0.0,0.0,True,False,0.0,0,False,False,-1.0,0,0,0,False,1,1,True,1,1,True,-1.0,False,0,5,4,1,1,1,1,0,1,0,0,1.6,False,False,False,0,False,False
feat_tl_post_00518,tl_post_00518,camp_camp_0086,train,HIGH,119,20,2,0.0,0.0924,0.0504,0,0,0,1,0,0,hi,2,Devanagari,False,False,1.0,1,1,1,0,0.95,False,False,False,False,False,0,0,1,0,1,True,1,0,1.0,1,1,1.0,0,0,0,0,-1.0,False,0,1,0,0,0.0,1.0,0.0,0.0,0.0,True,False,0.0,0,False,False,-1.0,0,0,0,False,1,1,True,1,1,True,-1.0,False,0,5,4,1,1,1,1,0,1,0,0,1.6,False,False,False,0,True,False
feat_tl_post_00519,tl_post_00519,trans_trans_group_0086,train,LOW,114,21,1,0.0,0.0,0.0088,0,0,0,0,0,0,hi,2,Devanagari,False,False,1.0,1,1,0,1,0.1,True,False,False,False,False,0,0,0,0,1,True,1,0,1.0,1,1,1.0,0,0,0,0,-1.0,False,1,0,0,0,1.0,0.0,0.0,0.0,1.0,False,True,0.0,0,False,False,-1.0,0,0,0,False,1,1,True,1,1,True,-1.0,False,0,5,4,1,1,1,1,1,0,0,0,1.6,False,False,False,1,False,False
feat_tl_post_00520,tl_post_00520,trans_trans_group_0086,train,INSUFFICIENT,74,12,2,0.0656,0.0,0.027,0,0,0,0,0,0,hi-en,4,Latin,True,True,1.0,1,1,1,0,0.95,False,False,False,False,False,0,0,0,0,1,True,1,0,1.0,1,1,1.0,0,0,0,0,-1.0,False,0,0,0,1,0.0,0.0,0.0,1.0,0.0,False,False,0.0,0,False,False,-1.0,0,0,0,False,1,1,True,1,1,True,-1.0,False,0,5,4,1,1,1,1,0,0,0,1,1.6,False,False,False,0,False,False
feat_tl_post_00521,tl_post_00521,camp_camp_0086,train,HIGH,114,15,2,0.0361,0.0877,0.0526,0,0,0,1,0,0,en,0,Latin,False,False,1.0,1,1,1,0,0.95,True,False,False,False,False,1,0,1,1,1,True,1,0,1.0,1,1,1.0,0,0,0,0,-1.0,False,0,1,0,0,0.0,1.0,0.0,0.0,0.0,True,False,0.0,0,False,False,-1.0,0,0,0,False,1,1,True,1,1,True,-1.0,False,0,5,4,1,1,1,1,0,1,0,0,1.6,True,False,True,1,True,True
feat_tl_post_00522,tl_post_00522,camp_camp_0086,train,HIGH,118,15,4,0.0,0.1949,0.0424,0,1,0,3,0,0,ta,1,Tamil,False,False,1.0,1,1,1,0,0.95,False,True,False,False,False,0,0,1,0,1,True,1,0,1.0,1,1,1.0,0,0,0,0,-1.0,False,0,1,0,0,0.0,1.0,0.0,0.0,0.0,True,False,0.0,0,False,False,-1.0,0,0,0,False,1,1,True,1,1,True,-1.0,False,0,5,4,1,1,1,1,0,1,0,0,1.6,False,False,False,0,True,False
feat_tl_post_00523,tl_post_00523,camp_camp_0087,train,HIGH,102,16,3,0.0,0.0882,0.049,0,0,0,1,1,0,hi,2,Devanagari,False,False,1.0,1,1,1,0,0.95,False,False,False,False,True,0,0,1,0,1,True,1,0,1.0,1,1,1.0,0,0,0,0,-1.0,False,0,1,0,0,0.0,1.0,0.0,0.0,0.0,True,False,0.0,0,False,False,-1.0,0,0,0,False,1,1,True,1,1,True,-1.0,False,0,5,4,1,1,1,1,0,1,0,0,1.6,False,False,False,0,True,False
feat_tl_post_00524,tl_post_00524,camp_camp_0087,train,HIGH,121,18,3,0.0337,0.0744,0.0413,0,0,0,1,1,0,ta-en,3,Latin,True,True,1.0,1,1,1,0,0.95,False,False,True,False,False,0,0,1,0,1,True,1,0,1.0,1,1,1.0,0,0,0,0,-1.0,False,0,1,0,0,0.0,1.0,0.0,0.0,0.0,True,False,0.0,0,False,False,-1.0,0,0,0,False,1,1,True,1,1,True,-1.0,False,0,5,4,1,1,1,1,0,1,0,0,1.6,False,False,True,0,True,True
feat_tl_post_00525,tl_post_00525,camp_camp_0087,train,HIGH,118,19,1,0.1034,0.0678,0.0339,0,0,0,1,0,0,hi-en,4,Latin,True,True,1.0,1,1,1,0,0.95,False,False,False,False,False,0,0,1,0,1,True,1,0,1.0,1,1,1.0,0,0,0,0,-1.0,False,0,1,0,0,0.0,1.0,0.0,0.0,0.0,True,False,0.0,0,False,False,-1.0,0,0,0,False,1,1,True,1,1,True,-1.0,False,0,5,4,1,1,1,1,0,1,0,0,1.6,False,False,False,0,True,False
feat_tl_post_00526,tl_post_00526,camp_camp_0087,train,HIGH,132,20,3,0.1471,0.0455,0.0379,0,0,0,0,0,0,en,0,Latin,False,False,1.0,1,1,1,0,0.95,False,False,False,True,False,0,1,1,1,1,True,1,0,1.0,1,1,1.0,0,0,0,0,-1.0,False,0,1,0,0,0.0,1.0,0.0,0.0,0.0,True,False,0.0,0,False,False,-1.0,0,0,0,False,1,1,True,1,1,True,-1.0,False,0,5,4,1,1,1,1,0,1,0,0,1.6,False,False,False,0,False,True
feat_tl_post_00527,tl_post_00527,camp_camp_0087,train,HIGH,131,12,3,0.0,0.0916,0.0229,0,1,0,0,0,0,ta,1,Tamil,False,False,1.0,1,1,1,0,0.95,False,False,False,False,False,0,0,1,0,1,True,1,0,1.0,1,1,1.0,0,0,0,0,-1.0,False,0,1,0,0,0.0,1.0,0.0,0.0,0.0,True,False,0.0,0,False,False,-1.0,0,0,0,False,1,1,True,1,1,True,-1.0,False,0,5,4,1,1,1,1,0,1,0,0,1.6,False,False,False,0,False,False
feat_tl_post_00528,tl_post_00528,camp_camp_0087,train,HIGH,119,20,2,0.0,0.0924,0.0504,0,0,0,1,0,0,hi,2,Devanagari,False,False,1.0,1,1,1,0,0.95,False,False,False,False,False,0,0,1,0,1,True,1,0,1.0,1,1,1.0,0,0,0,0,-1.0,False,0,1,0,0,0.0,1.0,0.0,0.0,0.0,True,False,0.0,0,False,False,-1.0,0,0,0,False,1,1,True,1,1,True,-1.0,False,0,5,4,1,1,1,1,0,1,0,0,1.6,False,False,False,0,True,False
feat_tl_post_00529,tl_post_00529,trans_trans_group_0088,train,LOW,134,24,2,0.1604,0.0,0.0373,0,0,0,0,0,0,en,0,Latin,False,False,1.0,1,1,0,1,0.1,True,False,False,False,False,0,1,0,0,1,True,1,0,1.0,1,1,1.0,0,0,0,0,-1.0,False,1,0,0,0,1.0,0.0,0.0,0.0,1.0,False,True,0.0,0,False,False,-1.0,0,0,0,False,1,1,True,1,1,True,-1.0,False,0,5,4,1,1,1,1,1,0,0,0,1.6,False,False,False,1,False,False
feat_tl_post_00530,tl_post_00530,trans_trans_group_0088,train,INSUFFICIENT,74,12,2,0.0656,0.0,0.027,0,0,0,0,0,0,hi-en,4,Latin,True,True,1.0,1,1,1,0,0.95,False,False,False,False,False,0,0,0,0,1,True,1,0,1.0,1,1,1.0,0,0,0,0,-1.0,False,0,0,0,1,0.0,0.0,0.0,1.0,0.0,False,False,0.0,0,False,False,-1.0,0,0,0,False,1,1,True,1,1,True,-1.0,False,0,5,4,1,1,1,1,0,0,0,1,1.6,False,False,False,0,False,False
feat_tl_post_00531,tl_post_00531,camp_camp_0088,train,HIGH,114,15,2,0.0361,0.0877,0.0526,0,0,0,1,0,0,en,0,Latin,False,False,1.0,1,1,1,0,0.95,True,False,False,False,False,1,0,1,1,1,True,1,0,1.0,1,1,1.0,0,0,0,0,-1.0,False,0,1,0,0,0.0,1.0,0.0,0.0,0.0,True,False,0.0,0,False,False,-1.0,0,0,0,False,1,1,True,1,1,True,-1.0,False,0,5,4,1,1,1,1,0,1,0,0,1.6,True,False,True,1,True,True
feat_tl_post_00532,tl_post_00532,camp_camp_0088,train,HIGH,118,15,4,0.0,0.1949,0.0424,0,1,0,3,0,0,ta,1,Tamil,False,False,1.0,1,1,1,0,0.95,False,True,False,False,False,0,0,1,0,1,True,1,0,1.0,1,1,1.0,0,0,0,0,-1.0,False,0,1,0,0,0.0,1.0,0.0,0.0,0.0,True,False,0.0,0,False,False,-1.0,0,0,0,False,1,1,True,1,1,True,-1.0,False,0,5,4,1,1,1,1,0,1,0,0,1.6,False,False,False,0,True,False
feat_tl_post_00533,tl_post_00533,camp_camp_0088,train,HIGH,102,16,3,0.0,0.0882,0.049,0,0,0,1,1,0,hi,2,Devanagari,False,False,1.0,1,1,1,0,0.95,False,False,False,False,True,0,0,1,0,1,True,1,0,1.0,1,1,1.0,0,0,0,0,-1.0,False,0,1,0,0,0.0,1.0,0.0,0.0,0.0,True,False,0.0,0,False,False,-1.0,0,0,0,False,1,1,True,1,1,True,-1.0,False,0,5,4,1,1,1,1,0,1,0,0,1.6,False,False,False,0,True,False
feat_tl_post_00534,tl_post_00534,camp_camp_0088,train,HIGH,121,18,3,0.0337,0.0744,0.0413,0,0,0,1,1,0,ta-en,3,Latin,True,True,1.0,1,1,1,0,0.95,False,False,True,False,False,0,0,1,0,1,True,1,0,1.0,1,1,1.0,0,0,0,0,-1.0,False,0,1,0,0,0.0,1.0,0.0,0.0,0.0,True,False,0.0,0,False,False,-1.0,0,0,0,False,1,1,True,1,1,True,-1.0,False,0,5,4,1,1,1,1,0,1,0,0,1.6,False,False,True,0,True,True
feat_tl_post_00535,tl_post_00535,camp_camp_0089,train,HIGH,118,19,1,0.1034,0.0678,0.0339,0,0,0,1,0,0,hi-en,4,Latin,True,True,1.0,1,1,1,0,0.95,False,False,False,False,False,0,0,1,0,1,True,1,0,1.0,1,1,1.0,0,0,0,0,-1.0,False,0,1,0,0,0.0,1.0,0.0,0.0,0.0,True,False,0.0,0,False,False,-1.0,0,0,0,False,1,1,True,1,1,True,-1.0,False,0,5,4,1,1,1,1,0,1,0,0,1.6,False,False,False,0,True,False
feat_tl_post_00536,tl_post_00536,camp_camp_0089,train,HIGH,132,20,3,0.1471,0.0455,0.0379,0,0,0,0,0,0,en,0,Latin,False,False,1.0,1,1,1,0,0.95,False,False,False,True,False,0,1,1,1,1,True,1,0,1.0,1,1,1.0,0,0,0,0,-1.0,False,0,1,0,0,0.0,1.0,0.0,0.0,0.0,True,False,0.0,0,False,False,-1.0,0,0,0,False,1,1,True,1,1,True,-1.0,False,0,5,4,1,1,1,1,0,1,0,0,1.6,False,False,False,0,False,True
feat_tl_post_00537,tl_post_00537,camp_camp_0089,train,HIGH,131,12,3,0.0,0.0916,0.0229,0,1,0,0,0,0,ta,1,Tamil,False,False,1.0,1,1,1,0,0.95,False,False,False,False,False,0,0,1,0,1,True,1,0,1.0,1,1,1.0,0,0,0,0,-1.0,False,0,1,0,0,0.0,1.0,0.0,0.0,0.0,True,False,0.0,0,False,False,-1.0,0,0,0,False,1,1,True,1,1,True,-1.0,False,0,5,4,1,1,1,1,0,1,0,0,1.6,False,False,False,0,False,False
feat_tl_post_00538,tl_post_00538,camp_camp_0089,train,HIGH,119,20,2,0.0,0.0924,0.0504,0,0,0,1,0,0,hi,2,Devanagari,False,False,1.0,1,1,1,0,0.95,False,False,False,False,False,0,0,1,0,1,True,1,0,1.0,1,1,1.0,0,0,0,0,-1.0,False,0,1,0,0,0.0,1.0,0.0,0.0,0.0,True,False,0.0,0,False,False,-1.0,0,0,0,False,1,1,True,1,1,True,-1.0,False,0,5,4,1,1,1,1,0,1,0,0,1.6,False,False,False,0,True,False
feat_tl_post_00539,tl_post_00539,trans_trans_group_0089,train,LOW,130,16,4,0.0455,0.0,0.0385,0,0,0,0,0,0,ta-en,3,Latin,True,True,1.0,1,1,0,1,0.1,True,False,False,False,False,0,0,0,0,1,True,1,0,1.0,1,1,1.0,0,0,0,0,-1.0,False,1,0,0,0,1.0,0.0,0.0,0.0,1.0,False,True,0.0,0,False,False,-1.0,0,0,0,False,1,1,True,1,1,True,-1.0,False,0,5,4,1,1,1,1,1,0,0,0,1.6,False,False,False,1,False,False
feat_tl_post_00540,tl_post_00540,trans_trans_group_0089,train,INSUFFICIENT,74,12,2,0.0656,0.0,0.027,0,0,0,0,0,0,hi-en,4,Latin,True,True,1.0,1,1,1,0,0.95,False,False,False,False,False,0,0,0,0,1,True,1,0,1.0,1,1,1.0,0,0,0,0,-1.0,False,0,0,0,1,0.0,0.0,0.0,1.0,0.0,False,False,0.0,0,False,False,-1.0,0,0,0,False,1,1,True,1,1,True,-1.0,False,0,5,4,1,1,1,1,0,0,0,1,1.6,False,False,False,0,False,False
feat_tl_post_00541,tl_post_00541,camp_camp_0090,train,HIGH,114,15,2,0.0361,0.0877,0.0526,0,0,0,1,0,0,en,0,Latin,False,False,1.0,1,1,1,0,0.95,True,False,False,False,False,1,0,1,1,1,True,1,0,1.0,1,1,1.0,0,0,0,0,-1.0,False,0,1,0,0,0.0,1.0,0.0,0.0,0.0,True,False,0.0,0,False,False,-1.0,0,0,0,False,1,1,True,1,1,True,-1.0,False,0,5,4,1,1,1,1,0,1,0,0,1.6,True,False,True,1,True,True
feat_tl_post_00542,tl_post_00542,camp_camp_0090,train,HIGH,118,15,4,0.0,0.1949,0.0424,0,1,0,3,0,0,ta,1,Tamil,False,False,1.0,1,1,1,0,0.95,False,True,False,False,False,0,0,1,0,1,True,1,0,1.0,1,1,1.0,0,0,0,0,-1.0,False,0,1,0,0,0.0,1.0,0.0,0.0,0.0,True,False,0.0,0,False,False,-1.0,0,0,0,False,1,1,True,1,1,True,-1.0,False,0,5,4,1,1,1,1,0,1,0,0,1.6,False,False,False,0,True,False
feat_tl_post_00543,tl_post_00543,camp_camp_0090,train,HIGH,102,16,3,0.0,0.0882,0.049,0,0,0,1,1,0,hi,2,Devanagari,False,False,1.0,1,1,1,0,0.95,False,False,False,False,True,0,0,1,0,1,True,1,0,1.0,1,1,1.0,0,0,0,0,-1.0,False,0,1,0,0,0.0,1.0,0.0,0.0,0.0,True,False,0.0,0,False,False,-1.0,0,0,0,False,1,1,True,1,1,True,-1.0,False,0,5,4,1,1,1,1,0,1,0,0,1.6,False,False,False,0,True,False
feat_tl_post_00544,tl_post_00544,camp_camp_0090,train,HIGH,121,18,3,0.0337,0.0744,0.0413,0,0,0,1,1,0,ta-en,3,Latin,True,True,1.0,1,1,1,0,0.95,False,False,True,False,False,0,0,1,0,1,True,1,0,1.0,1,1,1.0,0,0,0,0,-1.0,False,0,1,0,0,0.0,1.0,0.0,0.0,0.0,True,False,0.0,0,False,False,-1.0,0,0,0,False,1,1,True,1,1,True,-1.0,False,0,5,4,1,1,1,1,0,1,0,0,1.6,False,False,True,0,True,True
feat_tl_post_00545,tl_post_00545,camp_camp_0090,train,HIGH,118,19,1,0.1034,0.0678,0.0339,0,0,0,1,0,0,hi-en,4,Latin,True,True,1.0,1,1,1,0,0.95,False,False,False,False,False,0,0,1,0,1,True,1,0,1.0,1,1,1.0,0,0,0,0,-1.0,False,0,1,0,0,0.0,1.0,0.0,0.0,0.0,True,False,0.0,0,False,False,-1.0,0,0,0,False,1,1,True,1,1,True,-1.0,False,0,5,4,1,1,1,1,0,1,0,0,1.6,False,False,False,0,True,False
feat_tl_post_00546,tl_post_00546,camp_camp_0090,train,HIGH,132,20,3,0.1471,0.0455,0.0379,0,0,0,0,0,0,en,0,Latin,False,False,1.0,1,1,1,0,0.95,False,False,False,True,False,0,1,1,1,1,True,1,0,1.0,1,1,1.0,0,0,0,0,-1.0,False,0,1,0,0,0.0,1.0,0.0,0.0,0.0,True,False,0.0,0,False,False,-1.0,0,0,0,False,1,1,True,1,1,True,-1.0,False,0,5,4,1,1,1,1,0,1,0,0,1.6,False,False,False,0,False,True
feat_tl_post_00547,tl_post_00547,camp_camp_0091,train,HIGH,131,12,3,0.0,0.0916,0.0229,0,1,0,0,0,0,ta,1,Tamil,False,False,1.0,1,1,1,0,0.95,False,False,False,False,False,0,0,1,0,1,True,1,0,1.0,1,1,1.0,0,0,0,0,-1.0,False,0,1,0,0,0.0,1.0,0.0,0.0,0.0,True,False,0.0,0,False,False,-1.0,0,0,0,False,1,1,True,1,1,True,-1.0,False,0,5,4,1,1,1,1,0,1,0,0,1.6,False,False,False,0,False,False
feat_tl_post_00548,tl_post_00548,camp_camp_0091,train,HIGH,119,20,2,0.0,0.0924,0.0504,0,0,0,1,0,0,hi,2,Devanagari,False,False,1.0,1,1,1,0,0.95,False,False,False,False,False,0,0,1,0,1,True,1,0,1.0,1,1,1.0,0,0,0,0,-1.0,False,0,1,0,0,0.0,1.0,0.0,0.0,0.0,True,False,0.0,0,False,False,-1.0,0,0,0,False,1,1,True,1,1,True,-1.0,False,0,5,4,1,1,1,1,0,1,0,0,1.6,False,False,False,0,True,False
feat_tl_post_00549,tl_post_00549,trans_trans_group_0091,train,LOW,114,21,1,0.0,0.0,0.0088,0,0,0,0,0,0,hi,2,Devanagari,False,False,1.0,1,1,0,1,0.1,True,False,False,False,False,0,0,0,0,1,True,1,0,1.0,1,1,1.0,0,0,0,0,-1.0,False,1,0,0,0,1.0,0.0,0.0,0.0,1.0,False,True,0.0,0,False,False,-1.0,0,0,0,False,1,1,True,1,1,True,-1.0,False,0,5,4,1,1,1,1,1,0,0,0,1.6,False,False,False,1,False,False
feat_tl_post_00550,tl_post_00550,trans_trans_group_0091,train,INSUFFICIENT,74,12,2,0.0656,0.0,0.027,0,0,0,0,0,0,hi-en,4,Latin,True,True,1.0,1,1,1,0,0.95,False,False,False,False,False,0,0,0,0,1,True,1,0,1.0,1,1,1.0,0,0,0,0,-1.0,False,0,0,0,1,0.0,0.0,0.0,1.0,0.0,False,False,0.0,0,False,False,-1.0,0,0,0,False,1,1,True,1,1,True,-1.0,False,0,5,4,1,1,1,1,0,0,0,1,1.6,False,False,False,0,False,False
feat_tl_post_00551,tl_post_00551,camp_camp_0091,train,HIGH,114,15,2,0.0361,0.0877,0.0526,0,0,0,1,0,0,en,0,Latin,False,False,1.0,1,1,1,0,0.95,True,False,False,False,False,1,0,1,1,1,True,1,0,1.0,1,1,1.0,0,0,0,0,-1.0,False,0,1,0,0,0.0,1.0,0.0,0.0,0.0,True,False,0.0,0,False,False,-1.0,0,0,0,False,1,1,True,1,1,True,-1.0,False,0,5,4,1,1,1,1,0,1,0,0,1.6,True,False,True,1,True,True
feat_tl_post_00552,tl_post_00552,camp_camp_0091,train,HIGH,118,15,4,0.0,0.1949,0.0424,0,1,0,3,0,0,ta,1,Tamil,False,False,1.0,1,1,1,0,0.95,False,True,False,False,False,0,0,1,0,1,True,1,0,1.0,1,1,1.0,0,0,0,0,-1.0,False,0,1,0,0,0.0,1.0,0.0,0.0,0.0,True,False,0.0,0,False,False,-1.0,0,0,0,False,1,1,True,1,1,True,-1.0,False,0,5,4,1,1,1,1,0,1,0,0,1.6,False,False,False,0,True,False
feat_tl_post_00553,tl_post_00553,camp_camp_0092,train,HIGH,102,16,3,0.0,0.0882,0.049,0,0,0,1,1,0,hi,2,Devanagari,False,False,1.0,1,1,1,0,0.95,False,False,False,False,True,0,0,1,0,1,True,1,0,1.0,1,1,1.0,0,0,0,0,-1.0,False,0,1,0,0,0.0,1.0,0.0,0.0,0.0,True,False,0.0,0,False,False,-1.0,0,0,0,False,1,1,True,1,1,True,-1.0,False,0,5,4,1,1,1,1,0,1,0,0,1.6,False,False,False,0,True,False
feat_tl_post_00554,tl_post_00554,camp_camp_0092,train,HIGH,121,18,3,0.0337,0.0744,0.0413,0,0,0,1,1,0,ta-en,3,Latin,True,True,1.0,1,1,1,0,0.95,False,False,True,False,False,0,0,1,0,1,True,1,0,1.0,1,1,1.0,0,0,0,0,-1.0,False,0,1,0,0,0.0,1.0,0.0,0.0,0.0,True,False,0.0,0,False,False,-1.0,0,0,0,False,1,1,True,1,1,True,-1.0,False,0,5,4,1,1,1,1,0,1,0,0,1.6,False,False,True,0,True,True
feat_tl_post_00555,tl_post_00555,camp_camp_0092,train,HIGH,118,19,1,0.1034,0.0678,0.0339,0,0,0,1,0,0,hi-en,4,Latin,True,True,1.0,1,1,1,0,0.95,False,False,False,False,False,0,0,1,0,1,True,1,0,1.0,1,1,1.0,0,0,0,0,-1.0,False,0,1,0,0,0.0,1.0,0.0,0.0,0.0,True,False,0.0,0,False,False,-1.0,0,0,0,False,1,1,True,1,1,True,-1.0,False,0,5,4,1,1,1,1,0,1,0,0,1.6,False,False,False,0,True,False
feat_tl_post_00556,tl_post_00556,camp_camp_0092,train,HIGH,132,20,3,0.1471,0.0455,0.0379,0,0,0,0,0,0,en,0,Latin,False,False,1.0,1,1,1,0,0.95,False,False,False,True,False,0,1,1,1,1,True,1,0,1.0,1,1,1.0,0,0,0,0,-1.0,False,0,1,0,0,0.0,1.0,0.0,0.0,0.0,True,False,0.0,0,False,False,-1.0,0,0,0,False,1,1,True,1,1,True,-1.0,False,0,5,4,1,1,1,1,0,1,0,0,1.6,False,False,False,0,False,True
feat_tl_post_00557,tl_post_00557,camp_camp_0092,train,HIGH,131,12,3,0.0,0.0916,0.0229,0,1,0,0,0,0,ta,1,Tamil,False,False,1.0,1,1,1,0,0.95,False,False,False,False,False,0,0,1,0,1,True,1,0,1.0,1,1,1.0,0,0,0,0,-1.0,False,0,1,0,0,0.0,1.0,0.0,0.0,0.0,True,False,0.0,0,False,False,-1.0,0,0,0,False,1,1,True,1,1,True,-1.0,False,0,5,4,1,1,1,1,0,1,0,0,1.6,False,False,False,0,False,False
feat_tl_post_00558,tl_post_00558,camp_camp_0092,train,HIGH,119,20,2,0.0,0.0924,0.0504,0,0,0,1,0,0,hi,2,Devanagari,False,False,1.0,1,1,1,0,0.95,False,False,False,False,False,0,0,1,0,1,True,1,0,1.0,1,1,1.0,0,0,0,0,-1.0,False,0,1,0,0,0.0,1.0,0.0,0.0,0.0,True,False,0.0,0,False,False,-1.0,0,0,0,False,1,1,True,1,1,True,-1.0,False,0,5,4,1,1,1,1,0,1,0,0,1.6,False,False,False,0,True,False
feat_tl_post_00559,tl_post_00559,trans_trans_group_0093,train,LOW,134,24,2,0.1604,0.0,0.0373,0,0,0,0,0,0,en,0,Latin,False,False,1.0,1,1,0,1,0.1,True,False,False,False,False,0,1,0,0,1,True,1,0,1.0,1,1,1.0,0,0,0,0,-1.0,False,1,0,0,0,1.0,0.0,0.0,0.0,1.0,False,True,0.0,0,False,False,-1.0,0,0,0,False,1,1,True,1,1,True,-1.0,False,0,5,4,1,1,1,1,1,0,0,0,1.6,False,False,False,1,False,False
feat_tl_post_00560,tl_post_00560,trans_trans_group_0093,train,INSUFFICIENT,74,12,2,0.0656,0.0,0.027,0,0,0,0,0,0,hi-en,4,Latin,True,True,1.0,1,1,1,0,0.95,False,False,False,False,False,0,0,0,0,1,True,1,0,1.0,1,1,1.0,0,0,0,0,-1.0,False,0,0,0,1,0.0,0.0,0.0,1.0,0.0,False,False,0.0,0,False,False,-1.0,0,0,0,False,1,1,True,1,1,True,-1.0,False,0,5,4,1,1,1,1,0,0,0,1,1.6,False,False,False,0,False,False
feat_tl_post_00561,tl_post_00561,camp_camp_0093,train,HIGH,114,15,2,0.0361,0.0877,0.0526,0,0,0,1,0,0,en,0,Latin,False,False,1.0,1,1,1,0,0.95,True,False,False,False,False,1,0,1,1,1,True,1,0,1.0,1,1,1.0,0,0,0,0,-1.0,False,0,1,0,0,0.0,1.0,0.0,0.0,0.0,True,False,0.0,0,False,False,-1.0,0,0,0,False,1,1,True,1,1,True,-1.0,False,0,5,4,1,1,1,1,0,1,0,0,1.6,True,False,True,1,True,True
feat_tl_post_00562,tl_post_00562,camp_camp_0093,train,HIGH,118,15,4,0.0,0.1949,0.0424,0,1,0,3,0,0,ta,1,Tamil,False,False,1.0,1,1,1,0,0.95,False,True,False,False,False,0,0,1,0,1,True,1,0,1.0,1,1,1.0,0,0,0,0,-1.0,False,0,1,0,0,0.0,1.0,0.0,0.0,0.0,True,False,0.0,0,False,False,-1.0,0,0,0,False,1,1,True,1,1,True,-1.0,False,0,5,4,1,1,1,1,0,1,0,0,1.6,False,False,False,0,True,False
feat_tl_post_00563,tl_post_00563,camp_camp_0093,train,HIGH,102,16,3,0.0,0.0882,0.049,0,0,0,1,1,0,hi,2,Devanagari,False,False,1.0,1,1,1,0,0.95,False,False,False,False,True,0,0,1,0,1,True,1,0,1.0,1,1,1.0,0,0,0,0,-1.0,False,0,1,0,0,0.0,1.0,0.0,0.0,0.0,True,False,0.0,0,False,False,-1.0,0,0,0,False,1,1,True,1,1,True,-1.0,False,0,5,4,1,1,1,1,0,1,0,0,1.6,False,False,False,0,True,False
feat_tl_post_00564,tl_post_00564,camp_camp_0093,train,HIGH,121,18,3,0.0337,0.0744,0.0413,0,0,0,1,1,0,ta-en,3,Latin,True,True,1.0,1,1,1,0,0.95,False,False,True,False,False,0,0,1,0,1,True,1,0,1.0,1,1,1.0,0,0,0,0,-1.0,False,0,1,0,0,0.0,1.0,0.0,0.0,0.0,True,False,0.0,0,False,False,-1.0,0,0,0,False,1,1,True,1,1,True,-1.0,False,0,5,4,1,1,1,1,0,1,0,0,1.6,False,False,True,0,True,True
feat_tl_post_00565,tl_post_00565,camp_camp_0094,train,HIGH,118,19,1,0.1034,0.0678,0.0339,0,0,0,1,0,0,hi-en,4,Latin,True,True,1.0,1,1,1,0,0.95,False,False,False,False,False,0,0,1,0,1,True,1,0,1.0,1,1,1.0,0,0,0,0,-1.0,False,0,1,0,0,0.0,1.0,0.0,0.0,0.0,True,False,0.0,0,False,False,-1.0,0,0,0,False,1,1,True,1,1,True,-1.0,False,0,5,4,1,1,1,1,0,1,0,0,1.6,False,False,False,0,True,False
feat_tl_post_00566,tl_post_00566,camp_camp_0094,train,HIGH,132,20,3,0.1471,0.0455,0.0379,0,0,0,0,0,0,en,0,Latin,False,False,1.0,1,1,1,0,0.95,False,False,False,True,False,0,1,1,1,1,True,1,0,1.0,1,1,1.0,0,0,0,0,-1.0,False,0,1,0,0,0.0,1.0,0.0,0.0,0.0,True,False,0.0,0,False,False,-1.0,0,0,0,False,1,1,True,1,1,True,-1.0,False,0,5,4,1,1,1,1,0,1,0,0,1.6,False,False,False,0,False,True
feat_tl_post_00567,tl_post_00567,camp_camp_0094,train,HIGH,131,12,3,0.0,0.0916,0.0229,0,1,0,0,0,0,ta,1,Tamil,False,False,1.0,1,1,1,0,0.95,False,False,False,False,False,0,0,1,0,1,True,1,0,1.0,1,1,1.0,0,0,0,0,-1.0,False,0,1,0,0,0.0,1.0,0.0,0.0,0.0,True,False,0.0,0,False,False,-1.0,0,0,0,False,1,1,True,1,1,True,-1.0,False,0,5,4,1,1,1,1,0,1,0,0,1.6,False,False,False,0,False,False
feat_tl_post_00568,tl_post_00568,camp_camp_0094,train,HIGH,119,20,2,0.0,0.0924,0.0504,0,0,0,1,0,0,hi,2,Devanagari,False,False,1.0,1,1,1,0,0.95,False,False,False,False,False,0,0,1,0,1,True,1,0,1.0,1,1,1.0,0,0,0,0,-1.0,False,0,1,0,0,0.0,1.0,0.0,0.0,0.0,True,False,0.0,0,False,False,-1.0,0,0,0,False,1,1,True,1,1,True,-1.0,False,0,5,4,1,1,1,1,0,1,0,0,1.6,False,False,False,0,True,False
feat_tl_post_00569,tl_post_00569,trans_trans_group_0094,train,LOW,130,16,4,0.0455,0.0,0.0385,0,0,0,0,0,0,ta-en,3,Latin,True,True,1.0,1,1,0,1,0.1,True,False,False,False,False,0,0,0,0,1,True,1,0,1.0,1,1,1.0,0,0,0,0,-1.0,False,1,0,0,0,1.0,0.0,0.0,0.0,1.0,False,True,0.0,0,False,False,-1.0,0,0,0,False,1,1,True,1,1,True,-1.0,False,0,5,4,1,1,1,1,1,0,0,0,1.6,False,False,False,1,False,False
feat_tl_post_00570,tl_post_00570,trans_trans_group_0094,train,INSUFFICIENT,74,12,2,0.0656,0.0,0.027,0,0,0,0,0,0,hi-en,4,Latin,True,True,1.0,1,1,1,0,0.95,False,False,False,False,False,0,0,0,0,1,True,1,0,1.0,1,1,1.0,0,0,0,0,-1.0,False,0,0,0,1,0.0,0.0,0.0,1.0,0.0,False,False,0.0,0,False,False,-1.0,0,0,0,False,1,1,True,1,1,True,-1.0,False,0,5,4,1,1,1,1,0,0,0,1,1.6,False,False,False,0,False,False
feat_tl_post_00571,tl_post_00571,camp_camp_0095,train,HIGH,114,15,2,0.0361,0.0877,0.0526,0,0,0,1,0,0,en,0,Latin,False,False,1.0,1,1,1,0,0.95,True,False,False,False,False,1,0,1,1,1,True,1,0,1.0,1,1,1.0,0,0,0,0,-1.0,False,0,1,0,0,0.0,1.0,0.0,0.0,0.0,True,False,0.0,0,False,False,-1.0,0,0,0,False,1,1,True,1,1,True,-1.0,False,0,5,4,1,1,1,1,0,1,0,0,1.6,True,False,True,1,True,True
feat_tl_post_00572,tl_post_00572,camp_camp_0095,train,HIGH,118,15,4,0.0,0.1949,0.0424,0,1,0,3,0,0,ta,1,Tamil,False,False,1.0,1,1,1,0,0.95,False,True,False,False,False,0,0,1,0,1,True,1,0,1.0,1,1,1.0,0,0,0,0,-1.0,False,0,1,0,0,0.0,1.0,0.0,0.0,0.0,True,False,0.0,0,False,False,-1.0,0,0,0,False,1,1,True,1,1,True,-1.0,False,0,5,4,1,1,1,1,0,1,0,0,1.6,False,False,False,0,True,False
feat_tl_post_00573,tl_post_00573,camp_camp_0095,train,HIGH,102,16,3,0.0,0.0882,0.049,0,0,0,1,1,0,hi,2,Devanagari,False,False,1.0,1,1,1,0,0.95,False,False,False,False,True,0,0,1,0,1,True,1,0,1.0,1,1,1.0,0,0,0,0,-1.0,False,0,1,0,0,0.0,1.0,0.0,0.0,0.0,True,False,0.0,0,False,False,-1.0,0,0,0,False,1,1,True,1,1,True,-1.0,False,0,5,4,1,1,1,1,0,1,0,0,1.6,False,False,False,0,True,False
feat_tl_post_00574,tl_post_00574,camp_camp_0095,train,HIGH,121,18,3,0.0337,0.0744,0.0413,0,0,0,1,1,0,ta-en,3,Latin,True,True,1.0,1,1,1,0,0.95,False,False,True,False,False,0,0,1,0,1,True,1,0,1.0,1,1,1.0,0,0,0,0,-1.0,False,0,1,0,0,0.0,1.0,0.0,0.0,0.0,True,False,0.0,0,False,False,-1.0,0,0,0,False,1,1,True,1,1,True,-1.0,False,0,5,4,1,1,1,1,0,1,0,0,1.6,False,False,True,0,True,True
feat_tl_post_00575,tl_post_00575,camp_camp_0095,train,HIGH,118,19,1,0.1034,0.0678,0.0339,0,0,0,1,0,0,hi-en,4,Latin,True,True,1.0,1,1,1,0,0.95,False,False,False,False,False,0,0,1,0,1,True,1,0,1.0,1,1,1.0,0,0,0,0,-1.0,False,0,1,0,0,0.0,1.0,0.0,0.0,0.0,True,False,0.0,0,False,False,-1.0,0,0,0,False,1,1,True,1,1,True,-1.0,False,0,5,4,1,1,1,1,0,1,0,0,1.6,False,False,False,0,True,False
feat_tl_post_00576,tl_post_00576,camp_camp_0095,train,HIGH,132,20,3,0.1471,0.0455,0.0379,0,0,0,0,0,0,en,0,Latin,False,False,1.0,1,1,1,0,0.95,False,False,False,True,False,0,1,1,1,1,True,1,0,1.0,1,1,1.0,0,0,0,0,-1.0,False,0,1,0,0,0.0,1.0,0.0,0.0,0.0,True,False,0.0,0,False,False,-1.0,0,0,0,False,1,1,True,1,1,True,-1.0,False,0,5,4,1,1,1,1,0,1,0,0,1.6,False,False,False,0,False,True
feat_tl_post_00577,tl_post_00577,camp_camp_0096,train,HIGH,131,12,3,0.0,0.0916,0.0229,0,1,0,0,0,0,ta,1,Tamil,False,False,1.0,1,1,1,0,0.95,False,False,False,False,False,0,0,1,0,1,True,1,0,1.0,1,1,1.0,0,0,0,0,-1.0,False,0,1,0,0,0.0,1.0,0.0,0.0,0.0,True,False,0.0,0,False,False,-1.0,0,0,0,False,1,1,True,1,1,True,-1.0,False,0,5,4,1,1,1,1,0,1,0,0,1.6,False,False,False,0,False,False
feat_tl_post_00578,tl_post_00578,camp_camp_0096,train,HIGH,119,20,2,0.0,0.0924,0.0504,0,0,0,1,0,0,hi,2,Devanagari,False,False,1.0,1,1,1,0,0.95,False,False,False,False,False,0,0,1,0,1,True,1,0,1.0,1,1,1.0,0,0,0,0,-1.0,False,0,1,0,0,0.0,1.0,0.0,0.0,0.0,True,False,0.0,0,False,False,-1.0,0,0,0,False,1,1,True,1,1,True,-1.0,False,0,5,4,1,1,1,1,0,1,0,0,1.6,False,False,False,0,True,False
feat_tl_post_00579,tl_post_00579,trans_trans_group_0096,train,LOW,114,21,1,0.0,0.0,0.0088,0,0,0,0,0,0,hi,2,Devanagari,False,False,1.0,1,1,0,1,0.1,True,False,False,False,False,0,0,0,0,1,True,1,0,1.0,1,1,1.0,0,0,0,0,-1.0,False,1,0,0,0,1.0,0.0,0.0,0.0,1.0,False,True,0.0,0,False,False,-1.0,0,0,0,False,1,1,True,1,1,True,-1.0,False,0,5,4,1,1,1,1,1,0,0,0,1.6,False,False,False,1,False,False
feat_tl_post_00580,tl_post_00580,trans_trans_group_0096,train,INSUFFICIENT,74,12,2,0.0656,0.0,0.027,0,0,0,0,0,0,hi-en,4,Latin,True,True,1.0,1,1,1,0,0.95,False,False,False,False,False,0,0,0,0,1,True,1,0,1.0,1,1,1.0,0,0,0,0,-1.0,False,0,0,0,1,0.0,0.0,0.0,1.0,0.0,False,False,0.0,0,False,False,-1.0,0,0,0,False,1,1,True,1,1,True,-1.0,False,0,5,4,1,1,1,1,0,0,0,1,1.6,False,False,False,0,False,False
feat_tl_post_00581,tl_post_00581,camp_camp_0096,train,HIGH,114,15,2,0.0361,0.0877,0.0526,0,0,0,1,0,0,en,0,Latin,False,False,1.0,1,1,1,0,0.95,True,False,False,False,False,1,0,1,1,1,True,1,0,1.0,1,1,1.0,0,0,0,0,-1.0,False,0,1,0,0,0.0,1.0,0.0,0.0,0.0,True,False,0.0,0,False,False,-1.0,0,0,0,False,1,1,True,1,1,True,-1.0,False,0,5,4,1,1,1,1,0,1,0,0,1.6,True,False,True,1,True,True
feat_tl_post_00582,tl_post_00582,camp_camp_0096,train,HIGH,118,15,4,0.0,0.1949,0.0424,0,1,0,3,0,0,ta,1,Tamil,False,False,1.0,1,1,1,0,0.95,False,True,False,False,False,0,0,1,0,1,True,1,0,1.0,1,1,1.0,0,0,0,0,-1.0,False,0,1,0,0,0.0,1.0,0.0,0.0,0.0,True,False,0.0,0,False,False,-1.0,0,0,0,False,1,1,True,1,1,True,-1.0,False,0,5,4,1,1,1,1,0,1,0,0,1.6,False,False,False,0,True,False
feat_tl_post_00583,tl_post_00583,camp_camp_0097,train,HIGH,102,16,3,0.0,0.0882,0.049,0,0,0,1,1,0,hi,2,Devanagari,False,False,1.0,1,1,1,0,0.95,False,False,False,False,True,0,0,1,0,1,True,1,0,1.0,1,1,1.0,0,0,0,0,-1.0,False,0,1,0,0,0.0,1.0,0.0,0.0,0.0,True,False,0.0,0,False,False,-1.0,0,0,0,False,1,1,True,1,1,True,-1.0,False,0,5,4,1,1,1,1,0,1,0,0,1.6,False,False,False,0,True,False
feat_tl_post_00584,tl_post_00584,camp_camp_0097,train,HIGH,121,18,3,0.0337,0.0744,0.0413,0,0,0,1,1,0,ta-en,3,Latin,True,True,1.0,1,1,1,0,0.95,False,False,True,False,False,0,0,1,0,1,True,1,0,1.0,1,1,1.0,0,0,0,0,-1.0,False,0,1,0,0,0.0,1.0,0.0,0.0,0.0,True,False,0.0,0,False,False,-1.0,0,0,0,False,1,1,True,1,1,True,-1.0,False,0,5,4,1,1,1,1,0,1,0,0,1.6,False,False,True,0,True,True
feat_tl_post_00585,tl_post_00585,camp_camp_0097,train,HIGH,118,19,1,0.1034,0.0678,0.0339,0,0,0,1,0,0,hi-en,4,Latin,True,True,1.0,1,1,1,0,0.95,False,False,False,False,False,0,0,1,0,1,True,1,0,1.0,1,1,1.0,0,0,0,0,-1.0,False,0,1,0,0,0.0,1.0,0.0,0.0,0.0,True,False,0.0,0,False,False,-1.0,0,0,0,False,1,1,True,1,1,True,-1.0,False,0,5,4,1,1,1,1,0,1,0,0,1.6,False,False,False,0,True,False
feat_tl_post_00586,tl_post_00586,camp_camp_0097,train,HIGH,132,20,3,0.1471,0.0455,0.0379,0,0,0,0,0,0,en,0,Latin,False,False,1.0,1,1,1,0,0.95,False,False,False,True,False,0,1,1,1,1,True,1,0,1.0,1,1,1.0,0,0,0,0,-1.0,False,0,1,0,0,0.0,1.0,0.0,0.0,0.0,True,False,0.0,0,False,False,-1.0,0,0,0,False,1,1,True,1,1,True,-1.0,False,0,5,4,1,1,1,1,0,1,0,0,1.6,False,False,False,0,False,True
feat_tl_post_00587,tl_post_00587,camp_camp_0097,train,HIGH,131,12,3,0.0,0.0916,0.0229,0,1,0,0,0,0,ta,1,Tamil,False,False,1.0,1,1,1,0,0.95,False,False,False,False,False,0,0,1,0,1,True,1,0,1.0,1,1,1.0,0,0,0,0,-1.0,False,0,1,0,0,0.0,1.0,0.0,0.0,0.0,True,False,0.0,0,False,False,-1.0,0,0,0,False,1,1,True,1,1,True,-1.0,False,0,5,4,1,1,1,1,0,1,0,0,1.6,False,False,False,0,False,False
feat_tl_post_00588,tl_post_00588,camp_camp_0097,train,HIGH,119,20,2,0.0,0.0924,0.0504,0,0,0,1,0,0,hi,2,Devanagari,False,False,1.0,1,1,1,0,0.95,False,False,False,False,False,0,0,1,0,1,True,1,0,1.0,1,1,1.0,0,0,0,0,-1.0,False,0,1,0,0,0.0,1.0,0.0,0.0,0.0,True,False,0.0,0,False,False,-1.0,0,0,0,False,1,1,True,1,1,True,-1.0,False,0,5,4,1,1,1,1,0,1,0,0,1.6,False,False,False,0,True,False
feat_tl_post_00589,tl_post_00589,trans_trans_group_0098,train,LOW,134,24,2,0.1604,0.0,0.0373,0,0,0,0,0,0,en,0,Latin,False,False,1.0,1,1,0,1,0.1,True,False,False,False,False,0,1,0,0,1,True,1,0,1.0,1,1,1.0,0,0,0,0,-1.0,False,1,0,0,0,1.0,0.0,0.0,0.0,1.0,False,True,0.0,0,False,False,-1.0,0,0,0,False,1,1,True,1,1,True,-1.0,False,0,5,4,1,1,1,1,1,0,0,0,1.6,False,False,False,1,False,False
feat_tl_post_00590,tl_post_00590,trans_trans_group_0098,train,INSUFFICIENT,74,12,2,0.0656,0.0,0.027,0,0,0,0,0,0,hi-en,4,Latin,True,True,1.0,1,1,1,0,0.95,False,False,False,False,False,0,0,0,0,1,True,1,0,1.0,1,1,1.0,0,0,0,0,-1.0,False,0,0,0,1,0.0,0.0,0.0,1.0,0.0,False,False,0.0,0,False,False,-1.0,0,0,0,False,1,1,True,1,1,True,-1.0,False,0,5,4,1,1,1,1,0,0,0,1,1.6,False,False,False,0,False,False
feat_tl_post_00591,tl_post_00591,camp_camp_0098,train,HIGH,114,15,2,0.0361,0.0877,0.0526,0,0,0,1,0,0,en,0,Latin,False,False,1.0,1,1,1,0,0.95,True,False,False,False,False,1,0,1,1,1,True,1,0,1.0,1,1,1.0,0,0,0,0,-1.0,False,0,1,0,0,0.0,1.0,0.0,0.0,0.0,True,False,0.0,0,False,False,-1.0,0,0,0,False,1,1,True,1,1,True,-1.0,False,0,5,4,1,1,1,1,0,1,0,0,1.6,True,False,True,1,True,True
feat_tl_post_00592,tl_post_00592,camp_camp_0098,train,HIGH,118,15,4,0.0,0.1949,0.0424,0,1,0,3,0,0,ta,1,Tamil,False,False,1.0,1,1,1,0,0.95,False,True,False,False,False,0,0,1,0,1,True,1,0,1.0,1,1,1.0,0,0,0,0,-1.0,False,0,1,0,0,0.0,1.0,0.0,0.0,0.0,True,False,0.0,0,False,False,-1.0,0,0,0,False,1,1,True,1,1,True,-1.0,False,0,5,4,1,1,1,1,0,1,0,0,1.6,False,False,False,0,True,False
feat_tl_post_00593,tl_post_00593,camp_camp_0098,train,HIGH,102,16,3,0.0,0.0882,0.049,0,0,0,1,1,0,hi,2,Devanagari,False,False,1.0,1,1,1,0,0.95,False,False,False,False,True,0,0,1,0,1,True,1,0,1.0,1,1,1.0,0,0,0,0,-1.0,False,0,1,0,0,0.0,1.0,0.0,0.0,0.0,True,False,0.0,0,False,False,-1.0,0,0,0,False,1,1,True,1,1,True,-1.0,False,0,5,4,1,1,1,1,0,1,0,0,1.6,False,False,False,0,True,False
feat_tl_post_00594,tl_post_00594,camp_camp_0098,train,HIGH,121,18,3,0.0337,0.0744,0.0413,0,0,0,1,1,0,ta-en,3,Latin,True,True,1.0,1,1,1,0,0.95,False,False,True,False,False,0,0,1,0,1,True,1,0,1.0,1,1,1.0,0,0,0,0,-1.0,False,0,1,0,0,0.0,1.0,0.0,0.0,0.0,True,False,0.0,0,False,False,-1.0,0,0,0,False,1,1,True,1,1,True,-1.0,False,0,5,4,1,1,1,1,0,1,0,0,1.6,False,False,True,0,True,True
feat_tl_post_00595,tl_post_00595,camp_camp_0099,train,HIGH,118,19,1,0.1034,0.0678,0.0339,0,0,0,1,0,0,hi-en,4,Latin,True,True,1.0,1,1,1,0,0.95,False,False,False,False,False,0,0,1,0,1,True,1,0,1.0,1,1,1.0,0,0,0,0,-1.0,False,0,1,0,0,0.0,1.0,0.0,0.0,0.0,True,False,0.0,0,False,False,-1.0,0,0,0,False,1,1,True,1,1,True,-1.0,False,0,5,4,1,1,1,1,0,1,0,0,1.6,False,False,False,0,True,False
feat_tl_post_00596,tl_post_00596,camp_camp_0099,train,HIGH,132,20,3,0.1471,0.0455,0.0379,0,0,0,0,0,0,en,0,Latin,False,False,1.0,1,1,1,0,0.95,False,False,False,True,False,0,1,1,1,1,True,1,0,1.0,1,1,1.0,0,0,0,0,-1.0,False,0,1,0,0,0.0,1.0,0.0,0.0,0.0,True,False,0.0,0,False,False,-1.0,0,0,0,False,1,1,True,1,1,True,-1.0,False,0,5,4,1,1,1,1,0,1,0,0,1.6,False,False,False,0,False,True
feat_tl_post_00597,tl_post_00597,camp_camp_0099,train,HIGH,131,12,3,0.0,0.0916,0.0229,0,1,0,0,0,0,ta,1,Tamil,False,False,1.0,1,1,1,0,0.95,False,False,False,False,False,0,0,1,0,1,True,1,0,1.0,1,1,1.0,0,0,0,0,-1.0,False,0,1,0,0,0.0,1.0,0.0,0.0,0.0,True,False,0.0,0,False,False,-1.0,0,0,0,False,1,1,True,1,1,True,-1.0,False,0,5,4,1,1,1,1,0,1,0,0,1.6,False,False,False,0,False,False
feat_tl_post_00598,tl_post_00598,camp_camp_0099,train,HIGH,119,20,2,0.0,0.0924,0.0504,0,0,0,1,0,0,hi,2,Devanagari,False,False,1.0,1,1,1,0,0.95,False,False,False,False,False,0,0,1,0,1,True,1,0,1.0,1,1,1.0,0,0,0,0,-1.0,False,0,1,0,0,0.0,1.0,0.0,0.0,0.0,True,False,0.0,0,False,False,-1.0,0,0,0,False,1,1,True,1,1,True,-1.0,False,0,5,4,1,1,1,1,0,1,0,0,1.6,False,False,False,0,True,False
feat_tl_post_00599,tl_post_00599,trans_trans_group_0099,train,LOW,130,16,4,0.0455,0.0,0.0385,0,0,0,0,0,0,ta-en,3,Latin,True,True,1.0,1,1,0,1,0.1,True,False,False,False,False,0,0,0,0,1,True,1,0,1.0,1,1,1.0,0,0,0,0,-1.0,False,1,0,0,0,1.0,0.0,0.0,0.0,1.0,False,True,0.0,0,False,False,-1.0,0,0,0,False,1,1,True,1,1,True,-1.0,False,0,5,4,1,1,1,1,1,0,0,0,1.6,False,False,False,1,False,False
feat_tl_post_00600,tl_post_00600,trans_trans_group_0099,train,INSUFFICIENT,74,12,2,0.0656,0.0,0.027,0,0,0,0,0,0,hi-en,4,Latin,True,True,1.0,1,1,1,0,0.95,False,False,False,False,False,0,0,0,0,1,True,1,0,1.0,1,1,1.0,0,0,0,0,-1.0,False,0,0,0,1,0.0,0.0,0.0,1.0,0.0,False,False,0.0,0,False,False,-1.0,0,0,0,False,1,1,True,1,1,True,-1.0,False,0,5,4,1,1,1,1,0,0,0,1,1.6,False,False,False,0,False,False
feat_tl_post_00601,tl_post_00601,camp_camp_0100,train,HIGH,114,15,2,0.0361,0.0877,0.0526,0,0,0,1,0,0,en,0,Latin,False,False,1.0,1,1,1,0,0.95,True,False,False,False,False,1,0,1,1,1,True,1,0,1.0,1,1,1.0,0,0,0,0,-1.0,False,0,1,0,0,0.0,1.0,0.0,0.0,0.0,True,False,0.0,0,False,False,-1.0,0,0,0,False,1,1,True,1,1,True,-1.0,False,0,5,4,1,1,1,1,0,1,0,0,1.6,True,False,True,1,True,True
feat_tl_post_00602,tl_post_00602,camp_camp_0100,train,HIGH,118,15,4,0.0,0.1949,0.0424,0,1,0,3,0,0,ta,1,Tamil,False,False,1.0,1,1,1,0,0.95,False,True,False,False,False,0,0,1,0,1,True,1,0,1.0,1,1,1.0,0,0,0,0,-1.0,False,0,1,0,0,0.0,1.0,0.0,0.0,0.0,True,False,0.0,0,False,False,-1.0,0,0,0,False,1,1,True,1,1,True,-1.0,False,0,5,4,1,1,1,1,0,1,0,0,1.6,False,False,False,0,True,False
feat_tl_post_00603,tl_post_00603,camp_camp_0100,train,HIGH,102,16,3,0.0,0.0882,0.049,0,0,0,1,1,0,hi,2,Devanagari,False,False,1.0,1,1,1,0,0.95,False,False,False,False,True,0,0,1,0,1,True,1,0,1.0,1,1,1.0,0,0,0,0,-1.0,False,0,1,0,0,0.0,1.0,0.0,0.0,0.0,True,False,0.0,0,False,False,-1.0,0,0,0,False,1,1,True,1,1,True,-1.0,False,0,5,4,1,1,1,1,0,1,0,0,1.6,False,False,False,0,True,False
feat_tl_post_00604,tl_post_00604,camp_camp_0100,train,HIGH,121,18,3,0.0337,0.0744,0.0413,0,0,0,1,1,0,ta-en,3,Latin,True,True,1.0,1,1,1,0,0.95,False,False,True,False,False,0,0,1,0,1,True,1,0,1.0,1,1,1.0,0,0,0,0,-1.0,False,0,1,0,0,0.0,1.0,0.0,0.0,0.0,True,False,0.0,0,False,False,-1.0,0,0,0,False,1,1,True,1,1,True,-1.0,False,0,5,4,1,1,1,1,0,1,0,0,1.6,False,False,True,0,True,True
feat_tl_post_00605,tl_post_00605,camp_camp_0100,train,HIGH,118,19,1,0.1034,0.0678,0.0339,0,0,0,1,0,0,hi-en,4,Latin,True,True,1.0,1,1,1,0,0.95,False,False,False,False,False,0,0,1,0,1,True,1,0,1.0,1,1,1.0,0,0,0,0,-1.0,False,0,1,0,0,0.0,1.0,0.0,0.0,0.0,True,False,0.0,0,False,False,-1.0,0,0,0,False,1,1,True,1,1,True,-1.0,False,0,5,4,1,1,1,1,0,1,0,0,1.6,False,False,False,0,True,False
feat_tl_post_00606,tl_post_00606,camp_camp_0100,train,HIGH,132,20,3,0.1471,0.0455,0.0379,0,0,0,0,0,0,en,0,Latin,False,False,1.0,1,1,1,0,0.95,False,False,False,True,False,0,1,1,1,1,True,1,0,1.0,1,1,1.0,0,0,0,0,-1.0,False,0,1,0,0,0.0,1.0,0.0,0.0,0.0,True,False,0.0,0,False,False,-1.0,0,0,0,False,1,1,True,1,1,True,-1.0,False,0,5,4,1,1,1,1,0,1,0,0,1.6,False,False,False,0,False,True
feat_tl_post_00607,tl_post_00607,camp_camp_0101,train,HIGH,131,12,3,0.0,0.0916,0.0229,0,1,0,0,0,0,ta,1,Tamil,False,False,1.0,1,1,1,0,0.95,False,False,False,False,False,0,0,1,0,1,True,1,0,1.0,1,1,1.0,0,0,0,0,-1.0,False,0,1,0,0,0.0,1.0,0.0,0.0,0.0,True,False,0.0,0,False,False,-1.0,0,0,0,False,1,1,True,1,1,True,-1.0,False,0,5,4,1,1,1,1,0,1,0,0,1.6,False,False,False,0,False,False
feat_tl_post_00608,tl_post_00608,camp_camp_0101,train,HIGH,119,20,2,0.0,0.0924,0.0504,0,0,0,1,0,0,hi,2,Devanagari,False,False,1.0,1,1,1,0,0.95,False,False,False,False,False,0,0,1,0,1,True,1,0,1.0,1,1,1.0,0,0,0,0,-1.0,False,0,1,0,0,0.0,1.0,0.0,0.0,0.0,True,False,0.0,0,False,False,-1.0,0,0,0,False,1,1,True,1,1,True,-1.0,False,0,5,4,1,1,1,1,0,1,0,0,1.6,False,False,False,0,True,False
feat_tl_post_00609,tl_post_00609,trans_trans_group_0101,train,LOW,114,21,1,0.0,0.0,0.0088,0,0,0,0,0,0,hi,2,Devanagari,False,False,1.0,1,1,0,1,0.1,True,False,False,False,False,0,0,0,0,1,True,1,0,1.0,1,1,1.0,0,0,0,0,-1.0,False,1,0,0,0,1.0,0.0,0.0,0.0,1.0,False,True,0.0,0,False,False,-1.0,0,0,0,False,1,1,True,1,1,True,-1.0,False,0,5,4,1,1,1,1,1,0,0,0,1.6,False,False,False,1,False,False
feat_tl_post_00610,tl_post_00610,trans_trans_group_0101,train,INSUFFICIENT,74,12,2,0.0656,0.0,0.027,0,0,0,0,0,0,hi-en,4,Latin,True,True,1.0,1,1,1,0,0.95,False,False,False,False,False,0,0,0,0,1,True,1,0,1.0,1,1,1.0,0,0,0,0,-1.0,False,0,0,0,1,0.0,0.0,0.0,1.0,0.0,False,False,0.0,0,False,False,-1.0,0,0,0,False,1,1,True,1,1,True,-1.0,False,0,5,4,1,1,1,1,0,0,0,1,1.6,False,False,False,0,False,False
feat_tl_post_00611,tl_post_00611,camp_camp_0101,train,HIGH,114,15,2,0.0361,0.0877,0.0526,0,0,0,1,0,0,en,0,Latin,False,False,1.0,1,1,1,0,0.95,True,False,False,False,False,1,0,1,1,1,True,1,0,1.0,1,1,1.0,0,0,0,0,-1.0,False,0,1,0,0,0.0,1.0,0.0,0.0,0.0,True,False,0.0,0,False,False,-1.0,0,0,0,False,1,1,True,1,1,True,-1.0,False,0,5,4,1,1,1,1,0,1,0,0,1.6,True,False,True,1,True,True
feat_tl_post_00612,tl_post_00612,camp_camp_0101,train,HIGH,118,15,4,0.0,0.1949,0.0424,0,1,0,3,0,0,ta,1,Tamil,False,False,1.0,1,1,1,0,0.95,False,True,False,False,False,0,0,1,0,1,True,1,0,1.0,1,1,1.0,0,0,0,0,-1.0,False,0,1,0,0,0.0,1.0,0.0,0.0,0.0,True,False,0.0,0,False,False,-1.0,0,0,0,False,1,1,True,1,1,True,-1.0,False,0,5,4,1,1,1,1,0,1,0,0,1.6,False,False,False,0,True,False
feat_tl_post_00613,tl_post_00613,camp_camp_0102,train,HIGH,102,16,3,0.0,0.0882,0.049,0,0,0,1,1,0,hi,2,Devanagari,False,False,1.0,1,1,1,0,0.95,False,False,False,False,True,0,0,1,0,1,True,1,0,1.0,1,1,1.0,0,0,0,0,-1.0,False,0,1,0,0,0.0,1.0,0.0,0.0,0.0,True,False,0.0,0,False,False,-1.0,0,0,0,False,1,1,True,1,1,True,-1.0,False,0,5,4,1,1,1,1,0,1,0,0,1.6,False,False,False,0,True,False
feat_tl_post_00614,tl_post_00614,camp_camp_0102,train,HIGH,121,18,3,0.0337,0.0744,0.0413,0,0,0,1,1,0,ta-en,3,Latin,True,True,1.0,1,1,1,0,0.95,False,False,True,False,False,0,0,1,0,1,True,1,0,1.0,1,1,1.0,0,0,0,0,-1.0,False,0,1,0,0,0.0,1.0,0.0,0.0,0.0,True,False,0.0,0,False,False,-1.0,0,0,0,False,1,1,True,1,1,True,-1.0,False,0,5,4,1,1,1,1,0,1,0,0,1.6,False,False,True,0,True,True
feat_tl_post_00615,tl_post_00615,camp_camp_0102,train,HIGH,118,19,1,0.1034,0.0678,0.0339,0,0,0,1,0,0,hi-en,4,Latin,True,True,1.0,1,1,1,0,0.95,False,False,False,False,False,0,0,1,0,1,True,1,0,1.0,1,1,1.0,0,0,0,0,-1.0,False,0,1,0,0,0.0,1.0,0.0,0.0,0.0,True,False,0.0,0,False,False,-1.0,0,0,0,False,1,1,True,1,1,True,-1.0,False,0,5,4,1,1,1,1,0,1,0,0,1.6,False,False,False,0,True,False
feat_tl_post_00616,tl_post_00616,camp_camp_0102,train,HIGH,132,20,3,0.1471,0.0455,0.0379,0,0,0,0,0,0,en,0,Latin,False,False,1.0,1,1,1,0,0.95,False,False,False,True,False,0,1,1,1,1,True,1,0,1.0,1,1,1.0,0,0,0,0,-1.0,False,0,1,0,0,0.0,1.0,0.0,0.0,0.0,True,False,0.0,0,False,False,-1.0,0,0,0,False,1,1,True,1,1,True,-1.0,False,0,5,4,1,1,1,1,0,1,0,0,1.6,False,False,False,0,False,True
feat_tl_post_00617,tl_post_00617,camp_camp_0102,train,HIGH,131,12,3,0.0,0.0916,0.0229,0,1,0,0,0,0,ta,1,Tamil,False,False,1.0,1,1,1,0,0.95,False,False,False,False,False,0,0,1,0,1,True,1,0,1.0,1,1,1.0,0,0,0,0,-1.0,False,0,1,0,0,0.0,1.0,0.0,0.0,0.0,True,False,0.0,0,False,False,-1.0,0,0,0,False,1,1,True,1,1,True,-1.0,False,0,5,4,1,1,1,1,0,1,0,0,1.6,False,False,False,0,False,False
feat_tl_post_00618,tl_post_00618,camp_camp_0102,train,HIGH,119,20,2,0.0,0.0924,0.0504,0,0,0,1,0,0,hi,2,Devanagari,False,False,1.0,1,1,1,0,0.95,False,False,False,False,False,0,0,1,0,1,True,1,0,1.0,1,1,1.0,0,0,0,0,-1.0,False,0,1,0,0,0.0,1.0,0.0,0.0,0.0,True,False,0.0,0,False,False,-1.0,0,0,0,False,1,1,True,1,1,True,-1.0,False,0,5,4,1,1,1,1,0,1,0,0,1.6,False,False,False,0,True,False
feat_tl_post_00619,tl_post_00619,trans_trans_group_0103,train,LOW,134,24,2,0.1604,0.0,0.0373,0,0,0,0,0,0,en,0,Latin,False,False,1.0,1,1,0,1,0.1,True,False,False,False,False,0,1,0,0,1,True,1,0,1.0,1,1,1.0,0,0,0,0,-1.0,False,1,0,0,0,1.0,0.0,0.0,0.0,1.0,False,True,0.0,0,False,False,-1.0,0,0,0,False,1,1,True,1,1,True,-1.0,False,0,5,4,1,1,1,1,1,0,0,0,1.6,False,False,False,1,False,False
feat_tl_post_00620,tl_post_00620,trans_trans_group_0103,train,INSUFFICIENT,74,12,2,0.0656,0.0,0.027,0,0,0,0,0,0,hi-en,4,Latin,True,True,1.0,1,1,1,0,0.95,False,False,False,False,False,0,0,0,0,1,True,1,0,1.0,1,1,1.0,0,0,0,0,-1.0,False,0,0,0,1,0.0,0.0,0.0,1.0,0.0,False,False,0.0,0,False,False,-1.0,0,0,0,False,1,1,True,1,1,True,-1.0,False,0,5,4,1,1,1,1,0,0,0,1,1.6,False,False,False,0,False,False
feat_tl_post_00621,tl_post_00621,camp_camp_0103,train,HIGH,114,15,2,0.0361,0.0877,0.0526,0,0,0,1,0,0,en,0,Latin,False,False,1.0,1,1,1,0,0.95,True,False,False,False,False,1,0,1,1,1,True,1,0,1.0,1,1,1.0,0,0,0,0,-1.0,False,0,1,0,0,0.0,1.0,0.0,0.0,0.0,True,False,0.0,0,False,False,-1.0,0,0,0,False,1,1,True,1,1,True,-1.0,False,0,5,4,1,1,1,1,0,1,0,0,1.6,True,False,True,1,True,True
feat_tl_post_00622,tl_post_00622,camp_camp_0103,train,HIGH,118,15,4,0.0,0.1949,0.0424,0,1,0,3,0,0,ta,1,Tamil,False,False,1.0,1,1,1,0,0.95,False,True,False,False,False,0,0,1,0,1,True,1,0,1.0,1,1,1.0,0,0,0,0,-1.0,False,0,1,0,0,0.0,1.0,0.0,0.0,0.0,True,False,0.0,0,False,False,-1.0,0,0,0,False,1,1,True,1,1,True,-1.0,False,0,5,4,1,1,1,1,0,1,0,0,1.6,False,False,False,0,True,False
feat_tl_post_00623,tl_post_00623,camp_camp_0103,train,HIGH,102,16,3,0.0,0.0882,0.049,0,0,0,1,1,0,hi,2,Devanagari,False,False,1.0,1,1,1,0,0.95,False,False,False,False,True,0,0,1,0,1,True,1,0,1.0,1,1,1.0,0,0,0,0,-1.0,False,0,1,0,0,0.0,1.0,0.0,0.0,0.0,True,False,0.0,0,False,False,-1.0,0,0,0,False,1,1,True,1,1,True,-1.0,False,0,5,4,1,1,1,1,0,1,0,0,1.6,False,False,False,0,True,False
feat_tl_post_00624,tl_post_00624,camp_camp_0103,train,HIGH,121,18,3,0.0337,0.0744,0.0413,0,0,0,1,1,0,ta-en,3,Latin,True,True,1.0,1,1,1,0,0.95,False,False,True,False,False,0,0,1,0,1,True,1,0,1.0,1,1,1.0,0,0,0,0,-1.0,False,0,1,0,0,0.0,1.0,0.0,0.0,0.0,True,False,0.0,0,False,False,-1.0,0,0,0,False,1,1,True,1,1,True,-1.0,False,0,5,4,1,1,1,1,0,1,0,0,1.6,False,False,True,0,True,True
feat_tl_post_00625,tl_post_00625,camp_camp_0104,train,HIGH,118,19,1,0.1034,0.0678,0.0339,0,0,0,1,0,0,hi-en,4,Latin,True,True,1.0,1,1,1,0,0.95,False,False,False,False,False,0,0,1,0,1,True,1,0,1.0,1,1,1.0,0,0,0,0,-1.0,False,0,1,0,0,0.0,1.0,0.0,0.0,0.0,True,False,0.0,0,False,False,-1.0,0,0,0,False,1,1,True,1,1,True,-1.0,False,0,5,4,1,1,1,1,0,1,0,0,1.6,False,False,False,0,True,False
feat_tl_post_00626,tl_post_00626,camp_camp_0104,train,HIGH,132,20,3,0.1471,0.0455,0.0379,0,0,0,0,0,0,en,0,Latin,False,False,1.0,1,1,1,0,0.95,False,False,False,True,False,0,1,1,1,1,True,1,0,1.0,1,1,1.0,0,0,0,0,-1.0,False,0,1,0,0,0.0,1.0,0.0,0.0,0.0,True,False,0.0,0,False,False,-1.0,0,0,0,False,1,1,True,1,1,True,-1.0,False,0,5,4,1,1,1,1,0,1,0,0,1.6,False,False,False,0,False,True
feat_tl_post_00627,tl_post_00627,camp_camp_0104,train,HIGH,131,12,3,0.0,0.0916,0.0229,0,1,0,0,0,0,ta,1,Tamil,False,False,1.0,1,1,1,0,0.95,False,False,False,False,False,0,0,1,0,1,True,1,0,1.0,1,1,1.0,0,0,0,0,-1.0,False,0,1,0,0,0.0,1.0,0.0,0.0,0.0,True,False,0.0,0,False,False,-1.0,0,0,0,False,1,1,True,1,1,True,-1.0,False,0,5,4,1,1,1,1,0,1,0,0,1.6,False,False,False,0,False,False
feat_tl_post_00628,tl_post_00628,camp_camp_0104,train,HIGH,119,20,2,0.0,0.0924,0.0504,0,0,0,1,0,0,hi,2,Devanagari,False,False,1.0,1,1,1,0,0.95,False,False,False,False,False,0,0,1,0,1,True,1,0,1.0,1,1,1.0,0,0,0,0,-1.0,False,0,1,0,0,0.0,1.0,0.0,0.0,0.0,True,False,0.0,0,False,False,-1.0,0,0,0,False,1,1,True,1,1,True,-1.0,False,0,5,4,1,1,1,1,0,1,0,0,1.6,False,False,False,0,True,False
feat_tl_post_00629,tl_post_00629,trans_trans_group_0104,train,LOW,130,16,4,0.0455,0.0,0.0385,0,0,0,0,0,0,ta-en,3,Latin,True,True,1.0,1,1,0,1,0.1,True,False,False,False,False,0,0,0,0,1,True,1,0,1.0,1,1,1.0,0,0,0,0,-1.0,False,1,0,0,0,1.0,0.0,0.0,0.0,1.0,False,True,0.0,0,False,False,-1.0,0,0,0,False,1,1,True,1,1,True,-1.0,False,0,5,4,1,1,1,1,1,0,0,0,1.6,False,False,False,1,False,False
feat_tl_post_00630,tl_post_00630,trans_trans_group_0104,train,INSUFFICIENT,74,12,2,0.0656,0.0,0.027,0,0,0,0,0,0,hi-en,4,Latin,True,True,1.0,1,1,1,0,0.95,False,False,False,False,False,0,0,0,0,1,True,1,0,1.0,1,1,1.0,0,0,0,0,-1.0,False,0,0,0,1,0.0,0.0,0.0,1.0,0.0,False,False,0.0,0,False,False,-1.0,0,0,0,False,1,1,True,1,1,True,-1.0,False,0,5,4,1,1,1,1,0,0,0,1,1.6,False,False,False,0,False,False
feat_tl_post_00631,tl_post_00631,camp_camp_0105,train,HIGH,114,15,2,0.0361,0.0877,0.0526,0,0,0,1,0,0,en,0,Latin,False,False,1.0,1,1,1,0,0.95,True,False,False,False,False,1,0,1,1,1,True,1,0,1.0,1,1,1.0,0,0,0,0,-1.0,False,0,1,0,0,0.0,1.0,0.0,0.0,0.0,True,False,0.0,0,False,False,-1.0,0,0,0,False,1,1,True,1,1,True,-1.0,False,0,5,4,1,1,1,1,0,1,0,0,1.6,True,False,True,1,True,True
feat_tl_post_00632,tl_post_00632,camp_camp_0105,train,HIGH,118,15,4,0.0,0.1949,0.0424,0,1,0,3,0,0,ta,1,Tamil,False,False,1.0,1,1,1,0,0.95,False,True,False,False,False,0,0,1,0,1,True,1,0,1.0,1,1,1.0,0,0,0,0,-1.0,False,0,1,0,0,0.0,1.0,0.0,0.0,0.0,True,False,0.0,0,False,False,-1.0,0,0,0,False,1,1,True,1,1,True,-1.0,False,0,5,4,1,1,1,1,0,1,0,0,1.6,False,False,False,0,True,False
feat_tl_post_00633,tl_post_00633,camp_camp_0105,train,HIGH,102,16,3,0.0,0.0882,0.049,0,0,0,1,1,0,hi,2,Devanagari,False,False,1.0,1,1,1,0,0.95,False,False,False,False,True,0,0,1,0,1,True,1,0,1.0,1,1,1.0,0,0,0,0,-1.0,False,0,1,0,0,0.0,1.0,0.0,0.0,0.0,True,False,0.0,0,False,False,-1.0,0,0,0,False,1,1,True,1,1,True,-1.0,False,0,5,4,1,1,1,1,0,1,0,0,1.6,False,False,False,0,True,False
feat_tl_post_00634,tl_post_00634,camp_camp_0105,train,HIGH,121,18,3,0.0337,0.0744,0.0413,0,0,0,1,1,0,ta-en,3,Latin,True,True,1.0,1,1,1,0,0.95,False,False,True,False,False,0,0,1,0,1,True,1,0,1.0,1,1,1.0,0,0,0,0,-1.0,False,0,1,0,0,0.0,1.0,0.0,0.0,0.0,True,False,0.0,0,False,False,-1.0,0,0,0,False,1,1,True,1,1,True,-1.0,False,0,5,4,1,1,1,1,0,1,0,0,1.6,False,False,True,0,True,True
feat_tl_post_00635,tl_post_00635,camp_camp_0105,train,HIGH,118,19,1,0.1034,0.0678,0.0339,0,0,0,1,0,0,hi-en,4,Latin,True,True,1.0,1,1,1,0,0.95,False,False,False,False,False,0,0,1,0,1,True,1,0,1.0,1,1,1.0,0,0,0,0,-1.0,False,0,1,0,0,0.0,1.0,0.0,0.0,0.0,True,False,0.0,0,False,False,-1.0,0,0,0,False,1,1,True,1,1,True,-1.0,False,0,5,4,1,1,1,1,0,1,0,0,1.6,False,False,False,0,True,False
feat_tl_post_00636,tl_post_00636,camp_camp_0105,train,HIGH,132,20,3,0.1471,0.0455,0.0379,0,0,0,0,0,0,en,0,Latin,False,False,1.0,1,1,1,0,0.95,False,False,False,True,False,0,1,1,1,1,True,1,0,1.0,1,1,1.0,0,0,0,0,-1.0,False,0,1,0,0,0.0,1.0,0.0,0.0,0.0,True,False,0.0,0,False,False,-1.0,0,0,0,False,1,1,True,1,1,True,-1.0,False,0,5,4,1,1,1,1,0,1,0,0,1.6,False,False,False,0,False,True
feat_tl_post_00637,tl_post_00637,camp_camp_0106,train,HIGH,131,12,3,0.0,0.0916,0.0229,0,1,0,0,0,0,ta,1,Tamil,False,False,1.0,1,1,1,0,0.95,False,False,False,False,False,0,0,1,0,1,True,1,0,1.0,1,1,1.0,0,0,0,0,-1.0,False,0,1,0,0,0.0,1.0,0.0,0.0,0.0,True,False,0.0,0,False,False,-1.0,0,0,0,False,1,1,True,1,1,True,-1.0,False,0,5,4,1,1,1,1,0,1,0,0,1.6,False,False,False,0,False,False
feat_tl_post_00638,tl_post_00638,camp_camp_0106,train,HIGH,119,20,2,0.0,0.0924,0.0504,0,0,0,1,0,0,hi,2,Devanagari,False,False,1.0,1,1,1,0,0.95,False,False,False,False,False,0,0,1,0,1,True,1,0,1.0,1,1,1.0,0,0,0,0,-1.0,False,0,1,0,0,0.0,1.0,0.0,0.0,0.0,True,False,0.0,0,False,False,-1.0,0,0,0,False,1,1,True,1,1,True,-1.0,False,0,5,4,1,1,1,1,0,1,0,0,1.6,False,False,False,0,True,False
feat_tl_post_00639,tl_post_00639,trans_trans_group_0106,train,LOW,114,21,1,0.0,0.0,0.0088,0,0,0,0,0,0,hi,2,Devanagari,False,False,1.0,1,1,0,1,0.1,True,False,False,False,False,0,0,0,0,1,True,1,0,1.0,1,1,1.0,0,0,0,0,-1.0,False,1,0,0,0,1.0,0.0,0.0,0.0,1.0,False,True,0.0,0,False,False,-1.0,0,0,0,False,1,1,True,1,1,True,-1.0,False,0,5,4,1,1,1,1,1,0,0,0,1.6,False,False,False,1,False,False
feat_tl_post_00640,tl_post_00640,trans_trans_group_0106,train,INSUFFICIENT,74,12,2,0.0656,0.0,0.027,0,0,0,0,0,0,hi-en,4,Latin,True,True,1.0,1,1,1,0,0.95,False,False,False,False,False,0,0,0,0,1,True,1,0,1.0,1,1,1.0,0,0,0,0,-1.0,False,0,0,0,1,0.0,0.0,0.0,1.0,0.0,False,False,0.0,0,False,False,-1.0,0,0,0,False,1,1,True,1,1,True,-1.0,False,0,5,4,1,1,1,1,0,0,0,1,1.6,False,False,False,0,False,False
feat_tl_post_00641,tl_post_00641,camp_camp_0106,train,HIGH,114,15,2,0.0361,0.0877,0.0526,0,0,0,1,0,0,en,0,Latin,False,False,1.0,1,1,1,0,0.95,True,False,False,False,False,1,0,1,1,1,True,1,0,1.0,1,1,1.0,0,0,0,0,-1.0,False,0,1,0,0,0.0,1.0,0.0,0.0,0.0,True,False,0.0,0,False,False,-1.0,0,0,0,False,1,1,True,1,1,True,-1.0,False,0,5,4,1,1,1,1,0,1,0,0,1.6,True,False,True,1,True,True
feat_tl_post_00642,tl_post_00642,camp_camp_0106,train,HIGH,118,15,4,0.0,0.1949,0.0424,0,1,0,3,0,0,ta,1,Tamil,False,False,1.0,1,1,1,0,0.95,False,True,False,False,False,0,0,1,0,1,True,1,0,1.0,1,1,1.0,0,0,0,0,-1.0,False,0,1,0,0,0.0,1.0,0.0,0.0,0.0,True,False,0.0,0,False,False,-1.0,0,0,0,False,1,1,True,1,1,True,-1.0,False,0,5,4,1,1,1,1,0,1,0,0,1.6,False,False,False,0,True,False
feat_tl_post_00643,tl_post_00643,camp_camp_0107,train,HIGH,102,16,3,0.0,0.0882,0.049,0,0,0,1,1,0,hi,2,Devanagari,False,False,1.0,1,1,1,0,0.95,False,False,False,False,True,0,0,1,0,1,True,1,0,1.0,1,1,1.0,0,0,0,0,-1.0,False,0,1,0,0,0.0,1.0,0.0,0.0,0.0,True,False,0.0,0,False,False,-1.0,0,0,0,False,1,1,True,1,1,True,-1.0,False,0,5,4,1,1,1,1,0,1,0,0,1.6,False,False,False,0,True,False
feat_tl_post_00644,tl_post_00644,camp_camp_0107,train,HIGH,121,18,3,0.0337,0.0744,0.0413,0,0,0,1,1,0,ta-en,3,Latin,True,True,1.0,1,1,1,0,0.95,False,False,True,False,False,0,0,1,0,1,True,1,0,1.0,1,1,1.0,0,0,0,0,-1.0,False,0,1,0,0,0.0,1.0,0.0,0.0,0.0,True,False,0.0,0,False,False,-1.0,0,0,0,False,1,1,True,1,1,True,-1.0,False,0,5,4,1,1,1,1,0,1,0,0,1.6,False,False,True,0,True,True
feat_tl_post_00645,tl_post_00645,camp_camp_0107,train,HIGH,118,19,1,0.1034,0.0678,0.0339,0,0,0,1,0,0,hi-en,4,Latin,True,True,1.0,1,1,1,0,0.95,False,False,False,False,False,0,0,1,0,1,True,1,0,1.0,1,1,1.0,0,0,0,0,-1.0,False,0,1,0,0,0.0,1.0,0.0,0.0,0.0,True,False,0.0,0,False,False,-1.0,0,0,0,False,1,1,True,1,1,True,-1.0,False,0,5,4,1,1,1,1,0,1,0,0,1.6,False,False,False,0,True,False
feat_tl_post_00646,tl_post_00646,camp_camp_0107,train,HIGH,132,20,3,0.1471,0.0455,0.0379,0,0,0,0,0,0,en,0,Latin,False,False,1.0,1,1,1,0,0.95,False,False,False,True,False,0,1,1,1,1,True,1,0,1.0,1,1,1.0,0,0,0,0,-1.0,False,0,1,0,0,0.0,1.0,0.0,0.0,0.0,True,False,0.0,0,False,False,-1.0,0,0,0,False,1,1,True,1,1,True,-1.0,False,0,5,4,1,1,1,1,0,1,0,0,1.6,False,False,False,0,False,True
feat_tl_post_00647,tl_post_00647,camp_camp_0107,train,HIGH,131,12,3,0.0,0.0916,0.0229,0,1,0,0,0,0,ta,1,Tamil,False,False,1.0,1,1,1,0,0.95,False,False,False,False,False,0,0,1,0,1,True,1,0,1.0,1,1,1.0,0,0,0,0,-1.0,False,0,1,0,0,0.0,1.0,0.0,0.0,0.0,True,False,0.0,0,False,False,-1.0,0,0,0,False,1,1,True,1,1,True,-1.0,False,0,5,4,1,1,1,1,0,1,0,0,1.6,False,False,False,0,False,False
feat_tl_post_00648,tl_post_00648,camp_camp_0107,train,HIGH,119,20,2,0.0,0.0924,0.0504,0,0,0,1,0,0,hi,2,Devanagari,False,False,1.0,1,1,1,0,0.95,False,False,False,False,False,0,0,1,0,1,True,1,0,1.0,1,1,1.0,0,0,0,0,-1.0,False,0,1,0,0,0.0,1.0,0.0,0.0,0.0,True,False,0.0,0,False,False,-1.0,0,0,0,False,1,1,True,1,1,True,-1.0,False,0,5,4,1,1,1,1,0,1,0,0,1.6,False,False,False,0,True,False
feat_tl_post_00649,tl_post_00649,trans_trans_group_0108,train,LOW,134,24,2,0.1604,0.0,0.0373,0,0,0,0,0,0,en,0,Latin,False,False,1.0,1,1,0,1,0.1,True,False,False,False,False,0,1,0,0,1,True,1,0,1.0,1,1,1.0,0,0,0,0,-1.0,False,1,0,0,0,1.0,0.0,0.0,0.0,1.0,False,True,0.0,0,False,False,-1.0,0,0,0,False,1,1,True,1,1,True,-1.0,False,0,5,4,1,1,1,1,1,0,0,0,1.6,False,False,False,1,False,False
feat_tl_post_00650,tl_post_00650,trans_trans_group_0108,train,INSUFFICIENT,74,12,2,0.0656,0.0,0.027,0,0,0,0,0,0,hi-en,4,Latin,True,True,1.0,1,1,1,0,0.95,False,False,False,False,False,0,0,0,0,1,True,1,0,1.0,1,1,1.0,0,0,0,0,-1.0,False,0,0,0,1,0.0,0.0,0.0,1.0,0.0,False,False,0.0,0,False,False,-1.0,0,0,0,False,1,1,True,1,1,True,-1.0,False,0,5,4,1,1,1,1,0,0,0,1,1.6,False,False,False,0,False,False
feat_tl_post_00651,tl_post_00651,camp_camp_0108,train,HIGH,114,15,2,0.0361,0.0877,0.0526,0,0,0,1,0,0,en,0,Latin,False,False,1.0,1,1,1,0,0.95,True,False,False,False,False,1,0,1,1,1,True,1,0,1.0,1,1,1.0,0,0,0,0,-1.0,False,0,1,0,0,0.0,1.0,0.0,0.0,0.0,True,False,0.0,0,False,False,-1.0,0,0,0,False,1,1,True,1,1,True,-1.0,False,0,5,4,1,1,1,1,0,1,0,0,1.6,True,False,True,1,True,True
feat_tl_post_00652,tl_post_00652,camp_camp_0108,train,HIGH,118,15,4,0.0,0.1949,0.0424,0,1,0,3,0,0,ta,1,Tamil,False,False,1.0,1,1,1,0,0.95,False,True,False,False,False,0,0,1,0,1,True,1,0,1.0,1,1,1.0,0,0,0,0,-1.0,False,0,1,0,0,0.0,1.0,0.0,0.0,0.0,True,False,0.0,0,False,False,-1.0,0,0,0,False,1,1,True,1,1,True,-1.0,False,0,5,4,1,1,1,1,0,1,0,0,1.6,False,False,False,0,True,False
feat_tl_post_00653,tl_post_00653,camp_camp_0108,train,HIGH,102,16,3,0.0,0.0882,0.049,0,0,0,1,1,0,hi,2,Devanagari,False,False,1.0,1,1,1,0,0.95,False,False,False,False,True,0,0,1,0,1,True,1,0,1.0,1,1,1.0,0,0,0,0,-1.0,False,0,1,0,0,0.0,1.0,0.0,0.0,0.0,True,False,0.0,0,False,False,-1.0,0,0,0,False,1,1,True,1,1,True,-1.0,False,0,5,4,1,1,1,1,0,1,0,0,1.6,False,False,False,0,True,False
feat_tl_post_00654,tl_post_00654,camp_camp_0108,train,HIGH,121,18,3,0.0337,0.0744,0.0413,0,0,0,1,1,0,ta-en,3,Latin,True,True,1.0,1,1,1,0,0.95,False,False,True,False,False,0,0,1,0,1,True,1,0,1.0,1,1,1.0,0,0,0,0,-1.0,False,0,1,0,0,0.0,1.0,0.0,0.0,0.0,True,False,0.0,0,False,False,-1.0,0,0,0,False,1,1,True,1,1,True,-1.0,False,0,5,4,1,1,1,1,0,1,0,0,1.6,False,False,True,0,True,True
feat_tl_post_00655,tl_post_00655,camp_camp_0109,train,HIGH,118,19,1,0.1034,0.0678,0.0339,0,0,0,1,0,0,hi-en,4,Latin,True,True,1.0,1,1,1,0,0.95,False,False,False,False,False,0,0,1,0,1,True,1,0,1.0,1,1,1.0,0,0,0,0,-1.0,False,0,1,0,0,0.0,1.0,0.0,0.0,0.0,True,False,0.0,0,False,False,-1.0,0,0,0,False,1,1,True,1,1,True,-1.0,False,0,5,4,1,1,1,1,0,1,0,0,1.6,False,False,False,0,True,False
feat_tl_post_00656,tl_post_00656,camp_camp_0109,train,HIGH,132,20,3,0.1471,0.0455,0.0379,0,0,0,0,0,0,en,0,Latin,False,False,1.0,1,1,1,0,0.95,False,False,False,True,False,0,1,1,1,1,True,1,0,1.0,1,1,1.0,0,0,0,0,-1.0,False,0,1,0,0,0.0,1.0,0.0,0.0,0.0,True,False,0.0,0,False,False,-1.0,0,0,0,False,1,1,True,1,1,True,-1.0,False,0,5,4,1,1,1,1,0,1,0,0,1.6,False,False,False,0,False,True
feat_tl_post_00657,tl_post_00657,camp_camp_0109,train,HIGH,131,12,3,0.0,0.0916,0.0229,0,1,0,0,0,0,ta,1,Tamil,False,False,1.0,1,1,1,0,0.95,False,False,False,False,False,0,0,1,0,1,True,1,0,1.0,1,1,1.0,0,0,0,0,-1.0,False,0,1,0,0,0.0,1.0,0.0,0.0,0.0,True,False,0.0,0,False,False,-1.0,0,0,0,False,1,1,True,1,1,True,-1.0,False,0,5,4,1,1,1,1,0,1,0,0,1.6,False,False,False,0,False,False
feat_tl_post_00658,tl_post_00658,camp_camp_0109,train,HIGH,119,20,2,0.0,0.0924,0.0504,0,0,0,1,0,0,hi,2,Devanagari,False,False,1.0,1,1,1,0,0.95,False,False,False,False,False,0,0,1,0,1,True,1,0,1.0,1,1,1.0,0,0,0,0,-1.0,False,0,1,0,0,0.0,1.0,0.0,0.0,0.0,True,False,0.0,0,False,False,-1.0,0,0,0,False,1,1,True,1,1,True,-1.0,False,0,5,4,1,1,1,1,0,1,0,0,1.6,False,False,False,0,True,False
feat_tl_post_00659,tl_post_00659,trans_trans_group_0109,train,LOW,130,16,4,0.0455,0.0,0.0385,0,0,0,0,0,0,ta-en,3,Latin,True,True,1.0,1,1,0,1,0.1,True,False,False,False,False,0,0,0,0,1,True,1,0,1.0,1,1,1.0,0,0,0,0,-1.0,False,1,0,0,0,1.0,0.0,0.0,0.0,1.0,False,True,0.0,0,False,False,-1.0,0,0,0,False,1,1,True,1,1,True,-1.0,False,0,5,4,1,1,1,1,1,0,0,0,1.6,False,False,False,1,False,False
feat_tl_post_00660,tl_post_00660,trans_trans_group_0109,train,INSUFFICIENT,74,12,2,0.0656,0.0,0.027,0,0,0,0,0,0,hi-en,4,Latin,True,True,1.0,1,1,1,0,0.95,False,False,False,False,False,0,0,0,0,1,True,1,0,1.0,1,1,1.0,0,0,0,0,-1.0,False,0,0,0,1,0.0,0.0,0.0,1.0,0.0,False,False,0.0,0,False,False,-1.0,0,0,0,False,1,1,True,1,1,True,-1.0,False,0,5,4,1,1,1,1,0,0,0,1,1.6,False,False,False,0,False,False
feat_tl_post_00661,tl_post_00661,camp_camp_0110,train,HIGH,114,15,2,0.0361,0.0877,0.0526,0,0,0,1,0,0,en,0,Latin,False,False,1.0,1,1,1,0,0.95,True,False,False,False,False,1,0,1,1,1,True,1,0,1.0,1,1,1.0,0,0,0,0,-1.0,False,0,1,0,0,0.0,1.0,0.0,0.0,0.0,True,False,0.0,0,False,False,-1.0,0,0,0,False,1,1,True,1,1,True,-1.0,False,0,5,4,1,1,1,1,0,1,0,0,1.6,True,False,True,1,True,True
feat_tl_post_00662,tl_post_00662,camp_camp_0110,train,HIGH,118,15,4,0.0,0.1949,0.0424,0,1,0,3,0,0,ta,1,Tamil,False,False,1.0,1,1,1,0,0.95,False,True,False,False,False,0,0,1,0,1,True,1,0,1.0,1,1,1.0,0,0,0,0,-1.0,False,0,1,0,0,0.0,1.0,0.0,0.0,0.0,True,False,0.0,0,False,False,-1.0,0,0,0,False,1,1,True,1,1,True,-1.0,False,0,5,4,1,1,1,1,0,1,0,0,1.6,False,False,False,0,True,False
feat_tl_post_00663,tl_post_00663,camp_camp_0110,train,HIGH,102,16,3,0.0,0.0882,0.049,0,0,0,1,1,0,hi,2,Devanagari,False,False,1.0,1,1,1,0,0.95,False,False,False,False,True,0,0,1,0,1,True,1,0,1.0,1,1,1.0,0,0,0,0,-1.0,False,0,1,0,0,0.0,1.0,0.0,0.0,0.0,True,False,0.0,0,False,False,-1.0,0,0,0,False,1,1,True,1,1,True,-1.0,False,0,5,4,1,1,1,1,0,1,0,0,1.6,False,False,False,0,True,False
feat_tl_post_00664,tl_post_00664,camp_camp_0110,train,HIGH,121,18,3,0.0337,0.0744,0.0413,0,0,0,1,1,0,ta-en,3,Latin,True,True,1.0,1,1,1,0,0.95,False,False,True,False,False,0,0,1,0,1,True,1,0,1.0,1,1,1.0,0,0,0,0,-1.0,False,0,1,0,0,0.0,1.0,0.0,0.0,0.0,True,False,0.0,0,False,False,-1.0,0,0,0,False,1,1,True,1,1,True,-1.0,False,0,5,4,1,1,1,1,0,1,0,0,1.6,False,False,True,0,True,True
feat_tl_post_00665,tl_post_00665,camp_camp_0110,train,HIGH,118,19,1,0.1034,0.0678,0.0339,0,0,0,1,0,0,hi-en,4,Latin,True,True,1.0,1,1,1,0,0.95,False,False,False,False,False,0,0,1,0,1,True,1,0,1.0,1,1,1.0,0,0,0,0,-1.0,False,0,1,0,0,0.0,1.0,0.0,0.0,0.0,True,False,0.0,0,False,False,-1.0,0,0,0,False,1,1,True,1,1,True,-1.0,False,0,5,4,1,1,1,1,0,1,0,0,1.6,False,False,False,0,True,False
feat_tl_post_00666,tl_post_00666,camp_camp_0110,train,HIGH,132,20,3,0.1471,0.0455,0.0379,0,0,0,0,0,0,en,0,Latin,False,False,1.0,1,1,1,0,0.95,False,False,False,True,False,0,1,1,1,1,True,1,0,1.0,1,1,1.0,0,0,0,0,-1.0,False,0,1,0,0,0.0,1.0,0.0,0.0,0.0,True,False,0.0,0,False,False,-1.0,0,0,0,False,1,1,True,1,1,True,-1.0,False,0,5,4,1,1,1,1,0,1,0,0,1.6,False,False,False,0,False,True
feat_tl_post_00667,tl_post_00667,camp_camp_0111,train,HIGH,131,12,3,0.0,0.0916,0.0229,0,1,0,0,0,0,ta,1,Tamil,False,False,1.0,1,1,1,0,0.95,False,False,False,False,False,0,0,1,0,1,True,1,0,1.0,1,1,1.0,0,0,0,0,-1.0,False,0,1,0,0,0.0,1.0,0.0,0.0,0.0,True,False,0.0,0,False,False,-1.0,0,0,0,False,1,1,True,1,1,True,-1.0,False,0,5,4,1,1,1,1,0,1,0,0,1.6,False,False,False,0,False,False
feat_tl_post_00668,tl_post_00668,camp_camp_0111,train,HIGH,119,20,2,0.0,0.0924,0.0504,0,0,0,1,0,0,hi,2,Devanagari,False,False,1.0,1,1,1,0,0.95,False,False,False,False,False,0,0,1,0,1,True,1,0,1.0,1,1,1.0,0,0,0,0,-1.0,False,0,1,0,0,0.0,1.0,0.0,0.0,0.0,True,False,0.0,0,False,False,-1.0,0,0,0,False,1,1,True,1,1,True,-1.0,False,0,5,4,1,1,1,1,0,1,0,0,1.6,False,False,False,0,True,False
feat_tl_post_00669,tl_post_00669,trans_trans_group_0111,train,LOW,114,21,1,0.0,0.0,0.0088,0,0,0,0,0,0,hi,2,Devanagari,False,False,1.0,1,1,0,1,0.1,True,False,False,False,False,0,0,0,0,1,True,1,0,1.0,1,1,1.0,0,0,0,0,-1.0,False,1,0,0,0,1.0,0.0,0.0,0.0,1.0,False,True,0.0,0,False,False,-1.0,0,0,0,False,1,1,True,1,1,True,-1.0,False,0,5,4,1,1,1,1,1,0,0,0,1.6,False,False,False,1,False,False
feat_tl_post_00670,tl_post_00670,trans_trans_group_0111,train,INSUFFICIENT,74,12,2,0.0656,0.0,0.027,0,0,0,0,0,0,hi-en,4,Latin,True,True,1.0,1,1,1,0,0.95,False,False,False,False,False,0,0,0,0,1,True,1,0,1.0,1,1,1.0,0,0,0,0,-1.0,False,0,0,0,1,0.0,0.0,0.0,1.0,0.0,False,False,0.0,0,False,False,-1.0,0,0,0,False,1,1,True,1,1,True,-1.0,False,0,5,4,1,1,1,1,0,0,0,1,1.6,False,False,False,0,False,False
feat_tl_post_00671,tl_post_00671,camp_camp_0111,train,HIGH,114,15,2,0.0361,0.0877,0.0526,0,0,0,1,0,0,en,0,Latin,False,False,1.0,1,1,1,0,0.95,True,False,False,False,False,1,0,1,1,1,True,1,0,1.0,1,1,1.0,0,0,0,0,-1.0,False,0,1,0,0,0.0,1.0,0.0,0.0,0.0,True,False,0.0,0,False,False,-1.0,0,0,0,False,1,1,True,1,1,True,-1.0,False,0,5,4,1,1,1,1,0,1,0,0,1.6,True,False,True,1,True,True
feat_tl_post_00672,tl_post_00672,camp_camp_0111,train,HIGH,118,15,4,0.0,0.1949,0.0424,0,1,0,3,0,0,ta,1,Tamil,False,False,1.0,1,1,1,0,0.95,False,True,False,False,False,0,0,1,0,1,True,1,0,1.0,1,1,1.0,0,0,0,0,-1.0,False,0,1,0,0,0.0,1.0,0.0,0.0,0.0,True,False,0.0,0,False,False,-1.0,0,0,0,False,1,1,True,1,1,True,-1.0,False,0,5,4,1,1,1,1,0,1,0,0,1.6,False,False,False,0,True,False
feat_tl_post_00673,tl_post_00673,camp_camp_0112,train,HIGH,102,16,3,0.0,0.0882,0.049,0,0,0,1,1,0,hi,2,Devanagari,False,False,1.0,1,1,1,0,0.95,False,False,False,False,True,0,0,1,0,1,True,1,0,1.0,1,1,1.0,0,0,0,0,-1.0,False,0,1,0,0,0.0,1.0,0.0,0.0,0.0,True,False,0.0,0,False,False,-1.0,0,0,0,False,1,1,True,1,1,True,-1.0,False,0,5,4,1,1,1,1,0,1,0,0,1.6,False,False,False,0,True,False
feat_tl_post_00674,tl_post_00674,camp_camp_0112,train,HIGH,121,18,3,0.0337,0.0744,0.0413,0,0,0,1,1,0,ta-en,3,Latin,True,True,1.0,1,1,1,0,0.95,False,False,True,False,False,0,0,1,0,1,True,1,0,1.0,1,1,1.0,0,0,0,0,-1.0,False,0,1,0,0,0.0,1.0,0.0,0.0,0.0,True,False,0.0,0,False,False,-1.0,0,0,0,False,1,1,True,1,1,True,-1.0,False,0,5,4,1,1,1,1,0,1,0,0,1.6,False,False,True,0,True,True
feat_tl_post_00675,tl_post_00675,camp_camp_0112,train,HIGH,118,19,1,0.1034,0.0678,0.0339,0,0,0,1,0,0,hi-en,4,Latin,True,True,1.0,1,1,1,0,0.95,False,False,False,False,False,0,0,1,0,1,True,1,0,1.0,1,1,1.0,0,0,0,0,-1.0,False,0,1,0,0,0.0,1.0,0.0,0.0,0.0,True,False,0.0,0,False,False,-1.0,0,0,0,False,1,1,True,1,1,True,-1.0,False,0,5,4,1,1,1,1,0,1,0,0,1.6,False,False,False,0,True,False
feat_tl_post_00676,tl_post_00676,camp_camp_0112,train,HIGH,132,20,3,0.1471,0.0455,0.0379,0,0,0,0,0,0,en,0,Latin,False,False,1.0,1,1,1,0,0.95,False,False,False,True,False,0,1,1,1,1,True,1,0,1.0,1,1,1.0,0,0,0,0,-1.0,False,0,1,0,0,0.0,1.0,0.0,0.0,0.0,True,False,0.0,0,False,False,-1.0,0,0,0,False,1,1,True,1,1,True,-1.0,False,0,5,4,1,1,1,1,0,1,0,0,1.6,False,False,False,0,False,True
feat_tl_post_00677,tl_post_00677,camp_camp_0112,train,HIGH,131,12,3,0.0,0.0916,0.0229,0,1,0,0,0,0,ta,1,Tamil,False,False,1.0,1,1,1,0,0.95,False,False,False,False,False,0,0,1,0,1,True,1,0,1.0,1,1,1.0,0,0,0,0,-1.0,False,0,1,0,0,0.0,1.0,0.0,0.0,0.0,True,False,0.0,0,False,False,-1.0,0,0,0,False,1,1,True,1,1,True,-1.0,False,0,5,4,1,1,1,1,0,1,0,0,1.6,False,False,False,0,False,False
feat_tl_post_00678,tl_post_00678,camp_camp_0112,train,HIGH,119,20,2,0.0,0.0924,0.0504,0,0,0,1,0,0,hi,2,Devanagari,False,False,1.0,1,1,1,0,0.95,False,False,False,False,False,0,0,1,0,1,True,1,0,1.0,1,1,1.0,0,0,0,0,-1.0,False,0,1,0,0,0.0,1.0,0.0,0.0,0.0,True,False,0.0,0,False,False,-1.0,0,0,0,False,1,1,True,1,1,True,-1.0,False,0,5,4,1,1,1,1,0,1,0,0,1.6,False,False,False,0,True,False
feat_tl_post_00679,tl_post_00679,trans_trans_group_0113,train,LOW,134,24,2,0.1604,0.0,0.0373,0,0,0,0,0,0,en,0,Latin,False,False,1.0,1,1,0,1,0.1,True,False,False,False,False,0,1,0,0,1,True,1,0,1.0,1,1,1.0,0,0,0,0,-1.0,False,1,0,0,0,1.0,0.0,0.0,0.0,1.0,False,True,0.0,0,False,False,-1.0,0,0,0,False,1,1,True,1,1,True,-1.0,False,0,5,4,1,1,1,1,1,0,0,0,1.6,False,False,False,1,False,False
feat_tl_post_00680,tl_post_00680,trans_trans_group_0113,train,INSUFFICIENT,74,12,2,0.0656,0.0,0.027,0,0,0,0,0,0,hi-en,4,Latin,True,True,1.0,1,1,1,0,0.95,False,False,False,False,False,0,0,0,0,1,True,1,0,1.0,1,1,1.0,0,0,0,0,-1.0,False,0,0,0,1,0.0,0.0,0.0,1.0,0.0,False,False,0.0,0,False,False,-1.0,0,0,0,False,1,1,True,1,1,True,-1.0,False,0,5,4,1,1,1,1,0,0,0,1,1.6,False,False,False,0,False,False
feat_tl_post_00681,tl_post_00681,camp_camp_0113,train,HIGH,114,15,2,0.0361,0.0877,0.0526,0,0,0,1,0,0,en,0,Latin,False,False,1.0,1,1,1,0,0.95,True,False,False,False,False,1,0,1,1,1,True,1,0,1.0,1,1,1.0,0,0,0,0,-1.0,False,0,1,0,0,0.0,1.0,0.0,0.0,0.0,True,False,0.0,0,False,False,-1.0,0,0,0,False,1,1,True,1,1,True,-1.0,False,0,5,4,1,1,1,1,0,1,0,0,1.6,True,False,True,1,True,True
feat_tl_post_00682,tl_post_00682,camp_camp_0113,train,HIGH,118,15,4,0.0,0.1949,0.0424,0,1,0,3,0,0,ta,1,Tamil,False,False,1.0,1,1,1,0,0.95,False,True,False,False,False,0,0,1,0,1,True,1,0,1.0,1,1,1.0,0,0,0,0,-1.0,False,0,1,0,0,0.0,1.0,0.0,0.0,0.0,True,False,0.0,0,False,False,-1.0,0,0,0,False,1,1,True,1,1,True,-1.0,False,0,5,4,1,1,1,1,0,1,0,0,1.6,False,False,False,0,True,False
feat_tl_post_00683,tl_post_00683,camp_camp_0113,train,HIGH,102,16,3,0.0,0.0882,0.049,0,0,0,1,1,0,hi,2,Devanagari,False,False,1.0,1,1,1,0,0.95,False,False,False,False,True,0,0,1,0,1,True,1,0,1.0,1,1,1.0,0,0,0,0,-1.0,False,0,1,0,0,0.0,1.0,0.0,0.0,0.0,True,False,0.0,0,False,False,-1.0,0,0,0,False,1,1,True,1,1,True,-1.0,False,0,5,4,1,1,1,1,0,1,0,0,1.6,False,False,False,0,True,False
feat_tl_post_00684,tl_post_00684,camp_camp_0113,train,HIGH,121,18,3,0.0337,0.0744,0.0413,0,0,0,1,1,0,ta-en,3,Latin,True,True,1.0,1,1,1,0,0.95,False,False,True,False,False,0,0,1,0,1,True,1,0,1.0,1,1,1.0,0,0,0,0,-1.0,False,0,1,0,0,0.0,1.0,0.0,0.0,0.0,True,False,0.0,0,False,False,-1.0,0,0,0,False,1,1,True,1,1,True,-1.0,False,0,5,4,1,1,1,1,0,1,0,0,1.6,False,False,True,0,True,True
feat_tl_post_00685,tl_post_00685,camp_camp_0114,train,HIGH,118,19,1,0.1034,0.0678,0.0339,0,0,0,1,0,0,hi-en,4,Latin,True,True,1.0,1,1,1,0,0.95,False,False,False,False,False,0,0,1,0,1,True,1,0,1.0,1,1,1.0,0,0,0,0,-1.0,False,0,1,0,0,0.0,1.0,0.0,0.0,0.0,True,False,0.0,0,False,False,-1.0,0,0,0,False,1,1,True,1,1,True,-1.0,False,0,5,4,1,1,1,1,0,1,0,0,1.6,False,False,False,0,True,False
feat_tl_post_00686,tl_post_00686,camp_camp_0114,train,HIGH,132,20,3,0.1471,0.0455,0.0379,0,0,0,0,0,0,en,0,Latin,False,False,1.0,1,1,1,0,0.95,False,False,False,True,False,0,1,1,1,1,True,1,0,1.0,1,1,1.0,0,0,0,0,-1.0,False,0,1,0,0,0.0,1.0,0.0,0.0,0.0,True,False,0.0,0,False,False,-1.0,0,0,0,False,1,1,True,1,1,True,-1.0,False,0,5,4,1,1,1,1,0,1,0,0,1.6,False,False,False,0,False,True
feat_tl_post_00687,tl_post_00687,camp_camp_0114,train,HIGH,131,12,3,0.0,0.0916,0.0229,0,1,0,0,0,0,ta,1,Tamil,False,False,1.0,1,1,1,0,0.95,False,False,False,False,False,0,0,1,0,1,True,1,0,1.0,1,1,1.0,0,0,0,0,-1.0,False,0,1,0,0,0.0,1.0,0.0,0.0,0.0,True,False,0.0,0,False,False,-1.0,0,0,0,False,1,1,True,1,1,True,-1.0,False,0,5,4,1,1,1,1,0,1,0,0,1.6,False,False,False,0,False,False
feat_tl_post_00688,tl_post_00688,camp_camp_0114,train,HIGH,119,20,2,0.0,0.0924,0.0504,0,0,0,1,0,0,hi,2,Devanagari,False,False,1.0,1,1,1,0,0.95,False,False,False,False,False,0,0,1,0,1,True,1,0,1.0,1,1,1.0,0,0,0,0,-1.0,False,0,1,0,0,0.0,1.0,0.0,0.0,0.0,True,False,0.0,0,False,False,-1.0,0,0,0,False,1,1,True,1,1,True,-1.0,False,0,5,4,1,1,1,1,0,1,0,0,1.6,False,False,False,0,True,False
feat_tl_post_00689,tl_post_00689,trans_trans_group_0114,train,LOW,130,16,4,0.0455,0.0,0.0385,0,0,0,0,0,0,ta-en,3,Latin,True,True,1.0,1,1,0,1,0.1,True,False,False,False,False,0,0,0,0,1,True,1,0,1.0,1,1,1.0,0,0,0,0,-1.0,False,1,0,0,0,1.0,0.0,0.0,0.0,1.0,False,True,0.0,0,False,False,-1.0,0,0,0,False,1,1,True,1,1,True,-1.0,False,0,5,4,1,1,1,1,1,0,0,0,1.6,False,False,False,1,False,False
feat_tl_post_00690,tl_post_00690,trans_trans_group_0114,train,INSUFFICIENT,74,12,2,0.0656,0.0,0.027,0,0,0,0,0,0,hi-en,4,Latin,True,True,1.0,1,1,1,0,0.95,False,False,False,False,False,0,0,0,0,1,True,1,0,1.0,1,1,1.0,0,0,0,0,-1.0,False,0,0,0,1,0.0,0.0,0.0,1.0,0.0,False,False,0.0,0,False,False,-1.0,0,0,0,False,1,1,True,1,1,True,-1.0,False,0,5,4,1,1,1,1,0,0,0,1,1.6,False,False,False,0,False,False
feat_tl_post_00691,tl_post_00691,camp_camp_0115,train,HIGH,114,15,2,0.0361,0.0877,0.0526,0,0,0,1,0,0,en,0,Latin,False,False,1.0,1,1,1,0,0.95,True,False,False,False,False,1,0,1,1,1,True,1,0,1.0,1,1,1.0,0,0,0,0,-1.0,False,0,1,0,0,0.0,1.0,0.0,0.0,0.0,True,False,0.0,0,False,False,-1.0,0,0,0,False,1,1,True,1,1,True,-1.0,False,0,5,4,1,1,1,1,0,1,0,0,1.6,True,False,True,1,True,True
feat_tl_post_00692,tl_post_00692,camp_camp_0115,train,HIGH,118,15,4,0.0,0.1949,0.0424,0,1,0,3,0,0,ta,1,Tamil,False,False,1.0,1,1,1,0,0.95,False,True,False,False,False,0,0,1,0,1,True,1,0,1.0,1,1,1.0,0,0,0,0,-1.0,False,0,1,0,0,0.0,1.0,0.0,0.0,0.0,True,False,0.0,0,False,False,-1.0,0,0,0,False,1,1,True,1,1,True,-1.0,False,0,5,4,1,1,1,1,0,1,0,0,1.6,False,False,False,0,True,False
feat_tl_post_00693,tl_post_00693,camp_camp_0115,train,HIGH,102,16,3,0.0,0.0882,0.049,0,0,0,1,1,0,hi,2,Devanagari,False,False,1.0,1,1,1,0,0.95,False,False,False,False,True,0,0,1,0,1,True,1,0,1.0,1,1,1.0,0,0,0,0,-1.0,False,0,1,0,0,0.0,1.0,0.0,0.0,0.0,True,False,0.0,0,False,False,-1.0,0,0,0,False,1,1,True,1,1,True,-1.0,False,0,5,4,1,1,1,1,0,1,0,0,1.6,False,False,False,0,True,False
feat_tl_post_00694,tl_post_00694,camp_camp_0115,train,HIGH,121,18,3,0.0337,0.0744,0.0413,0,0,0,1,1,0,ta-en,3,Latin,True,True,1.0,1,1,1,0,0.95,False,False,True,False,False,0,0,1,0,1,True,1,0,1.0,1,1,1.0,0,0,0,0,-1.0,False,0,1,0,0,0.0,1.0,0.0,0.0,0.0,True,False,0.0,0,False,False,-1.0,0,0,0,False,1,1,True,1,1,True,-1.0,False,0,5,4,1,1,1,1,0,1,0,0,1.6,False,False,True,0,True,True
feat_tl_post_00695,tl_post_00695,camp_camp_0115,train,HIGH,118,19,1,0.1034,0.0678,0.0339,0,0,0,1,0,0,hi-en,4,Latin,True,True,1.0,1,1,1,0,0.95,False,False,False,False,False,0,0,1,0,1,True,1,0,1.0,1,1,1.0,0,0,0,0,-1.0,False,0,1,0,0,0.0,1.0,0.0,0.0,0.0,True,False,0.0,0,False,False,-1.0,0,0,0,False,1,1,True,1,1,True,-1.0,False,0,5,4,1,1,1,1,0,1,0,0,1.6,False,False,False,0,True,False
feat_tl_post_00696,tl_post_00696,camp_camp_0115,train,HIGH,132,20,3,0.1471,0.0455,0.0379,0,0,0,0,0,0,en,0,Latin,False,False,1.0,1,1,1,0,0.95,False,False,False,True,False,0,1,1,1,1,True,1,0,1.0,1,1,1.0,0,0,0,0,-1.0,False,0,1,0,0,0.0,1.0,0.0,0.0,0.0,True,False,0.0,0,False,False,-1.0,0,0,0,False,1,1,True,1,1,True,-1.0,False,0,5,4,1,1,1,1,0,1,0,0,1.6,False,False,False,0,False,True
feat_tl_post_00697,tl_post_00697,camp_camp_0116,train,HIGH,131,12,3,0.0,0.0916,0.0229,0,1,0,0,0,0,ta,1,Tamil,False,False,1.0,1,1,1,0,0.95,False,False,False,False,False,0,0,1,0,1,True,1,0,1.0,1,1,1.0,0,0,0,0,-1.0,False,0,1,0,0,0.0,1.0,0.0,0.0,0.0,True,False,0.0,0,False,False,-1.0,0,0,0,False,1,1,True,1,1,True,-1.0,False,0,5,4,1,1,1,1,0,1,0,0,1.6,False,False,False,0,False,False
feat_tl_post_00698,tl_post_00698,camp_camp_0116,train,HIGH,119,20,2,0.0,0.0924,0.0504,0,0,0,1,0,0,hi,2,Devanagari,False,False,1.0,1,1,1,0,0.95,False,False,False,False,False,0,0,1,0,1,True,1,0,1.0,1,1,1.0,0,0,0,0,-1.0,False,0,1,0,0,0.0,1.0,0.0,0.0,0.0,True,False,0.0,0,False,False,-1.0,0,0,0,False,1,1,True,1,1,True,-1.0,False,0,5,4,1,1,1,1,0,1,0,0,1.6,False,False,False,0,True,False
feat_tl_post_00699,tl_post_00699,trans_trans_group_0116,train,LOW,114,21,1,0.0,0.0,0.0088,0,0,0,0,0,0,hi,2,Devanagari,False,False,1.0,1,1,0,1,0.1,True,False,False,False,False,0,0,0,0,1,True,1,0,1.0,1,1,1.0,0,0,0,0,-1.0,False,1,0,0,0,1.0,0.0,0.0,0.0,1.0,False,True,0.0,0,False,False,-1.0,0,0,0,False,1,1,True,1,1,True,-1.0,False,0,5,4,1,1,1,1,1,0,0,0,1.6,False,False,False,1,False,False
feat_tl_post_00700,tl_post_00700,trans_trans_group_0116,train,INSUFFICIENT,74,12,2,0.0656,0.0,0.027,0,0,0,0,0,0,hi-en,4,Latin,True,True,1.0,1,1,1,0,0.95,False,False,False,False,False,0,0,0,0,1,True,1,0,1.0,1,1,1.0,0,0,0,0,-1.0,False,0,0,0,1,0.0,0.0,0.0,1.0,0.0,False,False,0.0,0,False,False,-1.0,0,0,0,False,1,1,True,1,1,True,-1.0,False,0,5,4,1,1,1,1,0,0,0,1,1.6,False,False,False,0,False,False
feat_tl_post_00701,tl_post_00701,camp_camp_0116,train,HIGH,114,15,2,0.0361,0.0877,0.0526,0,0,0,1,0,0,en,0,Latin,False,False,1.0,1,1,1,0,0.95,True,False,False,False,False,1,0,1,1,1,True,1,0,1.0,1,1,1.0,0,0,0,0,-1.0,False,0,1,0,0,0.0,1.0,0.0,0.0,0.0,True,False,0.0,0,False,False,-1.0,0,0,0,False,1,1,True,1,1,True,-1.0,False,0,5,4,1,1,1,1,0,1,0,0,1.6,True,False,True,1,True,True
feat_tl_post_00702,tl_post_00702,camp_camp_0116,train,HIGH,118,15,4,0.0,0.1949,0.0424,0,1,0,3,0,0,ta,1,Tamil,False,False,1.0,1,1,1,0,0.95,False,True,False,False,False,0,0,1,0,1,True,1,0,1.0,1,1,1.0,0,0,0,0,-1.0,False,0,1,0,0,0.0,1.0,0.0,0.0,0.0,True,False,0.0,0,False,False,-1.0,0,0,0,False,1,1,True,1,1,True,-1.0,False,0,5,4,1,1,1,1,0,1,0,0,1.6,False,False,False,0,True,False
feat_tl_post_00703,tl_post_00703,camp_camp_0117,train,HIGH,102,16,3,0.0,0.0882,0.049,0,0,0,1,1,0,hi,2,Devanagari,False,False,1.0,1,1,1,0,0.95,False,False,False,False,True,0,0,1,0,1,True,1,0,1.0,1,1,1.0,0,0,0,0,-1.0,False,0,1,0,0,0.0,1.0,0.0,0.0,0.0,True,False,0.0,0,False,False,-1.0,0,0,0,False,1,1,True,1,1,True,-1.0,False,0,5,4,1,1,1,1,0,1,0,0,1.6,False,False,False,0,True,False
feat_tl_post_00704,tl_post_00704,camp_camp_0117,train,HIGH,121,18,3,0.0337,0.0744,0.0413,0,0,0,1,1,0,ta-en,3,Latin,True,True,1.0,1,1,1,0,0.95,False,False,True,False,False,0,0,1,0,1,True,1,0,1.0,1,1,1.0,0,0,0,0,-1.0,False,0,1,0,0,0.0,1.0,0.0,0.0,0.0,True,False,0.0,0,False,False,-1.0,0,0,0,False,1,1,True,1,1,True,-1.0,False,0,5,4,1,1,1,1,0,1,0,0,1.6,False,False,True,0,True,True
feat_tl_post_00705,tl_post_00705,camp_camp_0117,train,HIGH,118,19,1,0.1034,0.0678,0.0339,0,0,0,1,0,0,hi-en,4,Latin,True,True,1.0,1,1,1,0,0.95,False,False,False,False,False,0,0,1,0,1,True,1,0,1.0,1,1,1.0,0,0,0,0,-1.0,False,0,1,0,0,0.0,1.0,0.0,0.0,0.0,True,False,0.0,0,False,False,-1.0,0,0,0,False,1,1,True,1,1,True,-1.0,False,0,5,4,1,1,1,1,0,1,0,0,1.6,False,False,False,0,True,False
feat_tl_post_00706,tl_post_00706,camp_camp_0117,train,HIGH,132,20,3,0.1471,0.0455,0.0379,0,0,0,0,0,0,en,0,Latin,False,False,1.0,1,1,1,0,0.95,False,False,False,True,False,0,1,1,1,1,True,1,0,1.0,1,1,1.0,0,0,0,0,-1.0,False,0,1,0,0,0.0,1.0,0.0,0.0,0.0,True,False,0.0,0,False,False,-1.0,0,0,0,False,1,1,True,1,1,True,-1.0,False,0,5,4,1,1,1,1,0,1,0,0,1.6,False,False,False,0,False,True
feat_tl_post_00707,tl_post_00707,camp_camp_0117,train,HIGH,131,12,3,0.0,0.0916,0.0229,0,1,0,0,0,0,ta,1,Tamil,False,False,1.0,1,1,1,0,0.95,False,False,False,False,False,0,0,1,0,1,True,1,0,1.0,1,1,1.0,0,0,0,0,-1.0,False,0,1,0,0,0.0,1.0,0.0,0.0,0.0,True,False,0.0,0,False,False,-1.0,0,0,0,False,1,1,True,1,1,True,-1.0,False,0,5,4,1,1,1,1,0,1,0,0,1.6,False,False,False,0,False,False
feat_tl_post_00708,tl_post_00708,camp_camp_0117,train,HIGH,119,20,2,0.0,0.0924,0.0504,0,0,0,1,0,0,hi,2,Devanagari,False,False,1.0,1,1,1,0,0.95,False,False,False,False,False,0,0,1,0,1,True,1,0,1.0,1,1,1.0,0,0,0,0,-1.0,False,0,1,0,0,0.0,1.0,0.0,0.0,0.0,True,False,0.0,0,False,False,-1.0,0,0,0,False,1,1,True,1,1,True,-1.0,False,0,5,4,1,1,1,1,0,1,0,0,1.6,False,False,False,0,True,False
feat_tl_post_00709,tl_post_00709,trans_trans_group_0118,train,LOW,134,24,2,0.1604,0.0,0.0373,0,0,0,0,0,0,en,0,Latin,False,False,1.0,1,1,0,1,0.1,True,False,False,False,False,0,1,0,0,1,True,1,0,1.0,1,1,1.0,0,0,0,0,-1.0,False,1,0,0,0,1.0,0.0,0.0,0.0,1.0,False,True,0.0,0,False,False,-1.0,0,0,0,False,1,1,True,1,1,True,-1.0,False,0,5,4,1,1,1,1,1,0,0,0,1.6,False,False,False,1,False,False
feat_tl_post_00710,tl_post_00710,trans_trans_group_0118,train,INSUFFICIENT,74,12,2,0.0656,0.0,0.027,0,0,0,0,0,0,hi-en,4,Latin,True,True,1.0,1,1,1,0,0.95,False,False,False,False,False,0,0,0,0,1,True,1,0,1.0,1,1,1.0,0,0,0,0,-1.0,False,0,0,0,1,0.0,0.0,0.0,1.0,0.0,False,False,0.0,0,False,False,-1.0,0,0,0,False,1,1,True,1,1,True,-1.0,False,0,5,4,1,1,1,1,0,0,0,1,1.6,False,False,False,0,False,False
feat_tl_post_00711,tl_post_00711,camp_camp_0118,train,HIGH,114,15,2,0.0361,0.0877,0.0526,0,0,0,1,0,0,en,0,Latin,False,False,1.0,1,1,1,0,0.95,True,False,False,False,False,1,0,1,1,1,True,1,0,1.0,1,1,1.0,0,0,0,0,-1.0,False,0,1,0,0,0.0,1.0,0.0,0.0,0.0,True,False,0.0,0,False,False,-1.0,0,0,0,False,1,1,True,1,1,True,-1.0,False,0,5,4,1,1,1,1,0,1,0,0,1.6,True,False,True,1,True,True
feat_tl_post_00712,tl_post_00712,camp_camp_0118,train,HIGH,118,15,4,0.0,0.1949,0.0424,0,1,0,3,0,0,ta,1,Tamil,False,False,1.0,1,1,1,0,0.95,False,True,False,False,False,0,0,1,0,1,True,1,0,1.0,1,1,1.0,0,0,0,0,-1.0,False,0,1,0,0,0.0,1.0,0.0,0.0,0.0,True,False,0.0,0,False,False,-1.0,0,0,0,False,1,1,True,1,1,True,-1.0,False,0,5,4,1,1,1,1,0,1,0,0,1.6,False,False,False,0,True,False
feat_tl_post_00713,tl_post_00713,camp_camp_0118,train,HIGH,102,16,3,0.0,0.0882,0.049,0,0,0,1,1,0,hi,2,Devanagari,False,False,1.0,1,1,1,0,0.95,False,False,False,False,True,0,0,1,0,1,True,1,0,1.0,1,1,1.0,0,0,0,0,-1.0,False,0,1,0,0,0.0,1.0,0.0,0.0,0.0,True,False,0.0,0,False,False,-1.0,0,0,0,False,1,1,True,1,1,True,-1.0,False,0,5,4,1,1,1,1,0,1,0,0,1.6,False,False,False,0,True,False
feat_tl_post_00714,tl_post_00714,camp_camp_0118,train,HIGH,121,18,3,0.0337,0.0744,0.0413,0,0,0,1,1,0,ta-en,3,Latin,True,True,1.0,1,1,1,0,0.95,False,False,True,False,False,0,0,1,0,1,True,1,0,1.0,1,1,1.0,0,0,0,0,-1.0,False,0,1,0,0,0.0,1.0,0.0,0.0,0.0,True,False,0.0,0,False,False,-1.0,0,0,0,False,1,1,True,1,1,True,-1.0,False,0,5,4,1,1,1,1,0,1,0,0,1.6,False,False,True,0,True,True
feat_tl_post_00715,tl_post_00715,camp_camp_0119,train,HIGH,118,19,1,0.1034,0.0678,0.0339,0,0,0,1,0,0,hi-en,4,Latin,True,True,1.0,1,1,1,0,0.95,False,False,False,False,False,0,0,1,0,1,True,1,0,1.0,1,1,1.0,0,0,0,0,-1.0,False,0,1,0,0,0.0,1.0,0.0,0.0,0.0,True,False,0.0,0,False,False,-1.0,0,0,0,False,1,1,True,1,1,True,-1.0,False,0,5,4,1,1,1,1,0,1,0,0,1.6,False,False,False,0,True,False
feat_tl_post_00716,tl_post_00716,camp_camp_0119,train,HIGH,132,20,3,0.1471,0.0455,0.0379,0,0,0,0,0,0,en,0,Latin,False,False,1.0,1,1,1,0,0.95,False,False,False,True,False,0,1,1,1,1,True,1,0,1.0,1,1,1.0,0,0,0,0,-1.0,False,0,1,0,0,0.0,1.0,0.0,0.0,0.0,True,False,0.0,0,False,False,-1.0,0,0,0,False,1,1,True,1,1,True,-1.0,False,0,5,4,1,1,1,1,0,1,0,0,1.6,False,False,False,0,False,True
feat_tl_post_00717,tl_post_00717,camp_camp_0119,train,HIGH,131,12,3,0.0,0.0916,0.0229,0,1,0,0,0,0,ta,1,Tamil,False,False,1.0,1,1,1,0,0.95,False,False,False,False,False,0,0,1,0,1,True,1,0,1.0,1,1,1.0,0,0,0,0,-1.0,False,0,1,0,0,0.0,1.0,0.0,0.0,0.0,True,False,0.0,0,False,False,-1.0,0,0,0,False,1,1,True,1,1,True,-1.0,False,0,5,4,1,1,1,1,0,1,0,0,1.6,False,False,False,0,False,False
feat_tl_post_00718,tl_post_00718,camp_camp_0119,train,HIGH,119,20,2,0.0,0.0924,0.0504,0,0,0,1,0,0,hi,2,Devanagari,False,False,1.0,1,1,1,0,0.95,False,False,False,False,False,0,0,1,0,1,True,1,0,1.0,1,1,1.0,0,0,0,0,-1.0,False,0,1,0,0,0.0,1.0,0.0,0.0,0.0,True,False,0.0,0,False,False,-1.0,0,0,0,False,1,1,True,1,1,True,-1.0,False,0,5,4,1,1,1,1,0,1,0,0,1.6,False,False,False,0,True,False
feat_tl_post_00719,tl_post_00719,trans_trans_group_0119,train,LOW,130,16,4,0.0455,0.0,0.0385,0,0,0,0,0,0,ta-en,3,Latin,True,True,1.0,1,1,0,1,0.1,True,False,False,False,False,0,0,0,0,1,True,1,0,1.0,1,1,1.0,0,0,0,0,-1.0,False,1,0,0,0,1.0,0.0,0.0,0.0,1.0,False,True,0.0,0,False,False,-1.0,0,0,0,False,1,1,True,1,1,True,-1.0,False,0,5,4,1,1,1,1,1,0,0,0,1.6,False,False,False,1,False,False
feat_tl_post_00720,tl_post_00720,trans_trans_group_0119,train,INSUFFICIENT,74,12,2,0.0656,0.0,0.027,0,0,0,0,0,0,hi-en,4,Latin,True,True,1.0,1,1,1,0,0.95,False,False,False,False,False,0,0,0,0,1,True,1,0,1.0,1,1,1.0,0,0,0,0,-1.0,False,0,0,0,1,0.0,0.0,0.0,1.0,0.0,False,False,0.0,0,False,False,-1.0,0,0,0,False,1,1,True,1,1,True,-1.0,False,0,5,4,1,1,1,1,0,0,0,1,1.6,False,False,False,0,False,False
feat_tl_post_00721,tl_post_00721,camp_camp_0120,train,HIGH,114,15,2,0.0361,0.0877,0.0526,0,0,0,1,0,0,en,0,Latin,False,False,1.0,1,1,1,0,0.95,True,False,False,False,False,1,0,1,1,1,True,1,0,1.0,1,1,1.0,0,0,0,0,-1.0,False,0,1,0,0,0.0,1.0,0.0,0.0,0.0,True,False,0.0,0,False,False,-1.0,0,0,0,False,1,1,True,1,1,True,-1.0,False,0,5,4,1,1,1,1,0,1,0,0,1.6,True,False,True,1,True,True
feat_tl_post_00722,tl_post_00722,camp_camp_0120,train,HIGH,118,15,4,0.0,0.1949,0.0424,0,1,0,3,0,0,ta,1,Tamil,False,False,1.0,1,1,1,0,0.95,False,True,False,False,False,0,0,1,0,1,True,1,0,1.0,1,1,1.0,0,0,0,0,-1.0,False,0,1,0,0,0.0,1.0,0.0,0.0,0.0,True,False,0.0,0,False,False,-1.0,0,0,0,False,1,1,True,1,1,True,-1.0,False,0,5,4,1,1,1,1,0,1,0,0,1.6,False,False,False,0,True,False
feat_tl_post_00723,tl_post_00723,camp_camp_0120,train,HIGH,102,16,3,0.0,0.0882,0.049,0,0,0,1,1,0,hi,2,Devanagari,False,False,1.0,1,1,1,0,0.95,False,False,False,False,True,0,0,1,0,1,True,1,0,1.0,1,1,1.0,0,0,0,0,-1.0,False,0,1,0,0,0.0,1.0,0.0,0.0,0.0,True,False,0.0,0,False,False,-1.0,0,0,0,False,1,1,True,1,1,True,-1.0,False,0,5,4,1,1,1,1,0,1,0,0,1.6,False,False,False,0,True,False
feat_tl_post_00724,tl_post_00724,camp_camp_0120,train,HIGH,121,18,3,0.0337,0.0744,0.0413,0,0,0,1,1,0,ta-en,3,Latin,True,True,1.0,1,1,1,0,0.95,False,False,True,False,False,0,0,1,0,1,True,1,0,1.0,1,1,1.0,0,0,0,0,-1.0,False,0,1,0,0,0.0,1.0,0.0,0.0,0.0,True,False,0.0,0,False,False,-1.0,0,0,0,False,1,1,True,1,1,True,-1.0,False,0,5,4,1,1,1,1,0,1,0,0,1.6,False,False,True,0,True,True
feat_tl_post_00725,tl_post_00725,camp_camp_0120,train,HIGH,118,19,1,0.1034,0.0678,0.0339,0,0,0,1,0,0,hi-en,4,Latin,True,True,1.0,1,1,1,0,0.95,False,False,False,False,False,0,0,1,0,1,True,1,0,1.0,1,1,1.0,0,0,0,0,-1.0,False,0,1,0,0,0.0,1.0,0.0,0.0,0.0,True,False,0.0,0,False,False,-1.0,0,0,0,False,1,1,True,1,1,True,-1.0,False,0,5,4,1,1,1,1,0,1,0,0,1.6,False,False,False,0,True,False
feat_tl_post_00726,tl_post_00726,camp_camp_0120,train,HIGH,132,20,3,0.1471,0.0455,0.0379,0,0,0,0,0,0,en,0,Latin,False,False,1.0,1,1,1,0,0.95,False,False,False,True,False,0,1,1,1,1,True,1,0,1.0,1,1,1.0,0,0,0,0,-1.0,False,0,1,0,0,0.0,1.0,0.0,0.0,0.0,True,False,0.0,0,False,False,-1.0,0,0,0,False,1,1,True,1,1,True,-1.0,False,0,5,4,1,1,1,1,0,1,0,0,1.6,False,False,False,0,False,True
feat_tl_post_00727,tl_post_00727,camp_camp_0121,train,HIGH,131,12,3,0.0,0.0916,0.0229,0,1,0,0,0,0,ta,1,Tamil,False,False,1.0,1,1,1,0,0.95,False,False,False,False,False,0,0,1,0,1,True,1,0,1.0,1,1,1.0,0,0,0,0,-1.0,False,0,1,0,0,0.0,1.0,0.0,0.0,0.0,True,False,0.0,0,False,False,-1.0,0,0,0,False,1,1,True,1,1,True,-1.0,False,0,5,4,1,1,1,1,0,1,0,0,1.6,False,False,False,0,False,False
feat_tl_post_00728,tl_post_00728,camp_camp_0121,train,HIGH,119,20,2,0.0,0.0924,0.0504,0,0,0,1,0,0,hi,2,Devanagari,False,False,1.0,1,1,1,0,0.95,False,False,False,False,False,0,0,1,0,1,True,1,0,1.0,1,1,1.0,0,0,0,0,-1.0,False,0,1,0,0,0.0,1.0,0.0,0.0,0.0,True,False,0.0,0,False,False,-1.0,0,0,0,False,1,1,True,1,1,True,-1.0,False,0,5,4,1,1,1,1,0,1,0,0,1.6,False,False,False,0,True,False
feat_tl_post_00729,tl_post_00729,trans_trans_group_0121,train,LOW,114,21,1,0.0,0.0,0.0088,0,0,0,0,0,0,hi,2,Devanagari,False,False,1.0,1,1,0,1,0.1,True,False,False,False,False,0,0,0,0,1,True,1,0,1.0,1,1,1.0,0,0,0,0,-1.0,False,1,0,0,0,1.0,0.0,0.0,0.0,1.0,False,True,0.0,0,False,False,-1.0,0,0,0,False,1,1,True,1,1,True,-1.0,False,0,5,4,1,1,1,1,1,0,0,0,1.6,False,False,False,1,False,False
feat_tl_post_00730,tl_post_00730,trans_trans_group_0121,train,INSUFFICIENT,74,12,2,0.0656,0.0,0.027,0,0,0,0,0,0,hi-en,4,Latin,True,True,1.0,1,1,1,0,0.95,False,False,False,False,False,0,0,0,0,1,True,1,0,1.0,1,1,1.0,0,0,0,0,-1.0,False,0,0,0,1,0.0,0.0,0.0,1.0,0.0,False,False,0.0,0,False,False,-1.0,0,0,0,False,1,1,True,1,1,True,-1.0,False,0,5,4,1,1,1,1,0,0,0,1,1.6,False,False,False,0,False,False
feat_tl_post_00731,tl_post_00731,camp_camp_0121,train,HIGH,114,15,2,0.0361,0.0877,0.0526,0,0,0,1,0,0,en,0,Latin,False,False,1.0,1,1,1,0,0.95,True,False,False,False,False,1,0,1,1,1,True,1,0,1.0,1,1,1.0,0,0,0,0,-1.0,False,0,1,0,0,0.0,1.0,0.0,0.0,0.0,True,False,0.0,0,False,False,-1.0,0,0,0,False,1,1,True,1,1,True,-1.0,False,0,5,4,1,1,1,1,0,1,0,0,1.6,True,False,True,1,True,True
feat_tl_post_00732,tl_post_00732,camp_camp_0121,train,HIGH,118,15,4,0.0,0.1949,0.0424,0,1,0,3,0,0,ta,1,Tamil,False,False,1.0,1,1,1,0,0.95,False,True,False,False,False,0,0,1,0,1,True,1,0,1.0,1,1,1.0,0,0,0,0,-1.0,False,0,1,0,0,0.0,1.0,0.0,0.0,0.0,True,False,0.0,0,False,False,-1.0,0,0,0,False,1,1,True,1,1,True,-1.0,False,0,5,4,1,1,1,1,0,1,0,0,1.6,False,False,False,0,True,False
feat_tl_post_00733,tl_post_00733,camp_camp_0122,train,HIGH,102,16,3,0.0,0.0882,0.049,0,0,0,1,1,0,hi,2,Devanagari,False,False,1.0,1,1,1,0,0.95,False,False,False,False,True,0,0,1,0,1,True,1,0,1.0,1,1,1.0,0,0,0,0,-1.0,False,0,1,0,0,0.0,1.0,0.0,0.0,0.0,True,False,0.0,0,False,False,-1.0,0,0,0,False,1,1,True,1,1,True,-1.0,False,0,5,4,1,1,1,1,0,1,0,0,1.6,False,False,False,0,True,False
feat_tl_post_00734,tl_post_00734,camp_camp_0122,train,HIGH,121,18,3,0.0337,0.0744,0.0413,0,0,0,1,1,0,ta-en,3,Latin,True,True,1.0,1,1,1,0,0.95,False,False,True,False,False,0,0,1,0,1,True,1,0,1.0,1,1,1.0,0,0,0,0,-1.0,False,0,1,0,0,0.0,1.0,0.0,0.0,0.0,True,False,0.0,0,False,False,-1.0,0,0,0,False,1,1,True,1,1,True,-1.0,False,0,5,4,1,1,1,1,0,1,0,0,1.6,False,False,True,0,True,True
feat_tl_post_00735,tl_post_00735,camp_camp_0122,train,HIGH,118,19,1,0.1034,0.0678,0.0339,0,0,0,1,0,0,hi-en,4,Latin,True,True,1.0,1,1,1,0,0.95,False,False,False,False,False,0,0,1,0,1,True,1,0,1.0,1,1,1.0,0,0,0,0,-1.0,False,0,1,0,0,0.0,1.0,0.0,0.0,0.0,True,False,0.0,0,False,False,-1.0,0,0,0,False,1,1,True,1,1,True,-1.0,False,0,5,4,1,1,1,1,0,1,0,0,1.6,False,False,False,0,True,False
feat_tl_post_00736,tl_post_00736,camp_camp_0122,train,HIGH,132,20,3,0.1471,0.0455,0.0379,0,0,0,0,0,0,en,0,Latin,False,False,1.0,1,1,1,0,0.95,False,False,False,True,False,0,1,1,1,1,True,1,0,1.0,1,1,1.0,0,0,0,0,-1.0,False,0,1,0,0,0.0,1.0,0.0,0.0,0.0,True,False,0.0,0,False,False,-1.0,0,0,0,False,1,1,True,1,1,True,-1.0,False,0,5,4,1,1,1,1,0,1,0,0,1.6,False,False,False,0,False,True
feat_tl_post_00737,tl_post_00737,camp_camp_0122,train,HIGH,131,12,3,0.0,0.0916,0.0229,0,1,0,0,0,0,ta,1,Tamil,False,False,1.0,1,1,1,0,0.95,False,False,False,False,False,0,0,1,0,1,True,1,0,1.0,1,1,1.0,0,0,0,0,-1.0,False,0,1,0,0,0.0,1.0,0.0,0.0,0.0,True,False,0.0,0,False,False,-1.0,0,0,0,False,1,1,True,1,1,True,-1.0,False,0,5,4,1,1,1,1,0,1,0,0,1.6,False,False,False,0,False,False
feat_tl_post_00738,tl_post_00738,camp_camp_0122,train,HIGH,119,20,2,0.0,0.0924,0.0504,0,0,0,1,0,0,hi,2,Devanagari,False,False,1.0,1,1,1,0,0.95,False,False,False,False,False,0,0,1,0,1,True,1,0,1.0,1,1,1.0,0,0,0,0,-1.0,False,0,1,0,0,0.0,1.0,0.0,0.0,0.0,True,False,0.0,0,False,False,-1.0,0,0,0,False,1,1,True,1,1,True,-1.0,False,0,5,4,1,1,1,1,0,1,0,0,1.6,False,False,False,0,True,False
feat_tl_post_00739,tl_post_00739,trans_trans_group_0123,train,LOW,134,24,2,0.1604,0.0,0.0373,0,0,0,0,0,0,en,0,Latin,False,False,1.0,1,1,0,1,0.1,True,False,False,False,False,0,1,0,0,1,True,1,0,1.0,1,1,1.0,0,0,0,0,-1.0,False,1,0,0,0,1.0,0.0,0.0,0.0,1.0,False,True,0.0,0,False,False,-1.0,0,0,0,False,1,1,True,1,1,True,-1.0,False,0,5,4,1,1,1,1,1,0,0,0,1.6,False,False,False,1,False,False
feat_tl_post_00740,tl_post_00740,trans_trans_group_0123,train,INSUFFICIENT,74,12,2,0.0656,0.0,0.027,0,0,0,0,0,0,hi-en,4,Latin,True,True,1.0,1,1,1,0,0.95,False,False,False,False,False,0,0,0,0,1,True,1,0,1.0,1,1,1.0,0,0,0,0,-1.0,False,0,0,0,1,0.0,0.0,0.0,1.0,0.0,False,False,0.0,0,False,False,-1.0,0,0,0,False,1,1,True,1,1,True,-1.0,False,0,5,4,1,1,1,1,0,0,0,1,1.6,False,False,False,0,False,False
feat_tl_post_00741,tl_post_00741,camp_camp_0123,train,HIGH,114,15,2,0.0361,0.0877,0.0526,0,0,0,1,0,0,en,0,Latin,False,False,1.0,1,1,1,0,0.95,True,False,False,False,False,1,0,1,1,1,True,1,0,1.0,1,1,1.0,0,0,0,0,-1.0,False,0,1,0,0,0.0,1.0,0.0,0.0,0.0,True,False,0.0,0,False,False,-1.0,0,0,0,False,1,1,True,1,1,True,-1.0,False,0,5,4,1,1,1,1,0,1,0,0,1.6,True,False,True,1,True,True
feat_tl_post_00742,tl_post_00742,camp_camp_0123,train,HIGH,118,15,4,0.0,0.1949,0.0424,0,1,0,3,0,0,ta,1,Tamil,False,False,1.0,1,1,1,0,0.95,False,True,False,False,False,0,0,1,0,1,True,1,0,1.0,1,1,1.0,0,0,0,0,-1.0,False,0,1,0,0,0.0,1.0,0.0,0.0,0.0,True,False,0.0,0,False,False,-1.0,0,0,0,False,1,1,True,1,1,True,-1.0,False,0,5,4,1,1,1,1,0,1,0,0,1.6,False,False,False,0,True,False
feat_tl_post_00743,tl_post_00743,camp_camp_0123,train,HIGH,102,16,3,0.0,0.0882,0.049,0,0,0,1,1,0,hi,2,Devanagari,False,False,1.0,1,1,1,0,0.95,False,False,False,False,True,0,0,1,0,1,True,1,0,1.0,1,1,1.0,0,0,0,0,-1.0,False,0,1,0,0,0.0,1.0,0.0,0.0,0.0,True,False,0.0,0,False,False,-1.0,0,0,0,False,1,1,True,1,1,True,-1.0,False,0,5,4,1,1,1,1,0,1,0,0,1.6,False,False,False,0,True,False
feat_tl_post_00744,tl_post_00744,camp_camp_0123,train,HIGH,121,18,3,0.0337,0.0744,0.0413,0,0,0,1,1,0,ta-en,3,Latin,True,True,1.0,1,1,1,0,0.95,False,False,True,False,False,0,0,1,0,1,True,1,0,1.0,1,1,1.0,0,0,0,0,-1.0,False,0,1,0,0,0.0,1.0,0.0,0.0,0.0,True,False,0.0,0,False,False,-1.0,0,0,0,False,1,1,True,1,1,True,-1.0,False,0,5,4,1,1,1,1,0,1,0,0,1.6,False,False,True,0,True,True
feat_tl_post_00745,tl_post_00745,camp_camp_0124,train,HIGH,118,19,1,0.1034,0.0678,0.0339,0,0,0,1,0,0,hi-en,4,Latin,True,True,1.0,1,1,1,0,0.95,False,False,False,False,False,0,0,1,0,1,True,1,0,1.0,1,1,1.0,0,0,0,0,-1.0,False,0,1,0,0,0.0,1.0,0.0,0.0,0.0,True,False,0.0,0,False,False,-1.0,0,0,0,False,1,1,True,1,1,True,-1.0,False,0,5,4,1,1,1,1,0,1,0,0,1.6,False,False,False,0,True,False
feat_tl_post_00746,tl_post_00746,camp_camp_0124,train,HIGH,132,20,3,0.1471,0.0455,0.0379,0,0,0,0,0,0,en,0,Latin,False,False,1.0,1,1,1,0,0.95,False,False,False,True,False,0,1,1,1,1,True,1,0,1.0,1,1,1.0,0,0,0,0,-1.0,False,0,1,0,0,0.0,1.0,0.0,0.0,0.0,True,False,0.0,0,False,False,-1.0,0,0,0,False,1,1,True,1,1,True,-1.0,False,0,5,4,1,1,1,1,0,1,0,0,1.6,False,False,False,0,False,True
feat_tl_post_00747,tl_post_00747,camp_camp_0124,train,HIGH,131,12,3,0.0,0.0916,0.0229,0,1,0,0,0,0,ta,1,Tamil,False,False,1.0,1,1,1,0,0.95,False,False,False,False,False,0,0,1,0,1,True,1,0,1.0,1,1,1.0,0,0,0,0,-1.0,False,0,1,0,0,0.0,1.0,0.0,0.0,0.0,True,False,0.0,0,False,False,-1.0,0,0,0,False,1,1,True,1,1,True,-1.0,False,0,5,4,1,1,1,1,0,1,0,0,1.6,False,False,False,0,False,False
feat_tl_post_00748,tl_post_00748,camp_camp_0124,train,HIGH,119,20,2,0.0,0.0924,0.0504,0,0,0,1,0,0,hi,2,Devanagari,False,False,1.0,1,1,1,0,0.95,False,False,False,False,False,0,0,1,0,1,True,1,0,1.0,1,1,1.0,0,0,0,0,-1.0,False,0,1,0,0,0.0,1.0,0.0,0.0,0.0,True,False,0.0,0,False,False,-1.0,0,0,0,False,1,1,True,1,1,True,-1.0,False,0,5,4,1,1,1,1,0,1,0,0,1.6,False,False,False,0,True,False
feat_tl_post_00749,tl_post_00749,trans_trans_group_0124,train,LOW,130,16,4,0.0455,0.0,0.0385,0,0,0,0,0,0,ta-en,3,Latin,True,True,1.0,1,1,0,1,0.1,True,False,False,False,False,0,0,0,0,1,True,1,0,1.0,1,1,1.0,0,0,0,0,-1.0,False,1,0,0,0,1.0,0.0,0.0,0.0,1.0,False,True,0.0,0,False,False,-1.0,0,0,0,False,1,1,True,1,1,True,-1.0,False,0,5,4,1,1,1,1,1,0,0,0,1.6,False,False,False,1,False,False
feat_tl_post_00750,tl_post_00750,trans_trans_group_0124,train,INSUFFICIENT,74,12,2,0.0656,0.0,0.027,0,0,0,0,0,0,hi-en,4,Latin,True,True,1.0,1,1,1,0,0.95,False,False,False,False,False,0,0,0,0,1,True,1,0,1.0,1,1,1.0,0,0,0,0,-1.0,False,0,0,0,1,0.0,0.0,0.0,1.0,0.0,False,False,0.0,0,False,False,-1.0,0,0,0,False,1,1,True,1,1,True,-1.0,False,0,5,4,1,1,1,1,0,0,0,1,1.6,False,False,False,0,False,False
feat_tl_post_00751,tl_post_00751,camp_camp_0125,train,HIGH,114,15,2,0.0361,0.0877,0.0526,0,0,0,1,0,0,en,0,Latin,False,False,1.0,1,1,1,0,0.95,True,False,False,False,False,1,0,1,1,1,True,1,0,1.0,1,1,1.0,0,0,0,0,-1.0,False,0,1,0,0,0.0,1.0,0.0,0.0,0.0,True,False,0.0,0,False,False,-1.0,0,0,0,False,1,1,True,1,1,True,-1.0,False,0,5,4,1,1,1,1,0,1,0,0,1.6,True,False,True,1,True,True
feat_tl_post_00752,tl_post_00752,camp_camp_0125,train,HIGH,118,15,4,0.0,0.1949,0.0424,0,1,0,3,0,0,ta,1,Tamil,False,False,1.0,1,1,1,0,0.95,False,True,False,False,False,0,0,1,0,1,True,1,0,1.0,1,1,1.0,0,0,0,0,-1.0,False,0,1,0,0,0.0,1.0,0.0,0.0,0.0,True,False,0.0,0,False,False,-1.0,0,0,0,False,1,1,True,1,1,True,-1.0,False,0,5,4,1,1,1,1,0,1,0,0,1.6,False,False,False,0,True,False
feat_tl_post_00753,tl_post_00753,camp_camp_0125,train,HIGH,102,16,3,0.0,0.0882,0.049,0,0,0,1,1,0,hi,2,Devanagari,False,False,1.0,1,1,1,0,0.95,False,False,False,False,True,0,0,1,0,1,True,1,0,1.0,1,1,1.0,0,0,0,0,-1.0,False,0,1,0,0,0.0,1.0,0.0,0.0,0.0,True,False,0.0,0,False,False,-1.0,0,0,0,False,1,1,True,1,1,True,-1.0,False,0,5,4,1,1,1,1,0,1,0,0,1.6,False,False,False,0,True,False
feat_tl_post_00754,tl_post_00754,camp_camp_0125,train,HIGH,121,18,3,0.0337,0.0744,0.0413,0,0,0,1,1,0,ta-en,3,Latin,True,True,1.0,1,1,1,0,0.95,False,False,True,False,False,0,0,1,0,1,True,1,0,1.0,1,1,1.0,0,0,0,0,-1.0,False,0,1,0,0,0.0,1.0,0.0,0.0,0.0,True,False,0.0,0,False,False,-1.0,0,0,0,False,1,1,True,1,1,True,-1.0,False,0,5,4,1,1,1,1,0,1,0,0,1.6,False,False,True,0,True,True
feat_tl_post_00755,tl_post_00755,camp_camp_0125,train,HIGH,118,19,1,0.1034,0.0678,0.0339,0,0,0,1,0,0,hi-en,4,Latin,True,True,1.0,1,1,1,0,0.95,False,False,False,False,False,0,0,1,0,1,True,1,0,1.0,1,1,1.0,0,0,0,0,-1.0,False,0,1,0,0,0.0,1.0,0.0,0.0,0.0,True,False,0.0,0,False,False,-1.0,0,0,0,False,1,1,True,1,1,True,-1.0,False,0,5,4,1,1,1,1,0,1,0,0,1.6,False,False,False,0,True,False
feat_tl_post_00756,tl_post_00756,camp_camp_0125,train,HIGH,132,20,3,0.1471,0.0455,0.0379,0,0,0,0,0,0,en,0,Latin,False,False,1.0,1,1,1,0,0.95,False,False,False,True,False,0,1,1,1,1,True,1,0,1.0,1,1,1.0,0,0,0,0,-1.0,False,0,1,0,0,0.0,1.0,0.0,0.0,0.0,True,False,0.0,0,False,False,-1.0,0,0,0,False,1,1,True,1,1,True,-1.0,False,0,5,4,1,1,1,1,0,1,0,0,1.6,False,False,False,0,False,True
feat_tl_post_00757,tl_post_00757,camp_camp_0126,train,HIGH,131,12,3,0.0,0.0916,0.0229,0,1,0,0,0,0,ta,1,Tamil,False,False,1.0,1,1,1,0,0.95,False,False,False,False,False,0,0,1,0,1,True,1,0,1.0,1,1,1.0,0,0,0,0,-1.0,False,0,1,0,0,0.0,1.0,0.0,0.0,0.0,True,False,0.0,0,False,False,-1.0,0,0,0,False,1,1,True,1,1,True,-1.0,False,0,5,4,1,1,1,1,0,1,0,0,1.6,False,False,False,0,False,False
feat_tl_post_00758,tl_post_00758,camp_camp_0126,train,HIGH,119,20,2,0.0,0.0924,0.0504,0,0,0,1,0,0,hi,2,Devanagari,False,False,1.0,1,1,1,0,0.95,False,False,False,False,False,0,0,1,0,1,True,1,0,1.0,1,1,1.0,0,0,0,0,-1.0,False,0,1,0,0,0.0,1.0,0.0,0.0,0.0,True,False,0.0,0,False,False,-1.0,0,0,0,False,1,1,True,1,1,True,-1.0,False,0,5,4,1,1,1,1,0,1,0,0,1.6,False,False,False,0,True,False
feat_tl_post_00759,tl_post_00759,trans_trans_group_0126,train,LOW,114,21,1,0.0,0.0,0.0088,0,0,0,0,0,0,hi,2,Devanagari,False,False,1.0,1,1,0,1,0.1,True,False,False,False,False,0,0,0,0,1,True,1,0,1.0,1,1,1.0,0,0,0,0,-1.0,False,1,0,0,0,1.0,0.0,0.0,0.0,1.0,False,True,0.0,0,False,False,-1.0,0,0,0,False,1,1,True,1,1,True,-1.0,False,0,5,4,1,1,1,1,1,0,0,0,1.6,False,False,False,1,False,False
feat_tl_post_00760,tl_post_00760,trans_trans_group_0126,train,INSUFFICIENT,74,12,2,0.0656,0.0,0.027,0,0,0,0,0,0,hi-en,4,Latin,True,True,1.0,1,1,1,0,0.95,False,False,False,False,False,0,0,0,0,1,True,1,0,1.0,1,1,1.0,0,0,0,0,-1.0,False,0,0,0,1,0.0,0.0,0.0,1.0,0.0,False,False,0.0,0,False,False,-1.0,0,0,0,False,1,1,True,1,1,True,-1.0,False,0,5,4,1,1,1,1,0,0,0,1,1.6,False,False,False,0,False,False
feat_tl_post_00761,tl_post_00761,camp_camp_0126,train,HIGH,114,15,2,0.0361,0.0877,0.0526,0,0,0,1,0,0,en,0,Latin,False,False,1.0,1,1,1,0,0.95,True,False,False,False,False,1,0,1,1,1,True,1,0,1.0,1,1,1.0,0,0,0,0,-1.0,False,0,1,0,0,0.0,1.0,0.0,0.0,0.0,True,False,0.0,0,False,False,-1.0,0,0,0,False,1,1,True,1,1,True,-1.0,False,0,5,4,1,1,1,1,0,1,0,0,1.6,True,False,True,1,True,True
feat_tl_post_00762,tl_post_00762,camp_camp_0126,train,HIGH,118,15,4,0.0,0.1949,0.0424,0,1,0,3,0,0,ta,1,Tamil,False,False,1.0,1,1,1,0,0.95,False,True,False,False,False,0,0,1,0,1,True,1,0,1.0,1,1,1.0,0,0,0,0,-1.0,False,0,1,0,0,0.0,1.0,0.0,0.0,0.0,True,False,0.0,0,False,False,-1.0,0,0,0,False,1,1,True,1,1,True,-1.0,False,0,5,4,1,1,1,1,0,1,0,0,1.6,False,False,False,0,True,False
feat_tl_post_00763,tl_post_00763,camp_camp_0127,train,HIGH,102,16,3,0.0,0.0882,0.049,0,0,0,1,1,0,hi,2,Devanagari,False,False,1.0,1,1,1,0,0.95,False,False,False,False,True,0,0,1,0,1,True,1,0,1.0,1,1,1.0,0,0,0,0,-1.0,False,0,1,0,0,0.0,1.0,0.0,0.0,0.0,True,False,0.0,0,False,False,-1.0,0,0,0,False,1,1,True,1,1,True,-1.0,False,0,5,4,1,1,1,1,0,1,0,0,1.6,False,False,False,0,True,False
feat_tl_post_00764,tl_post_00764,camp_camp_0127,train,HIGH,121,18,3,0.0337,0.0744,0.0413,0,0,0,1,1,0,ta-en,3,Latin,True,True,1.0,1,1,1,0,0.95,False,False,True,False,False,0,0,1,0,1,True,1,0,1.0,1,1,1.0,0,0,0,0,-1.0,False,0,1,0,0,0.0,1.0,0.0,0.0,0.0,True,False,0.0,0,False,False,-1.0,0,0,0,False,1,1,True,1,1,True,-1.0,False,0,5,4,1,1,1,1,0,1,0,0,1.6,False,False,True,0,True,True
feat_tl_post_00765,tl_post_00765,camp_camp_0127,train,HIGH,118,19,1,0.1034,0.0678,0.0339,0,0,0,1,0,0,hi-en,4,Latin,True,True,1.0,1,1,1,0,0.95,False,False,False,False,False,0,0,1,0,1,True,1,0,1.0,1,1,1.0,0,0,0,0,-1.0,False,0,1,0,0,0.0,1.0,0.0,0.0,0.0,True,False,0.0,0,False,False,-1.0,0,0,0,False,1,1,True,1,1,True,-1.0,False,0,5,4,1,1,1,1,0,1,0,0,1.6,False,False,False,0,True,False
feat_tl_post_00766,tl_post_00766,camp_camp_0127,train,HIGH,132,20,3,0.1471,0.0455,0.0379,0,0,0,0,0,0,en,0,Latin,False,False,1.0,1,1,1,0,0.95,False,False,False,True,False,0,1,1,1,1,True,1,0,1.0,1,1,1.0,0,0,0,0,-1.0,False,0,1,0,0,0.0,1.0,0.0,0.0,0.0,True,False,0.0,0,False,False,-1.0,0,0,0,False,1,1,True,1,1,True,-1.0,False,0,5,4,1,1,1,1,0,1,0,0,1.6,False,False,False,0,False,True
feat_tl_post_00767,tl_post_00767,camp_camp_0127,train,HIGH,131,12,3,0.0,0.0916,0.0229,0,1,0,0,0,0,ta,1,Tamil,False,False,1.0,1,1,1,0,0.95,False,False,False,False,False,0,0,1,0,1,True,1,0,1.0,1,1,1.0,0,0,0,0,-1.0,False,0,1,0,0,0.0,1.0,0.0,0.0,0.0,True,False,0.0,0,False,False,-1.0,0,0,0,False,1,1,True,1,1,True,-1.0,False,0,5,4,1,1,1,1,0,1,0,0,1.6,False,False,False,0,False,False
feat_tl_post_00768,tl_post_00768,camp_camp_0127,train,HIGH,119,20,2,0.0,0.0924,0.0504,0,0,0,1,0,0,hi,2,Devanagari,False,False,1.0,1,1,1,0,0.95,False,False,False,False,False,0,0,1,0,1,True,1,0,1.0,1,1,1.0,0,0,0,0,-1.0,False,0,1,0,0,0.0,1.0,0.0,0.0,0.0,True,False,0.0,0,False,False,-1.0,0,0,0,False,1,1,True,1,1,True,-1.0,False,0,5,4,1,1,1,1,0,1,0,0,1.6,False,False,False,0,True,False
feat_tl_post_00769,tl_post_00769,trans_trans_group_0128,train,LOW,134,24,2,0.1604,0.0,0.0373,0,0,0,0,0,0,en,0,Latin,False,False,1.0,1,1,0,1,0.1,True,False,False,False,False,0,1,0,0,1,True,1,0,1.0,1,1,1.0,0,0,0,0,-1.0,False,1,0,0,0,1.0,0.0,0.0,0.0,1.0,False,True,0.0,0,False,False,-1.0,0,0,0,False,1,1,True,1,1,True,-1.0,False,0,5,4,1,1,1,1,1,0,0,0,1.6,False,False,False,1,False,False
feat_tl_post_00770,tl_post_00770,trans_trans_group_0128,train,INSUFFICIENT,74,12,2,0.0656,0.0,0.027,0,0,0,0,0,0,hi-en,4,Latin,True,True,1.0,1,1,1,0,0.95,False,False,False,False,False,0,0,0,0,1,True,1,0,1.0,1,1,1.0,0,0,0,0,-1.0,False,0,0,0,1,0.0,0.0,0.0,1.0,0.0,False,False,0.0,0,False,False,-1.0,0,0,0,False,1,1,True,1,1,True,-1.0,False,0,5,4,1,1,1,1,0,0,0,1,1.6,False,False,False,0,False,False
feat_tl_post_00771,tl_post_00771,camp_camp_0128,train,HIGH,114,15,2,0.0361,0.0877,0.0526,0,0,0,1,0,0,en,0,Latin,False,False,1.0,1,1,1,0,0.95,True,False,False,False,False,1,0,1,1,1,True,1,0,1.0,1,1,1.0,0,0,0,0,-1.0,False,0,1,0,0,0.0,1.0,0.0,0.0,0.0,True,False,0.0,0,False,False,-1.0,0,0,0,False,1,1,True,1,1,True,-1.0,False,0,5,4,1,1,1,1,0,1,0,0,1.6,True,False,True,1,True,True
feat_tl_post_00772,tl_post_00772,camp_camp_0128,train,HIGH,118,15,4,0.0,0.1949,0.0424,0,1,0,3,0,0,ta,1,Tamil,False,False,1.0,1,1,1,0,0.95,False,True,False,False,False,0,0,1,0,1,True,1,0,1.0,1,1,1.0,0,0,0,0,-1.0,False,0,1,0,0,0.0,1.0,0.0,0.0,0.0,True,False,0.0,0,False,False,-1.0,0,0,0,False,1,1,True,1,1,True,-1.0,False,0,5,4,1,1,1,1,0,1,0,0,1.6,False,False,False,0,True,False
feat_tl_post_00773,tl_post_00773,camp_camp_0128,train,HIGH,102,16,3,0.0,0.0882,0.049,0,0,0,1,1,0,hi,2,Devanagari,False,False,1.0,1,1,1,0,0.95,False,False,False,False,True,0,0,1,0,1,True,1,0,1.0,1,1,1.0,0,0,0,0,-1.0,False,0,1,0,0,0.0,1.0,0.0,0.0,0.0,True,False,0.0,0,False,False,-1.0,0,0,0,False,1,1,True,1,1,True,-1.0,False,0,5,4,1,1,1,1,0,1,0,0,1.6,False,False,False,0,True,False
feat_tl_post_00774,tl_post_00774,camp_camp_0128,train,HIGH,121,18,3,0.0337,0.0744,0.0413,0,0,0,1,1,0,ta-en,3,Latin,True,True,1.0,1,1,1,0,0.95,False,False,True,False,False,0,0,1,0,1,True,1,0,1.0,1,1,1.0,0,0,0,0,-1.0,False,0,1,0,0,0.0,1.0,0.0,0.0,0.0,True,False,0.0,0,False,False,-1.0,0,0,0,False,1,1,True,1,1,True,-1.0,False,0,5,4,1,1,1,1,0,1,0,0,1.6,False,False,True,0,True,True
feat_tl_post_00775,tl_post_00775,camp_camp_0129,train,HIGH,118,19,1,0.1034,0.0678,0.0339,0,0,0,1,0,0,hi-en,4,Latin,True,True,1.0,1,1,1,0,0.95,False,False,False,False,False,0,0,1,0,1,True,1,0,1.0,1,1,1.0,0,0,0,0,-1.0,False,0,1,0,0,0.0,1.0,0.0,0.0,0.0,True,False,0.0,0,False,False,-1.0,0,0,0,False,1,1,True,1,1,True,-1.0,False,0,5,4,1,1,1,1,0,1,0,0,1.6,False,False,False,0,True,False
feat_tl_post_00776,tl_post_00776,camp_camp_0129,train,HIGH,132,20,3,0.1471,0.0455,0.0379,0,0,0,0,0,0,en,0,Latin,False,False,1.0,1,1,1,0,0.95,False,False,False,True,False,0,1,1,1,1,True,1,0,1.0,1,1,1.0,0,0,0,0,-1.0,False,0,1,0,0,0.0,1.0,0.0,0.0,0.0,True,False,0.0,0,False,False,-1.0,0,0,0,False,1,1,True,1,1,True,-1.0,False,0,5,4,1,1,1,1,0,1,0,0,1.6,False,False,False,0,False,True
feat_tl_post_00777,tl_post_00777,camp_camp_0129,train,HIGH,131,12,3,0.0,0.0916,0.0229,0,1,0,0,0,0,ta,1,Tamil,False,False,1.0,1,1,1,0,0.95,False,False,False,False,False,0,0,1,0,1,True,1,0,1.0,1,1,1.0,0,0,0,0,-1.0,False,0,1,0,0,0.0,1.0,0.0,0.0,0.0,True,False,0.0,0,False,False,-1.0,0,0,0,False,1,1,True,1,1,True,-1.0,False,0,5,4,1,1,1,1,0,1,0,0,1.6,False,False,False,0,False,False
feat_tl_post_00778,tl_post_00778,camp_camp_0129,train,HIGH,119,20,2,0.0,0.0924,0.0504,0,0,0,1,0,0,hi,2,Devanagari,False,False,1.0,1,1,1,0,0.95,False,False,False,False,False,0,0,1,0,1,True,1,0,1.0,1,1,1.0,0,0,0,0,-1.0,False,0,1,0,0,0.0,1.0,0.0,0.0,0.0,True,False,0.0,0,False,False,-1.0,0,0,0,False,1,1,True,1,1,True,-1.0,False,0,5,4,1,1,1,1,0,1,0,0,1.6,False,False,False,0,True,False
feat_tl_post_00779,tl_post_00779,trans_trans_group_0129,train,LOW,130,16,4,0.0455,0.0,0.0385,0,0,0,0,0,0,ta-en,3,Latin,True,True,1.0,1,1,0,1,0.1,True,False,False,False,False,0,0,0,0,1,True,1,0,1.0,1,1,1.0,0,0,0,0,-1.0,False,1,0,0,0,1.0,0.0,0.0,0.0,1.0,False,True,0.0,0,False,False,-1.0,0,0,0,False,1,1,True,1,1,True,-1.0,False,0,5,4,1,1,1,1,1,0,0,0,1.6,False,False,False,1,False,False
feat_tl_post_00780,tl_post_00780,trans_trans_group_0129,train,INSUFFICIENT,74,12,2,0.0656,0.0,0.027,0,0,0,0,0,0,hi-en,4,Latin,True,True,1.0,1,1,1,0,0.95,False,False,False,False,False,0,0,0,0,1,True,1,0,1.0,1,1,1.0,0,0,0,0,-1.0,False,0,0,0,1,0.0,0.0,0.0,1.0,0.0,False,False,0.0,0,False,False,-1.0,0,0,0,False,1,1,True,1,1,True,-1.0,False,0,5,4,1,1,1,1,0,0,0,1,1.6,False,False,False,0,False,False
feat_tl_post_00781,tl_post_00781,camp_camp_0130,train,HIGH,114,15,2,0.0361,0.0877,0.0526,0,0,0,1,0,0,en,0,Latin,False,False,1.0,1,1,1,0,0.95,True,False,False,False,False,1,0,1,1,1,True,1,0,1.0,1,1,1.0,0,0,0,0,-1.0,False,0,1,0,0,0.0,1.0,0.0,0.0,0.0,True,False,0.0,0,False,False,-1.0,0,0,0,False,1,1,True,1,1,True,-1.0,False,0,5,4,1,1,1,1,0,1,0,0,1.6,True,False,True,1,True,True
feat_tl_post_00782,tl_post_00782,camp_camp_0130,train,HIGH,118,15,4,0.0,0.1949,0.0424,0,1,0,3,0,0,ta,1,Tamil,False,False,1.0,1,1,1,0,0.95,False,True,False,False,False,0,0,1,0,1,True,1,0,1.0,1,1,1.0,0,0,0,0,-1.0,False,0,1,0,0,0.0,1.0,0.0,0.0,0.0,True,False,0.0,0,False,False,-1.0,0,0,0,False,1,1,True,1,1,True,-1.0,False,0,5,4,1,1,1,1,0,1,0,0,1.6,False,False,False,0,True,False
feat_tl_post_00783,tl_post_00783,camp_camp_0130,train,HIGH,102,16,3,0.0,0.0882,0.049,0,0,0,1,1,0,hi,2,Devanagari,False,False,1.0,1,1,1,0,0.95,False,False,False,False,True,0,0,1,0,1,True,1,0,1.0,1,1,1.0,0,0,0,0,-1.0,False,0,1,0,0,0.0,1.0,0.0,0.0,0.0,True,False,0.0,0,False,False,-1.0,0,0,0,False,1,1,True,1,1,True,-1.0,False,0,5,4,1,1,1,1,0,1,0,0,1.6,False,False,False,0,True,False
feat_tl_post_00784,tl_post_00784,camp_camp_0130,train,HIGH,121,18,3,0.0337,0.0744,0.0413,0,0,0,1,1,0,ta-en,3,Latin,True,True,1.0,1,1,1,0,0.95,False,False,True,False,False,0,0,1,0,1,True,1,0,1.0,1,1,1.0,0,0,0,0,-1.0,False,0,1,0,0,0.0,1.0,0.0,0.0,0.0,True,False,0.0,0,False,False,-1.0,0,0,0,False,1,1,True,1,1,True,-1.0,False,0,5,4,1,1,1,1,0,1,0,0,1.6,False,False,True,0,True,True
feat_tl_post_00785,tl_post_00785,camp_camp_0130,train,HIGH,118,19,1,0.1034,0.0678,0.0339,0,0,0,1,0,0,hi-en,4,Latin,True,True,1.0,1,1,1,0,0.95,False,False,False,False,False,0,0,1,0,1,True,1,0,1.0,1,1,1.0,0,0,0,0,-1.0,False,0,1,0,0,0.0,1.0,0.0,0.0,0.0,True,False,0.0,0,False,False,-1.0,0,0,0,False,1,1,True,1,1,True,-1.0,False,0,5,4,1,1,1,1,0,1,0,0,1.6,False,False,False,0,True,False
feat_tl_post_00786,tl_post_00786,camp_camp_0130,train,HIGH,132,20,3,0.1471,0.0455,0.0379,0,0,0,0,0,0,en,0,Latin,False,False,1.0,1,1,1,0,0.95,False,False,False,True,False,0,1,1,1,1,True,1,0,1.0,1,1,1.0,0,0,0,0,-1.0,False,0,1,0,0,0.0,1.0,0.0,0.0,0.0,True,False,0.0,0,False,False,-1.0,0,0,0,False,1,1,True,1,1,True,-1.0,False,0,5,4,1,1,1,1,0,1,0,0,1.6,False,False,False,0,False,True
feat_tl_post_00787,tl_post_00787,camp_camp_0131,train,HIGH,131,12,3,0.0,0.0916,0.0229,0,1,0,0,0,0,ta,1,Tamil,False,False,1.0,1,1,1,0,0.95,False,False,False,False,False,0,0,1,0,1,True,1,0,1.0,1,1,1.0,0,0,0,0,-1.0,False,0,1,0,0,0.0,1.0,0.0,0.0,0.0,True,False,0.0,0,False,False,-1.0,0,0,0,False,1,1,True,1,1,True,-1.0,False,0,5,4,1,1,1,1,0,1,0,0,1.6,False,False,False,0,False,False
feat_tl_post_00788,tl_post_00788,camp_camp_0131,train,HIGH,119,20,2,0.0,0.0924,0.0504,0,0,0,1,0,0,hi,2,Devanagari,False,False,1.0,1,1,1,0,0.95,False,False,False,False,False,0,0,1,0,1,True,1,0,1.0,1,1,1.0,0,0,0,0,-1.0,False,0,1,0,0,0.0,1.0,0.0,0.0,0.0,True,False,0.0,0,False,False,-1.0,0,0,0,False,1,1,True,1,1,True,-1.0,False,0,5,4,1,1,1,1,0,1,0,0,1.6,False,False,False,0,True,False
feat_tl_post_00789,tl_post_00789,trans_trans_group_0131,train,LOW,114,21,1,0.0,0.0,0.0088,0,0,0,0,0,0,hi,2,Devanagari,False,False,1.0,1,1,0,1,0.1,True,False,False,False,False,0,0,0,0,1,True,1,0,1.0,1,1,1.0,0,0,0,0,-1.0,False,1,0,0,0,1.0,0.0,0.0,0.0,1.0,False,True,0.0,0,False,False,-1.0,0,0,0,False,1,1,True,1,1,True,-1.0,False,0,5,4,1,1,1,1,1,0,0,0,1.6,False,False,False,1,False,False
feat_tl_post_00790,tl_post_00790,trans_trans_group_0131,train,INSUFFICIENT,74,12,2,0.0656,0.0,0.027,0,0,0,0,0,0,hi-en,4,Latin,True,True,1.0,1,1,1,0,0.95,False,False,False,False,False,0,0,0,0,1,True,1,0,1.0,1,1,1.0,0,0,0,0,-1.0,False,0,0,0,1,0.0,0.0,0.0,1.0,0.0,False,False,0.0,0,False,False,-1.0,0,0,0,False,1,1,True,1,1,True,-1.0,False,0,5,4,1,1,1,1,0,0,0,1,1.6,False,False,False,0,False,False
feat_tl_post_00791,tl_post_00791,camp_camp_0131,train,HIGH,114,15,2,0.0361,0.0877,0.0526,0,0,0,1,0,0,en,0,Latin,False,False,1.0,1,1,1,0,0.95,True,False,False,False,False,1,0,1,1,1,True,1,0,1.0,1,1,1.0,0,0,0,0,-1.0,False,0,1,0,0,0.0,1.0,0.0,0.0,0.0,True,False,0.0,0,False,False,-1.0,0,0,0,False,1,1,True,1,1,True,-1.0,False,0,5,4,1,1,1,1,0,1,0,0,1.6,True,False,True,1,True,True
feat_tl_post_00792,tl_post_00792,camp_camp_0131,train,HIGH,118,15,4,0.0,0.1949,0.0424,0,1,0,3,0,0,ta,1,Tamil,False,False,1.0,1,1,1,0,0.95,False,True,False,False,False,0,0,1,0,1,True,1,0,1.0,1,1,1.0,0,0,0,0,-1.0,False,0,1,0,0,0.0,1.0,0.0,0.0,0.0,True,False,0.0,0,False,False,-1.0,0,0,0,False,1,1,True,1,1,True,-1.0,False,0,5,4,1,1,1,1,0,1,0,0,1.6,False,False,False,0,True,False
feat_tl_post_00793,tl_post_00793,camp_camp_0132,train,HIGH,102,16,3,0.0,0.0882,0.049,0,0,0,1,1,0,hi,2,Devanagari,False,False,1.0,1,1,1,0,0.95,False,False,False,False,True,0,0,1,0,1,True,1,0,1.0,1,1,1.0,0,0,0,0,-1.0,False,0,1,0,0,0.0,1.0,0.0,0.0,0.0,True,False,0.0,0,False,False,-1.0,0,0,0,False,1,1,True,1,1,True,-1.0,False,0,5,4,1,1,1,1,0,1,0,0,1.6,False,False,False,0,True,False
feat_tl_post_00794,tl_post_00794,camp_camp_0132,train,HIGH,121,18,3,0.0337,0.0744,0.0413,0,0,0,1,1,0,ta-en,3,Latin,True,True,1.0,1,1,1,0,0.95,False,False,True,False,False,0,0,1,0,1,True,1,0,1.0,1,1,1.0,0,0,0,0,-1.0,False,0,1,0,0,0.0,1.0,0.0,0.0,0.0,True,False,0.0,0,False,False,-1.0,0,0,0,False,1,1,True,1,1,True,-1.0,False,0,5,4,1,1,1,1,0,1,0,0,1.6,False,False,True,0,True,True
feat_tl_post_00795,tl_post_00795,camp_camp_0132,train,HIGH,118,19,1,0.1034,0.0678,0.0339,0,0,0,1,0,0,hi-en,4,Latin,True,True,1.0,1,1,1,0,0.95,False,False,False,False,False,0,0,1,0,1,True,1,0,1.0,1,1,1.0,0,0,0,0,-1.0,False,0,1,0,0,0.0,1.0,0.0,0.0,0.0,True,False,0.0,0,False,False,-1.0,0,0,0,False,1,1,True,1,1,True,-1.0,False,0,5,4,1,1,1,1,0,1,0,0,1.6,False,False,False,0,True,False
feat_tl_post_00796,tl_post_00796,camp_camp_0132,train,HIGH,132,20,3,0.1471,0.0455,0.0379,0,0,0,0,0,0,en,0,Latin,False,False,1.0,1,1,1,0,0.95,False,False,False,True,False,0,1,1,1,1,True,1,0,1.0,1,1,1.0,0,0,0,0,-1.0,False,0,1,0,0,0.0,1.0,0.0,0.0,0.0,True,False,0.0,0,False,False,-1.0,0,0,0,False,1,1,True,1,1,True,-1.0,False,0,5,4,1,1,1,1,0,1,0,0,1.6,False,False,False,0,False,True
feat_tl_post_00797,tl_post_00797,camp_camp_0132,train,HIGH,131,12,3,0.0,0.0916,0.0229,0,1,0,0,0,0,ta,1,Tamil,False,False,1.0,1,1,1,0,0.95,False,False,False,False,False,0,0,1,0,1,True,1,0,1.0,1,1,1.0,0,0,0,0,-1.0,False,0,1,0,0,0.0,1.0,0.0,0.0,0.0,True,False,0.0,0,False,False,-1.0,0,0,0,False,1,1,True,1,1,True,-1.0,False,0,5,4,1,1,1,1,0,1,0,0,1.6,False,False,False,0,False,False
feat_tl_post_00798,tl_post_00798,camp_camp_0132,train,HIGH,119,20,2,0.0,0.0924,0.0504,0,0,0,1,0,0,hi,2,Devanagari,False,False,1.0,1,1,1,0,0.95,False,False,False,False,False,0,0,1,0,1,True,1,0,1.0,1,1,1.0,0,0,0,0,-1.0,False,0,1,0,0,0.0,1.0,0.0,0.0,0.0,True,False,0.0,0,False,False,-1.0,0,0,0,False,1,1,True,1,1,True,-1.0,False,0,5,4,1,1,1,1,0,1,0,0,1.6,False,False,False,0,True,False
feat_tl_post_00799,tl_post_00799,trans_trans_group_0133,train,LOW,134,24,2,0.1604,0.0,0.0373,0,0,0,0,0,0,en,0,Latin,False,False,1.0,1,1,0,1,0.1,True,False,False,False,False,0,1,0,0,1,True,1,0,1.0,1,1,1.0,0,0,0,0,-1.0,False,1,0,0,0,1.0,0.0,0.0,0.0,1.0,False,True,0.0,0,False,False,-1.0,0,0,0,False,1,1,True,1,1,True,-1.0,False,0,5,4,1,1,1,1,1,0,0,0,1.6,False,False,False,1,False,False
feat_tl_post_00800,tl_post_00800,trans_trans_group_0133,train,INSUFFICIENT,74,12,2,0.0656,0.0,0.027,0,0,0,0,0,0,hi-en,4,Latin,True,True,1.0,1,1,1,0,0.95,False,False,False,False,False,0,0,0,0,1,True,1,0,1.0,1,1,1.0,0,0,0,0,-1.0,False,0,0,0,1,0.0,0.0,0.0,1.0,0.0,False,False,0.0,0,False,False,-1.0,0,0,0,False,1,1,True,1,1,True,-1.0,False,0,5,4,1,1,1,1,0,0,0,1,1.6,False,False,False,0,False,False
feat_tl_post_00801,tl_post_00801,camp_camp_0133,train,HIGH,114,15,2,0.0361,0.0877,0.0526,0,0,0,1,0,0,en,0,Latin,False,False,1.0,1,1,1,0,0.95,True,False,False,False,False,1,0,1,1,1,True,1,0,1.0,1,1,1.0,0,0,0,0,-1.0,False,0,1,0,0,0.0,1.0,0.0,0.0,0.0,True,False,0.0,0,False,False,-1.0,0,0,0,False,1,1,True,1,1,True,-1.0,False,0,5,4,1,1,1,1,0,1,0,0,1.6,True,False,True,1,True,True
feat_tl_post_00802,tl_post_00802,camp_camp_0133,train,HIGH,118,15,4,0.0,0.1949,0.0424,0,1,0,3,0,0,ta,1,Tamil,False,False,1.0,1,1,1,0,0.95,False,True,False,False,False,0,0,1,0,1,True,1,0,1.0,1,1,1.0,0,0,0,0,-1.0,False,0,1,0,0,0.0,1.0,0.0,0.0,0.0,True,False,0.0,0,False,False,-1.0,0,0,0,False,1,1,True,1,1,True,-1.0,False,0,5,4,1,1,1,1,0,1,0,0,1.6,False,False,False,0,True,False
feat_tl_post_00803,tl_post_00803,camp_camp_0133,train,HIGH,102,16,3,0.0,0.0882,0.049,0,0,0,1,1,0,hi,2,Devanagari,False,False,1.0,1,1,1,0,0.95,False,False,False,False,True,0,0,1,0,1,True,1,0,1.0,1,1,1.0,0,0,0,0,-1.0,False,0,1,0,0,0.0,1.0,0.0,0.0,0.0,True,False,0.0,0,False,False,-1.0,0,0,0,False,1,1,True,1,1,True,-1.0,False,0,5,4,1,1,1,1,0,1,0,0,1.6,False,False,False,0,True,False
feat_tl_post_00804,tl_post_00804,camp_camp_0133,train,HIGH,121,18,3,0.0337,0.0744,0.0413,0,0,0,1,1,0,ta-en,3,Latin,True,True,1.0,1,1,1,0,0.95,False,False,True,False,False,0,0,1,0,1,True,1,0,1.0,1,1,1.0,0,0,0,0,-1.0,False,0,1,0,0,0.0,1.0,0.0,0.0,0.0,True,False,0.0,0,False,False,-1.0,0,0,0,False,1,1,True,1,1,True,-1.0,False,0,5,4,1,1,1,1,0,1,0,0,1.6,False,False,True,0,True,True
feat_tl_post_00805,tl_post_00805,camp_camp_0134,train,HIGH,118,19,1,0.1034,0.0678,0.0339,0,0,0,1,0,0,hi-en,4,Latin,True,True,1.0,1,1,1,0,0.95,False,False,False,False,False,0,0,1,0,1,True,1,0,1.0,1,1,1.0,0,0,0,0,-1.0,False,0,1,0,0,0.0,1.0,0.0,0.0,0.0,True,False,0.0,0,False,False,-1.0,0,0,0,False,1,1,True,1,1,True,-1.0,False,0,5,4,1,1,1,1,0,1,0,0,1.6,False,False,False,0,True,False
feat_tl_post_00806,tl_post_00806,camp_camp_0134,train,HIGH,132,20,3,0.1471,0.0455,0.0379,0,0,0,0,0,0,en,0,Latin,False,False,1.0,1,1,1,0,0.95,False,False,False,True,False,0,1,1,1,1,True,1,0,1.0,1,1,1.0,0,0,0,0,-1.0,False,0,1,0,0,0.0,1.0,0.0,0.0,0.0,True,False,0.0,0,False,False,-1.0,0,0,0,False,1,1,True,1,1,True,-1.0,False,0,5,4,1,1,1,1,0,1,0,0,1.6,False,False,False,0,False,True
feat_tl_post_00807,tl_post_00807,camp_camp_0134,train,HIGH,131,12,3,0.0,0.0916,0.0229,0,1,0,0,0,0,ta,1,Tamil,False,False,1.0,1,1,1,0,0.95,False,False,False,False,False,0,0,1,0,1,True,1,0,1.0,1,1,1.0,0,0,0,0,-1.0,False,0,1,0,0,0.0,1.0,0.0,0.0,0.0,True,False,0.0,0,False,False,-1.0,0,0,0,False,1,1,True,1,1,True,-1.0,False,0,5,4,1,1,1,1,0,1,0,0,1.6,False,False,False,0,False,False
feat_tl_post_00808,tl_post_00808,camp_camp_0134,train,HIGH,119,20,2,0.0,0.0924,0.0504,0,0,0,1,0,0,hi,2,Devanagari,False,False,1.0,1,1,1,0,0.95,False,False,False,False,False,0,0,1,0,1,True,1,0,1.0,1,1,1.0,0,0,0,0,-1.0,False,0,1,0,0,0.0,1.0,0.0,0.0,0.0,True,False,0.0,0,False,False,-1.0,0,0,0,False,1,1,True,1,1,True,-1.0,False,0,5,4,1,1,1,1,0,1,0,0,1.6,False,False,False,0,True,False
feat_tl_post_00809,tl_post_00809,trans_trans_group_0134,train,LOW,130,16,4,0.0455,0.0,0.0385,0,0,0,0,0,0,ta-en,3,Latin,True,True,1.0,1,1,0,1,0.1,True,False,False,False,False,0,0,0,0,1,True,1,0,1.0,1,1,1.0,0,0,0,0,-1.0,False,1,0,0,0,1.0,0.0,0.0,0.0,1.0,False,True,0.0,0,False,False,-1.0,0,0,0,False,1,1,True,1,1,True,-1.0,False,0,5,4,1,1,1,1,1,0,0,0,1.6,False,False,False,1,False,False
feat_tl_post_00810,tl_post_00810,trans_trans_group_0134,train,INSUFFICIENT,74,12,2,0.0656,0.0,0.027,0,0,0,0,0,0,hi-en,4,Latin,True,True,1.0,1,1,1,0,0.95,False,False,False,False,False,0,0,0,0,1,True,1,0,1.0,1,1,1.0,0,0,0,0,-1.0,False,0,0,0,1,0.0,0.0,0.0,1.0,0.0,False,False,0.0,0,False,False,-1.0,0,0,0,False,1,1,True,1,1,True,-1.0,False,0,5,4,1,1,1,1,0,0,0,1,1.6,False,False,False,0,False,False
feat_tl_post_00811,tl_post_00811,camp_camp_0135,train,HIGH,114,15,2,0.0361,0.0877,0.0526,0,0,0,1,0,0,en,0,Latin,False,False,1.0,1,1,1,0,0.95,True,False,False,False,False,1,0,1,1,1,True,1,0,1.0,1,1,1.0,0,0,0,0,-1.0,False,0,1,0,0,0.0,1.0,0.0,0.0,0.0,True,False,0.0,0,False,False,-1.0,0,0,0,False,1,1,True,1,1,True,-1.0,False,0,5,4,1,1,1,1,0,1,0,0,1.6,True,False,True,1,True,True
feat_tl_post_00812,tl_post_00812,camp_camp_0135,train,HIGH,118,15,4,0.0,0.1949,0.0424,0,1,0,3,0,0,ta,1,Tamil,False,False,1.0,1,1,1,0,0.95,False,True,False,False,False,0,0,1,0,1,True,1,0,1.0,1,1,1.0,0,0,0,0,-1.0,False,0,1,0,0,0.0,1.0,0.0,0.0,0.0,True,False,0.0,0,False,False,-1.0,0,0,0,False,1,1,True,1,1,True,-1.0,False,0,5,4,1,1,1,1,0,1,0,0,1.6,False,False,False,0,True,False
feat_tl_post_00813,tl_post_00813,camp_camp_0135,train,HIGH,102,16,3,0.0,0.0882,0.049,0,0,0,1,1,0,hi,2,Devanagari,False,False,1.0,1,1,1,0,0.95,False,False,False,False,True,0,0,1,0,1,True,1,0,1.0,1,1,1.0,0,0,0,0,-1.0,False,0,1,0,0,0.0,1.0,0.0,0.0,0.0,True,False,0.0,0,False,False,-1.0,0,0,0,False,1,1,True,1,1,True,-1.0,False,0,5,4,1,1,1,1,0,1,0,0,1.6,False,False,False,0,True,False
feat_tl_post_00814,tl_post_00814,camp_camp_0135,train,HIGH,121,18,3,0.0337,0.0744,0.0413,0,0,0,1,1,0,ta-en,3,Latin,True,True,1.0,1,1,1,0,0.95,False,False,True,False,False,0,0,1,0,1,True,1,0,1.0,1,1,1.0,0,0,0,0,-1.0,False,0,1,0,0,0.0,1.0,0.0,0.0,0.0,True,False,0.0,0,False,False,-1.0,0,0,0,False,1,1,True,1,1,True,-1.0,False,0,5,4,1,1,1,1,0,1,0,0,1.6,False,False,True,0,True,True
feat_tl_post_00815,tl_post_00815,camp_camp_0135,train,HIGH,118,19,1,0.1034,0.0678,0.0339,0,0,0,1,0,0,hi-en,4,Latin,True,True,1.0,1,1,1,0,0.95,False,False,False,False,False,0,0,1,0,1,True,1,0,1.0,1,1,1.0,0,0,0,0,-1.0,False,0,1,0,0,0.0,1.0,0.0,0.0,0.0,True,False,0.0,0,False,False,-1.0,0,0,0,False,1,1,True,1,1,True,-1.0,False,0,5,4,1,1,1,1,0,1,0,0,1.6,False,False,False,0,True,False
feat_tl_post_00816,tl_post_00816,camp_camp_0135,train,HIGH,132,20,3,0.1471,0.0455,0.0379,0,0,0,0,0,0,en,0,Latin,False,False,1.0,1,1,1,0,0.95,False,False,False,True,False,0,1,1,1,1,True,1,0,1.0,1,1,1.0,0,0,0,0,-1.0,False,0,1,0,0,0.0,1.0,0.0,0.0,0.0,True,False,0.0,0,False,False,-1.0,0,0,0,False,1,1,True,1,1,True,-1.0,False,0,5,4,1,1,1,1,0,1,0,0,1.6,False,False,False,0,False,True
feat_tl_post_00817,tl_post_00817,camp_camp_0136,train,HIGH,131,12,3,0.0,0.0916,0.0229,0,1,0,0,0,0,ta,1,Tamil,False,False,1.0,1,1,1,0,0.95,False,False,False,False,False,0,0,1,0,1,True,1,0,1.0,1,1,1.0,0,0,0,0,-1.0,False,0,1,0,0,0.0,1.0,0.0,0.0,0.0,True,False,0.0,0,False,False,-1.0,0,0,0,False,1,1,True,1,1,True,-1.0,False,0,5,4,1,1,1,1,0,1,0,0,1.6,False,False,False,0,False,False
feat_tl_post_00818,tl_post_00818,camp_camp_0136,train,HIGH,119,20,2,0.0,0.0924,0.0504,0,0,0,1,0,0,hi,2,Devanagari,False,False,1.0,1,1,1,0,0.95,False,False,False,False,False,0,0,1,0,1,True,1,0,1.0,1,1,1.0,0,0,0,0,-1.0,False,0,1,0,0,0.0,1.0,0.0,0.0,0.0,True,False,0.0,0,False,False,-1.0,0,0,0,False,1,1,True,1,1,True,-1.0,False,0,5,4,1,1,1,1,0,1,0,0,1.6,False,False,False,0,True,False
feat_tl_post_00819,tl_post_00819,trans_trans_group_0136,train,LOW,114,21,1,0.0,0.0,0.0088,0,0,0,0,0,0,hi,2,Devanagari,False,False,1.0,1,1,0,1,0.1,True,False,False,False,False,0,0,0,0,1,True,1,0,1.0,1,1,1.0,0,0,0,0,-1.0,False,1,0,0,0,1.0,0.0,0.0,0.0,1.0,False,True,0.0,0,False,False,-1.0,0,0,0,False,1,1,True,1,1,True,-1.0,False,0,5,4,1,1,1,1,1,0,0,0,1.6,False,False,False,1,False,False
feat_tl_post_00820,tl_post_00820,trans_trans_group_0136,train,INSUFFICIENT,74,12,2,0.0656,0.0,0.027,0,0,0,0,0,0,hi-en,4,Latin,True,True,1.0,1,1,1,0,0.95,False,False,False,False,False,0,0,0,0,1,True,1,0,1.0,1,1,1.0,0,0,0,0,-1.0,False,0,0,0,1,0.0,0.0,0.0,1.0,0.0,False,False,0.0,0,False,False,-1.0,0,0,0,False,1,1,True,1,1,True,-1.0,False,0,5,4,1,1,1,1,0,0,0,1,1.6,False,False,False,0,False,False
feat_tl_post_00821,tl_post_00821,camp_camp_0136,train,HIGH,114,15,2,0.0361,0.0877,0.0526,0,0,0,1,0,0,en,0,Latin,False,False,1.0,1,1,1,0,0.95,True,False,False,False,False,1,0,1,1,1,True,1,0,1.0,1,1,1.0,0,0,0,0,-1.0,False,0,1,0,0,0.0,1.0,0.0,0.0,0.0,True,False,0.0,0,False,False,-1.0,0,0,0,False,1,1,True,1,1,True,-1.0,False,0,5,4,1,1,1,1,0,1,0,0,1.6,True,False,True,1,True,True
feat_tl_post_00822,tl_post_00822,camp_camp_0136,train,HIGH,118,15,4,0.0,0.1949,0.0424,0,1,0,3,0,0,ta,1,Tamil,False,False,1.0,1,1,1,0,0.95,False,True,False,False,False,0,0,1,0,1,True,1,0,1.0,1,1,1.0,0,0,0,0,-1.0,False,0,1,0,0,0.0,1.0,0.0,0.0,0.0,True,False,0.0,0,False,False,-1.0,0,0,0,False,1,1,True,1,1,True,-1.0,False,0,5,4,1,1,1,1,0,1,0,0,1.6,False,False,False,0,True,False
feat_tl_post_00823,tl_post_00823,camp_camp_0137,train,HIGH,102,16,3,0.0,0.0882,0.049,0,0,0,1,1,0,hi,2,Devanagari,False,False,1.0,1,1,1,0,0.95,False,False,False,False,True,0,0,1,0,1,True,1,0,1.0,1,1,1.0,0,0,0,0,-1.0,False,0,1,0,0,0.0,1.0,0.0,0.0,0.0,True,False,0.0,0,False,False,-1.0,0,0,0,False,1,1,True,1,1,True,-1.0,False,0,5,4,1,1,1,1,0,1,0,0,1.6,False,False,False,0,True,False
feat_tl_post_00824,tl_post_00824,camp_camp_0137,train,HIGH,121,18,3,0.0337,0.0744,0.0413,0,0,0,1,1,0,ta-en,3,Latin,True,True,1.0,1,1,1,0,0.95,False,False,True,False,False,0,0,1,0,1,True,1,0,1.0,1,1,1.0,0,0,0,0,-1.0,False,0,1,0,0,0.0,1.0,0.0,0.0,0.0,True,False,0.0,0,False,False,-1.0,0,0,0,False,1,1,True,1,1,True,-1.0,False,0,5,4,1,1,1,1,0,1,0,0,1.6,False,False,True,0,True,True
feat_tl_post_00825,tl_post_00825,camp_camp_0137,train,HIGH,118,19,1,0.1034,0.0678,0.0339,0,0,0,1,0,0,hi-en,4,Latin,True,True,1.0,1,1,1,0,0.95,False,False,False,False,False,0,0,1,0,1,True,1,0,1.0,1,1,1.0,0,0,0,0,-1.0,False,0,1,0,0,0.0,1.0,0.0,0.0,0.0,True,False,0.0,0,False,False,-1.0,0,0,0,False,1,1,True,1,1,True,-1.0,False,0,5,4,1,1,1,1,0,1,0,0,1.6,False,False,False,0,True,False
feat_tl_post_00826,tl_post_00826,camp_camp_0137,train,HIGH,132,20,3,0.1471,0.0455,0.0379,0,0,0,0,0,0,en,0,Latin,False,False,1.0,1,1,1,0,0.95,False,False,False,True,False,0,1,1,1,1,True,1,0,1.0,1,1,1.0,0,0,0,0,-1.0,False,0,1,0,0,0.0,1.0,0.0,0.0,0.0,True,False,0.0,0,False,False,-1.0,0,0,0,False,1,1,True,1,1,True,-1.0,False,0,5,4,1,1,1,1,0,1,0,0,1.6,False,False,False,0,False,True
feat_tl_post_00827,tl_post_00827,camp_camp_0137,train,HIGH,131,12,3,0.0,0.0916,0.0229,0,1,0,0,0,0,ta,1,Tamil,False,False,1.0,1,1,1,0,0.95,False,False,False,False,False,0,0,1,0,1,True,1,0,1.0,1,1,1.0,0,0,0,0,-1.0,False,0,1,0,0,0.0,1.0,0.0,0.0,0.0,True,False,0.0,0,False,False,-1.0,0,0,0,False,1,1,True,1,1,True,-1.0,False,0,5,4,1,1,1,1,0,1,0,0,1.6,False,False,False,0,False,False
feat_tl_post_00828,tl_post_00828,camp_camp_0137,train,HIGH,119,20,2,0.0,0.0924,0.0504,0,0,0,1,0,0,hi,2,Devanagari,False,False,1.0,1,1,1,0,0.95,False,False,False,False,False,0,0,1,0,1,True,1,0,1.0,1,1,1.0,0,0,0,0,-1.0,False,0,1,0,0,0.0,1.0,0.0,0.0,0.0,True,False,0.0,0,False,False,-1.0,0,0,0,False,1,1,True,1,1,True,-1.0,False,0,5,4,1,1,1,1,0,1,0,0,1.6,False,False,False,0,True,False
feat_tl_post_00829,tl_post_00829,trans_trans_group_0138,train,LOW,134,24,2,0.1604,0.0,0.0373,0,0,0,0,0,0,en,0,Latin,False,False,1.0,1,1,0,1,0.1,True,False,False,False,False,0,1,0,0,1,True,1,0,1.0,1,1,1.0,0,0,0,0,-1.0,False,1,0,0,0,1.0,0.0,0.0,0.0,1.0,False,True,0.0,0,False,False,-1.0,0,0,0,False,1,1,True,1,1,True,-1.0,False,0,5,4,1,1,1,1,1,0,0,0,1.6,False,False,False,1,False,False
feat_tl_post_00830,tl_post_00830,trans_trans_group_0138,train,INSUFFICIENT,74,12,2,0.0656,0.0,0.027,0,0,0,0,0,0,hi-en,4,Latin,True,True,1.0,1,1,1,0,0.95,False,False,False,False,False,0,0,0,0,1,True,1,0,1.0,1,1,1.0,0,0,0,0,-1.0,False,0,0,0,1,0.0,0.0,0.0,1.0,0.0,False,False,0.0,0,False,False,-1.0,0,0,0,False,1,1,True,1,1,True,-1.0,False,0,5,4,1,1,1,1,0,0,0,1,1.6,False,False,False,0,False,False
feat_tl_post_00831,tl_post_00831,camp_camp_0138,train,HIGH,114,15,2,0.0361,0.0877,0.0526,0,0,0,1,0,0,en,0,Latin,False,False,1.0,1,1,1,0,0.95,True,False,False,False,False,1,0,1,1,1,True,1,0,1.0,1,1,1.0,0,0,0,0,-1.0,False,0,1,0,0,0.0,1.0,0.0,0.0,0.0,True,False,0.0,0,False,False,-1.0,0,0,0,False,1,1,True,1,1,True,-1.0,False,0,5,4,1,1,1,1,0,1,0,0,1.6,True,False,True,1,True,True
feat_tl_post_00832,tl_post_00832,camp_camp_0138,train,HIGH,118,15,4,0.0,0.1949,0.0424,0,1,0,3,0,0,ta,1,Tamil,False,False,1.0,1,1,1,0,0.95,False,True,False,False,False,0,0,1,0,1,True,1,0,1.0,1,1,1.0,0,0,0,0,-1.0,False,0,1,0,0,0.0,1.0,0.0,0.0,0.0,True,False,0.0,0,False,False,-1.0,0,0,0,False,1,1,True,1,1,True,-1.0,False,0,5,4,1,1,1,1,0,1,0,0,1.6,False,False,False,0,True,False
feat_tl_post_00833,tl_post_00833,camp_camp_0138,train,HIGH,102,16,3,0.0,0.0882,0.049,0,0,0,1,1,0,hi,2,Devanagari,False,False,1.0,1,1,1,0,0.95,False,False,False,False,True,0,0,1,0,1,True,1,0,1.0,1,1,1.0,0,0,0,0,-1.0,False,0,1,0,0,0.0,1.0,0.0,0.0,0.0,True,False,0.0,0,False,False,-1.0,0,0,0,False,1,1,True,1,1,True,-1.0,False,0,5,4,1,1,1,1,0,1,0,0,1.6,False,False,False,0,True,False
feat_tl_post_00834,tl_post_00834,camp_camp_0138,train,HIGH,121,18,3,0.0337,0.0744,0.0413,0,0,0,1,1,0,ta-en,3,Latin,True,True,1.0,1,1,1,0,0.95,False,False,True,False,False,0,0,1,0,1,True,1,0,1.0,1,1,1.0,0,0,0,0,-1.0,False,0,1,0,0,0.0,1.0,0.0,0.0,0.0,True,False,0.0,0,False,False,-1.0,0,0,0,False,1,1,True,1,1,True,-1.0,False,0,5,4,1,1,1,1,0,1,0,0,1.6,False,False,True,0,True,True
feat_tl_post_00835,tl_post_00835,camp_camp_0139,train,HIGH,118,19,1,0.1034,0.0678,0.0339,0,0,0,1,0,0,hi-en,4,Latin,True,True,1.0,1,1,1,0,0.95,False,False,False,False,False,0,0,1,0,1,True,1,0,1.0,1,1,1.0,0,0,0,0,-1.0,False,0,1,0,0,0.0,1.0,0.0,0.0,0.0,True,False,0.0,0,False,False,-1.0,0,0,0,False,1,1,True,1,1,True,-1.0,False,0,5,4,1,1,1,1,0,1,0,0,1.6,False,False,False,0,True,False
feat_tl_post_00836,tl_post_00836,camp_camp_0139,train,HIGH,132,20,3,0.1471,0.0455,0.0379,0,0,0,0,0,0,en,0,Latin,False,False,1.0,1,1,1,0,0.95,False,False,False,True,False,0,1,1,1,1,True,1,0,1.0,1,1,1.0,0,0,0,0,-1.0,False,0,1,0,0,0.0,1.0,0.0,0.0,0.0,True,False,0.0,0,False,False,-1.0,0,0,0,False,1,1,True,1,1,True,-1.0,False,0,5,4,1,1,1,1,0,1,0,0,1.6,False,False,False,0,False,True
feat_tl_post_00837,tl_post_00837,camp_camp_0139,train,HIGH,131,12,3,0.0,0.0916,0.0229,0,1,0,0,0,0,ta,1,Tamil,False,False,1.0,1,1,1,0,0.95,False,False,False,False,False,0,0,1,0,1,True,1,0,1.0,1,1,1.0,0,0,0,0,-1.0,False,0,1,0,0,0.0,1.0,0.0,0.0,0.0,True,False,0.0,0,False,False,-1.0,0,0,0,False,1,1,True,1,1,True,-1.0,False,0,5,4,1,1,1,1,0,1,0,0,1.6,False,False,False,0,False,False
feat_tl_post_00838,tl_post_00838,camp_camp_0139,train,HIGH,119,20,2,0.0,0.0924,0.0504,0,0,0,1,0,0,hi,2,Devanagari,False,False,1.0,1,1,1,0,0.95,False,False,False,False,False,0,0,1,0,1,True,1,0,1.0,1,1,1.0,0,0,0,0,-1.0,False,0,1,0,0,0.0,1.0,0.0,0.0,0.0,True,False,0.0,0,False,False,-1.0,0,0,0,False,1,1,True,1,1,True,-1.0,False,0,5,4,1,1,1,1,0,1,0,0,1.6,False,False,False,0,True,False
feat_tl_post_00839,tl_post_00839,trans_trans_group_0139,train,LOW,130,16,4,0.0455,0.0,0.0385,0,0,0,0,0,0,ta-en,3,Latin,True,True,1.0,1,1,0,1,0.1,True,False,False,False,False,0,0,0,0,1,True,1,0,1.0,1,1,1.0,0,0,0,0,-1.0,False,1,0,0,0,1.0,0.0,0.0,0.0,1.0,False,True,0.0,0,False,False,-1.0,0,0,0,False,1,1,True,1,1,True,-1.0,False,0,5,4,1,1,1,1,1,0,0,0,1.6,False,False,False,1,False,False
feat_tl_post_00840,tl_post_00840,trans_trans_group_0139,train,INSUFFICIENT,74,12,2,0.0656,0.0,0.027,0,0,0,0,0,0,hi-en,4,Latin,True,True,1.0,1,1,1,0,0.95,False,False,False,False,False,0,0,0,0,1,True,1,0,1.0,1,1,1.0,0,0,0,0,-1.0,False,0,0,0,1,0.0,0.0,0.0,1.0,0.0,False,False,0.0,0,False,False,-1.0,0,0,0,False,1,1,True,1,1,True,-1.0,False,0,5,4,1,1,1,1,0,0,0,1,1.6,False,False,False,0,False,False
feat_tl_post_00841,tl_post_00841,camp_camp_0140,train,HIGH,114,15,2,0.0361,0.0877,0.0526,0,0,0,1,0,0,en,0,Latin,False,False,1.0,1,1,1,0,0.95,True,False,False,False,False,1,0,1,1,1,True,1,0,1.0,1,1,1.0,0,0,0,0,-1.0,False,0,1,0,0,0.0,1.0,0.0,0.0,0.0,True,False,0.0,0,False,False,-1.0,0,0,0,False,1,1,True,1,1,True,-1.0,False,0,5,4,1,1,1,1,0,1,0,0,1.6,True,False,True,1,True,True
feat_tl_post_00842,tl_post_00842,camp_camp_0140,train,HIGH,118,15,4,0.0,0.1949,0.0424,0,1,0,3,0,0,ta,1,Tamil,False,False,1.0,1,1,1,0,0.95,False,True,False,False,False,0,0,1,0,1,True,1,0,1.0,1,1,1.0,0,0,0,0,-1.0,False,0,1,0,0,0.0,1.0,0.0,0.0,0.0,True,False,0.0,0,False,False,-1.0,0,0,0,False,1,1,True,1,1,True,-1.0,False,0,5,4,1,1,1,1,0,1,0,0,1.6,False,False,False,0,True,False
feat_tl_post_00843,tl_post_00843,camp_camp_0140,train,HIGH,102,16,3,0.0,0.0882,0.049,0,0,0,1,1,0,hi,2,Devanagari,False,False,1.0,1,1,1,0,0.95,False,False,False,False,True,0,0,1,0,1,True,1,0,1.0,1,1,1.0,0,0,0,0,-1.0,False,0,1,0,0,0.0,1.0,0.0,0.0,0.0,True,False,0.0,0,False,False,-1.0,0,0,0,False,1,1,True,1,1,True,-1.0,False,0,5,4,1,1,1,1,0,1,0,0,1.6,False,False,False,0,True,False
feat_tl_post_00844,tl_post_00844,camp_camp_0140,train,HIGH,121,18,3,0.0337,0.0744,0.0413,0,0,0,1,1,0,ta-en,3,Latin,True,True,1.0,1,1,1,0,0.95,False,False,True,False,False,0,0,1,0,1,True,1,0,1.0,1,1,1.0,0,0,0,0,-1.0,False,0,1,0,0,0.0,1.0,0.0,0.0,0.0,True,False,0.0,0,False,False,-1.0,0,0,0,False,1,1,True,1,1,True,-1.0,False,0,5,4,1,1,1,1,0,1,0,0,1.6,False,False,True,0,True,True
feat_tl_post_00845,tl_post_00845,camp_camp_0140,train,HIGH,118,19,1,0.1034,0.0678,0.0339,0,0,0,1,0,0,hi-en,4,Latin,True,True,1.0,1,1,1,0,0.95,False,False,False,False,False,0,0,1,0,1,True,1,0,1.0,1,1,1.0,0,0,0,0,-1.0,False,0,1,0,0,0.0,1.0,0.0,0.0,0.0,True,False,0.0,0,False,False,-1.0,0,0,0,False,1,1,True,1,1,True,-1.0,False,0,5,4,1,1,1,1,0,1,0,0,1.6,False,False,False,0,True,False
feat_tl_post_00846,tl_post_00846,camp_camp_0140,train,HIGH,132,20,3,0.1471,0.0455,0.0379,0,0,0,0,0,0,en,0,Latin,False,False,1.0,1,1,1,0,0.95,False,False,False,True,False,0,1,1,1,1,True,1,0,1.0,1,1,1.0,0,0,0,0,-1.0,False,0,1,0,0,0.0,1.0,0.0,0.0,0.0,True,False,0.0,0,False,False,-1.0,0,0,0,False,1,1,True,1,1,True,-1.0,False,0,5,4,1,1,1,1,0,1,0,0,1.6,False,False,False,0,False,True
feat_tl_post_00847,tl_post_00847,camp_camp_0141,train,HIGH,131,12,3,0.0,0.0916,0.0229,0,1,0,0,0,0,ta,1,Tamil,False,False,1.0,1,1,1,0,0.95,False,False,False,False,False,0,0,1,0,1,True,1,0,1.0,1,1,1.0,0,0,0,0,-1.0,False,0,1,0,0,0.0,1.0,0.0,0.0,0.0,True,False,0.0,0,False,False,-1.0,0,0,0,False,1,1,True,1,1,True,-1.0,False,0,5,4,1,1,1,1,0,1,0,0,1.6,False,False,False,0,False,False
feat_tl_post_00848,tl_post_00848,camp_camp_0141,train,HIGH,119,20,2,0.0,0.0924,0.0504,0,0,0,1,0,0,hi,2,Devanagari,False,False,1.0,1,1,1,0,0.95,False,False,False,False,False,0,0,1,0,1,True,1,0,1.0,1,1,1.0,0,0,0,0,-1.0,False,0,1,0,0,0.0,1.0,0.0,0.0,0.0,True,False,0.0,0,False,False,-1.0,0,0,0,False,1,1,True,1,1,True,-1.0,False,0,5,4,1,1,1,1,0,1,0,0,1.6,False,False,False,0,True,False
feat_tl_post_00849,tl_post_00849,trans_trans_group_0141,train,LOW,114,21,1,0.0,0.0,0.0088,0,0,0,0,0,0,hi,2,Devanagari,False,False,1.0,1,1,0,1,0.1,True,False,False,False,False,0,0,0,0,1,True,1,0,1.0,1,1,1.0,0,0,0,0,-1.0,False,1,0,0,0,1.0,0.0,0.0,0.0,1.0,False,True,0.0,0,False,False,-1.0,0,0,0,False,1,1,True,1,1,True,-1.0,False,0,5,4,1,1,1,1,1,0,0,0,1.6,False,False,False,1,False,False
feat_tl_post_00850,tl_post_00850,trans_trans_group_0141,train,INSUFFICIENT,74,12,2,0.0656,0.0,0.027,0,0,0,0,0,0,hi-en,4,Latin,True,True,1.0,1,1,1,0,0.95,False,False,False,False,False,0,0,0,0,1,True,1,0,1.0,1,1,1.0,0,0,0,0,-1.0,False,0,0,0,1,0.0,0.0,0.0,1.0,0.0,False,False,0.0,0,False,False,-1.0,0,0,0,False,1,1,True,1,1,True,-1.0,False,0,5,4,1,1,1,1,0,0,0,1,1.6,False,False,False,0,False,False
feat_tl_post_00851,tl_post_00851,camp_camp_0141,train,HIGH,114,15,2,0.0361,0.0877,0.0526,0,0,0,1,0,0,en,0,Latin,False,False,1.0,1,1,1,0,0.95,True,False,False,False,False,1,0,1,1,1,True,1,0,1.0,1,1,1.0,0,0,0,0,-1.0,False,0,1,0,0,0.0,1.0,0.0,0.0,0.0,True,False,0.0,0,False,False,-1.0,0,0,0,False,1,1,True,1,1,True,-1.0,False,0,5,4,1,1,1,1,0,1,0,0,1.6,True,False,True,1,True,True
feat_tl_post_00852,tl_post_00852,camp_camp_0141,train,HIGH,118,15,4,0.0,0.1949,0.0424,0,1,0,3,0,0,ta,1,Tamil,False,False,1.0,1,1,1,0,0.95,False,True,False,False,False,0,0,1,0,1,True,1,0,1.0,1,1,1.0,0,0,0,0,-1.0,False,0,1,0,0,0.0,1.0,0.0,0.0,0.0,True,False,0.0,0,False,False,-1.0,0,0,0,False,1,1,True,1,1,True,-1.0,False,0,5,4,1,1,1,1,0,1,0,0,1.6,False,False,False,0,True,False
feat_tl_post_00853,tl_post_00853,camp_camp_0142,train,HIGH,102,16,3,0.0,0.0882,0.049,0,0,0,1,1,0,hi,2,Devanagari,False,False,1.0,1,1,1,0,0.95,False,False,False,False,True,0,0,1,0,1,True,1,0,1.0,1,1,1.0,0,0,0,0,-1.0,False,0,1,0,0,0.0,1.0,0.0,0.0,0.0,True,False,0.0,0,False,False,-1.0,0,0,0,False,1,1,True,1,1,True,-1.0,False,0,5,4,1,1,1,1,0,1,0,0,1.6,False,False,False,0,True,False
feat_tl_post_00854,tl_post_00854,camp_camp_0142,train,HIGH,121,18,3,0.0337,0.0744,0.0413,0,0,0,1,1,0,ta-en,3,Latin,True,True,1.0,1,1,1,0,0.95,False,False,True,False,False,0,0,1,0,1,True,1,0,1.0,1,1,1.0,0,0,0,0,-1.0,False,0,1,0,0,0.0,1.0,0.0,0.0,0.0,True,False,0.0,0,False,False,-1.0,0,0,0,False,1,1,True,1,1,True,-1.0,False,0,5,4,1,1,1,1,0,1,0,0,1.6,False,False,True,0,True,True
feat_tl_post_00855,tl_post_00855,camp_camp_0142,train,HIGH,118,19,1,0.1034,0.0678,0.0339,0,0,0,1,0,0,hi-en,4,Latin,True,True,1.0,1,1,1,0,0.95,False,False,False,False,False,0,0,1,0,1,True,1,0,1.0,1,1,1.0,0,0,0,0,-1.0,False,0,1,0,0,0.0,1.0,0.0,0.0,0.0,True,False,0.0,0,False,False,-1.0,0,0,0,False,1,1,True,1,1,True,-1.0,False,0,5,4,1,1,1,1,0,1,0,0,1.6,False,False,False,0,True,False
feat_tl_post_00856,tl_post_00856,camp_camp_0142,train,HIGH,132,20,3,0.1471,0.0455,0.0379,0,0,0,0,0,0,en,0,Latin,False,False,1.0,1,1,1,0,0.95,False,False,False,True,False,0,1,1,1,1,True,1,0,1.0,1,1,1.0,0,0,0,0,-1.0,False,0,1,0,0,0.0,1.0,0.0,0.0,0.0,True,False,0.0,0,False,False,-1.0,0,0,0,False,1,1,True,1,1,True,-1.0,False,0,5,4,1,1,1,1,0,1,0,0,1.6,False,False,False,0,False,True
feat_tl_post_00857,tl_post_00857,camp_camp_0142,train,HIGH,131,12,3,0.0,0.0916,0.0229,0,1,0,0,0,0,ta,1,Tamil,False,False,1.0,1,1,1,0,0.95,False,False,False,False,False,0,0,1,0,1,True,1,0,1.0,1,1,1.0,0,0,0,0,-1.0,False,0,1,0,0,0.0,1.0,0.0,0.0,0.0,True,False,0.0,0,False,False,-1.0,0,0,0,False,1,1,True,1,1,True,-1.0,False,0,5,4,1,1,1,1,0,1,0,0,1.6,False,False,False,0,False,False
feat_tl_post_00858,tl_post_00858,camp_camp_0142,train,HIGH,119,20,2,0.0,0.0924,0.0504,0,0,0,1,0,0,hi,2,Devanagari,False,False,1.0,1,1,1,0,0.95,False,False,False,False,False,0,0,1,0,1,True,1,0,1.0,1,1,1.0,0,0,0,0,-1.0,False,0,1,0,0,0.0,1.0,0.0,0.0,0.0,True,False,0.0,0,False,False,-1.0,0,0,0,False,1,1,True,1,1,True,-1.0,False,0,5,4,1,1,1,1,0,1,0,0,1.6,False,False,False,0,True,False
feat_tl_post_00859,tl_post_00859,trans_trans_group_0143,train,LOW,134,24,2,0.1604,0.0,0.0373,0,0,0,0,0,0,en,0,Latin,False,False,1.0,1,1,0,1,0.1,True,False,False,False,False,0,1,0,0,1,True,1,0,1.0,1,1,1.0,0,0,0,0,-1.0,False,1,0,0,0,1.0,0.0,0.0,0.0,1.0,False,True,0.0,0,False,False,-1.0,0,0,0,False,1,1,True,1,1,True,-1.0,False,0,5,4,1,1,1,1,1,0,0,0,1.6,False,False,False,1,False,False
feat_tl_post_00860,tl_post_00860,trans_trans_group_0143,train,INSUFFICIENT,74,12,2,0.0656,0.0,0.027,0,0,0,0,0,0,hi-en,4,Latin,True,True,1.0,1,1,1,0,0.95,False,False,False,False,False,0,0,0,0,1,True,1,0,1.0,1,1,1.0,0,0,0,0,-1.0,False,0,0,0,1,0.0,0.0,0.0,1.0,0.0,False,False,0.0,0,False,False,-1.0,0,0,0,False,1,1,True,1,1,True,-1.0,False,0,5,4,1,1,1,1,0,0,0,1,1.6,False,False,False,0,False,False
feat_tl_post_00861,tl_post_00861,camp_camp_0143,train,HIGH,114,15,2,0.0361,0.0877,0.0526,0,0,0,1,0,0,en,0,Latin,False,False,1.0,1,1,1,0,0.95,True,False,False,False,False,1,0,1,1,1,True,1,0,1.0,1,1,1.0,0,0,0,0,-1.0,False,0,1,0,0,0.0,1.0,0.0,0.0,0.0,True,False,0.0,0,False,False,-1.0,0,0,0,False,1,1,True,1,1,True,-1.0,False,0,5,4,1,1,1,1,0,1,0,0,1.6,True,False,True,1,True,True
feat_tl_post_00862,tl_post_00862,camp_camp_0143,train,HIGH,118,15,4,0.0,0.1949,0.0424,0,1,0,3,0,0,ta,1,Tamil,False,False,1.0,1,1,1,0,0.95,False,True,False,False,False,0,0,1,0,1,True,1,0,1.0,1,1,1.0,0,0,0,0,-1.0,False,0,1,0,0,0.0,1.0,0.0,0.0,0.0,True,False,0.0,0,False,False,-1.0,0,0,0,False,1,1,True,1,1,True,-1.0,False,0,5,4,1,1,1,1,0,1,0,0,1.6,False,False,False,0,True,False
feat_tl_post_00863,tl_post_00863,camp_camp_0143,train,HIGH,102,16,3,0.0,0.0882,0.049,0,0,0,1,1,0,hi,2,Devanagari,False,False,1.0,1,1,1,0,0.95,False,False,False,False,True,0,0,1,0,1,True,1,0,1.0,1,1,1.0,0,0,0,0,-1.0,False,0,1,0,0,0.0,1.0,0.0,0.0,0.0,True,False,0.0,0,False,False,-1.0,0,0,0,False,1,1,True,1,1,True,-1.0,False,0,5,4,1,1,1,1,0,1,0,0,1.6,False,False,False,0,True,False
feat_tl_post_00864,tl_post_00864,camp_camp_0143,train,HIGH,121,18,3,0.0337,0.0744,0.0413,0,0,0,1,1,0,ta-en,3,Latin,True,True,1.0,1,1,1,0,0.95,False,False,True,False,False,0,0,1,0,1,True,1,0,1.0,1,1,1.0,0,0,0,0,-1.0,False,0,1,0,0,0.0,1.0,0.0,0.0,0.0,True,False,0.0,0,False,False,-1.0,0,0,0,False,1,1,True,1,1,True,-1.0,False,0,5,4,1,1,1,1,0,1,0,0,1.6,False,False,True,0,True,True
feat_tl_post_00865,tl_post_00865,camp_camp_0144,train,HIGH,118,19,1,0.1034,0.0678,0.0339,0,0,0,1,0,0,hi-en,4,Latin,True,True,1.0,1,1,1,0,0.95,False,False,False,False,False,0,0,1,0,1,True,1,0,1.0,1,1,1.0,0,0,0,0,-1.0,False,0,1,0,0,0.0,1.0,0.0,0.0,0.0,True,False,0.0,0,False,False,-1.0,0,0,0,False,1,1,True,1,1,True,-1.0,False,0,5,4,1,1,1,1,0,1,0,0,1.6,False,False,False,0,True,False
feat_tl_post_00866,tl_post_00866,camp_camp_0144,train,HIGH,132,20,3,0.1471,0.0455,0.0379,0,0,0,0,0,0,en,0,Latin,False,False,1.0,1,1,1,0,0.95,False,False,False,True,False,0,1,1,1,1,True,1,0,1.0,1,1,1.0,0,0,0,0,-1.0,False,0,1,0,0,0.0,1.0,0.0,0.0,0.0,True,False,0.0,0,False,False,-1.0,0,0,0,False,1,1,True,1,1,True,-1.0,False,0,5,4,1,1,1,1,0,1,0,0,1.6,False,False,False,0,False,True
feat_tl_post_00867,tl_post_00867,camp_camp_0144,train,HIGH,131,12,3,0.0,0.0916,0.0229,0,1,0,0,0,0,ta,1,Tamil,False,False,1.0,1,1,1,0,0.95,False,False,False,False,False,0,0,1,0,1,True,1,0,1.0,1,1,1.0,0,0,0,0,-1.0,False,0,1,0,0,0.0,1.0,0.0,0.0,0.0,True,False,0.0,0,False,False,-1.0,0,0,0,False,1,1,True,1,1,True,-1.0,False,0,5,4,1,1,1,1,0,1,0,0,1.6,False,False,False,0,False,False
feat_tl_post_00868,tl_post_00868,camp_camp_0144,train,HIGH,119,20,2,0.0,0.0924,0.0504,0,0,0,1,0,0,hi,2,Devanagari,False,False,1.0,1,1,1,0,0.95,False,False,False,False,False,0,0,1,0,1,True,1,0,1.0,1,1,1.0,0,0,0,0,-1.0,False,0,1,0,0,0.0,1.0,0.0,0.0,0.0,True,False,0.0,0,False,False,-1.0,0,0,0,False,1,1,True,1,1,True,-1.0,False,0,5,4,1,1,1,1,0,1,0,0,1.6,False,False,False,0,True,False
feat_tl_post_00869,tl_post_00869,trans_trans_group_0144,train,LOW,130,16,4,0.0455,0.0,0.0385,0,0,0,0,0,0,ta-en,3,Latin,True,True,1.0,1,1,0,1,0.1,True,False,False,False,False,0,0,0,0,1,True,1,0,1.0,1,1,1.0,0,0,0,0,-1.0,False,1,0,0,0,1.0,0.0,0.0,0.0,1.0,False,True,0.0,0,False,False,-1.0,0,0,0,False,1,1,True,1,1,True,-1.0,False,0,5,4,1,1,1,1,1,0,0,0,1.6,False,False,False,1,False,False
feat_tl_post_00870,tl_post_00870,trans_trans_group_0144,train,INSUFFICIENT,74,12,2,0.0656,0.0,0.027,0,0,0,0,0,0,hi-en,4,Latin,True,True,1.0,1,1,1,0,0.95,False,False,False,False,False,0,0,0,0,1,True,1,0,1.0,1,1,1.0,0,0,0,0,-1.0,False,0,0,0,1,0.0,0.0,0.0,1.0,0.0,False,False,0.0,0,False,False,-1.0,0,0,0,False,1,1,True,1,1,True,-1.0,False,0,5,4,1,1,1,1,0,0,0,1,1.6,False,False,False,0,False,False
feat_tl_post_00871,tl_post_00871,camp_camp_0145,train,HIGH,114,15,2,0.0361,0.0877,0.0526,0,0,0,1,0,0,en,0,Latin,False,False,1.0,1,1,1,0,0.95,True,False,False,False,False,1,0,1,1,1,True,1,0,1.0,1,1,1.0,0,0,0,0,-1.0,False,0,1,0,0,0.0,1.0,0.0,0.0,0.0,True,False,0.0,0,False,False,-1.0,0,0,0,False,1,1,True,1,1,True,-1.0,False,0,5,4,1,1,1,1,0,1,0,0,1.6,True,False,True,1,True,True
feat_tl_post_00872,tl_post_00872,camp_camp_0145,train,HIGH,118,15,4,0.0,0.1949,0.0424,0,1,0,3,0,0,ta,1,Tamil,False,False,1.0,1,1,1,0,0.95,False,True,False,False,False,0,0,1,0,1,True,1,0,1.0,1,1,1.0,0,0,0,0,-1.0,False,0,1,0,0,0.0,1.0,0.0,0.0,0.0,True,False,0.0,0,False,False,-1.0,0,0,0,False,1,1,True,1,1,True,-1.0,False,0,5,4,1,1,1,1,0,1,0,0,1.6,False,False,False,0,True,False
feat_tl_post_00873,tl_post_00873,camp_camp_0145,train,HIGH,102,16,3,0.0,0.0882,0.049,0,0,0,1,1,0,hi,2,Devanagari,False,False,1.0,1,1,1,0,0.95,False,False,False,False,True,0,0,1,0,1,True,1,0,1.0,1,1,1.0,0,0,0,0,-1.0,False,0,1,0,0,0.0,1.0,0.0,0.0,0.0,True,False,0.0,0,False,False,-1.0,0,0,0,False,1,1,True,1,1,True,-1.0,False,0,5,4,1,1,1,1,0,1,0,0,1.6,False,False,False,0,True,False
feat_tl_post_00874,tl_post_00874,camp_camp_0145,train,HIGH,121,18,3,0.0337,0.0744,0.0413,0,0,0,1,1,0,ta-en,3,Latin,True,True,1.0,1,1,1,0,0.95,False,False,True,False,False,0,0,1,0,1,True,1,0,1.0,1,1,1.0,0,0,0,0,-1.0,False,0,1,0,0,0.0,1.0,0.0,0.0,0.0,True,False,0.0,0,False,False,-1.0,0,0,0,False,1,1,True,1,1,True,-1.0,False,0,5,4,1,1,1,1,0,1,0,0,1.6,False,False,True,0,True,True
feat_tl_post_00875,tl_post_00875,camp_camp_0145,train,HIGH,118,19,1,0.1034,0.0678,0.0339,0,0,0,1,0,0,hi-en,4,Latin,True,True,1.0,1,1,1,0,0.95,False,False,False,False,False,0,0,1,0,1,True,1,0,1.0,1,1,1.0,0,0,0,0,-1.0,False,0,1,0,0,0.0,1.0,0.0,0.0,0.0,True,False,0.0,0,False,False,-1.0,0,0,0,False,1,1,True,1,1,True,-1.0,False,0,5,4,1,1,1,1,0,1,0,0,1.6,False,False,False,0,True,False
feat_tl_post_00876,tl_post_00876,camp_camp_0145,train,HIGH,132,20,3,0.1471,0.0455,0.0379,0,0,0,0,0,0,en,0,Latin,False,False,1.0,1,1,1,0,0.95,False,False,False,True,False,0,1,1,1,1,True,1,0,1.0,1,1,1.0,0,0,0,0,-1.0,False,0,1,0,0,0.0,1.0,0.0,0.0,0.0,True,False,0.0,0,False,False,-1.0,0,0,0,False,1,1,True,1,1,True,-1.0,False,0,5,4,1,1,1,1,0,1,0,0,1.6,False,False,False,0,False,True
feat_tl_post_00877,tl_post_00877,camp_camp_0146,train,HIGH,131,12,3,0.0,0.0916,0.0229,0,1,0,0,0,0,ta,1,Tamil,False,False,1.0,1,1,1,0,0.95,False,False,False,False,False,0,0,1,0,1,True,1,0,1.0,1,1,1.0,0,0,0,0,-1.0,False,0,1,0,0,0.0,1.0,0.0,0.0,0.0,True,False,0.0,0,False,False,-1.0,0,0,0,False,1,1,True,1,1,True,-1.0,False,0,5,4,1,1,1,1,0,1,0,0,1.6,False,False,False,0,False,False
feat_tl_post_00878,tl_post_00878,camp_camp_0146,train,HIGH,119,20,2,0.0,0.0924,0.0504,0,0,0,1,0,0,hi,2,Devanagari,False,False,1.0,1,1,1,0,0.95,False,False,False,False,False,0,0,1,0,1,True,1,0,1.0,1,1,1.0,0,0,0,0,-1.0,False,0,1,0,0,0.0,1.0,0.0,0.0,0.0,True,False,0.0,0,False,False,-1.0,0,0,0,False,1,1,True,1,1,True,-1.0,False,0,5,4,1,1,1,1,0,1,0,0,1.6,False,False,False,0,True,False
feat_tl_post_00879,tl_post_00879,trans_trans_group_0146,train,LOW,114,21,1,0.0,0.0,0.0088,0,0,0,0,0,0,hi,2,Devanagari,False,False,1.0,1,1,0,1,0.1,True,False,False,False,False,0,0,0,0,1,True,1,0,1.0,1,1,1.0,0,0,0,0,-1.0,False,1,0,0,0,1.0,0.0,0.0,0.0,1.0,False,True,0.0,0,False,False,-1.0,0,0,0,False,1,1,True,1,1,True,-1.0,False,0,5,4,1,1,1,1,1,0,0,0,1.6,False,False,False,1,False,False
feat_tl_post_00880,tl_post_00880,trans_trans_group_0146,train,INSUFFICIENT,74,12,2,0.0656,0.0,0.027,0,0,0,0,0,0,hi-en,4,Latin,True,True,1.0,1,1,1,0,0.95,False,False,False,False,False,0,0,0,0,1,True,1,0,1.0,1,1,1.0,0,0,0,0,-1.0,False,0,0,0,1,0.0,0.0,0.0,1.0,0.0,False,False,0.0,0,False,False,-1.0,0,0,0,False,1,1,True,1,1,True,-1.0,False,0,5,4,1,1,1,1,0,0,0,1,1.6,False,False,False,0,False,False
feat_tl_post_00881,tl_post_00881,camp_camp_0146,train,HIGH,114,15,2,0.0361,0.0877,0.0526,0,0,0,1,0,0,en,0,Latin,False,False,1.0,1,1,1,0,0.95,True,False,False,False,False,1,0,1,1,1,True,1,0,1.0,1,1,1.0,0,0,0,0,-1.0,False,0,1,0,0,0.0,1.0,0.0,0.0,0.0,True,False,0.0,0,False,False,-1.0,0,0,0,False,1,1,True,1,1,True,-1.0,False,0,5,4,1,1,1,1,0,1,0,0,1.6,True,False,True,1,True,True
feat_tl_post_00882,tl_post_00882,camp_camp_0146,train,HIGH,118,15,4,0.0,0.1949,0.0424,0,1,0,3,0,0,ta,1,Tamil,False,False,1.0,1,1,1,0,0.95,False,True,False,False,False,0,0,1,0,1,True,1,0,1.0,1,1,1.0,0,0,0,0,-1.0,False,0,1,0,0,0.0,1.0,0.0,0.0,0.0,True,False,0.0,0,False,False,-1.0,0,0,0,False,1,1,True,1,1,True,-1.0,False,0,5,4,1,1,1,1,0,1,0,0,1.6,False,False,False,0,True,False
feat_tl_post_00883,tl_post_00883,camp_camp_0147,train,HIGH,102,16,3,0.0,0.0882,0.049,0,0,0,1,1,0,hi,2,Devanagari,False,False,1.0,1,1,1,0,0.95,False,False,False,False,True,0,0,1,0,1,True,1,0,1.0,1,1,1.0,0,0,0,0,-1.0,False,0,1,0,0,0.0,1.0,0.0,0.0,0.0,True,False,0.0,0,False,False,-1.0,0,0,0,False,1,1,True,1,1,True,-1.0,False,0,5,4,1,1,1,1,0,1,0,0,1.6,False,False,False,0,True,False
feat_tl_post_00884,tl_post_00884,camp_camp_0147,train,HIGH,121,18,3,0.0337,0.0744,0.0413,0,0,0,1,1,0,ta-en,3,Latin,True,True,1.0,1,1,1,0,0.95,False,False,True,False,False,0,0,1,0,1,True,1,0,1.0,1,1,1.0,0,0,0,0,-1.0,False,0,1,0,0,0.0,1.0,0.0,0.0,0.0,True,False,0.0,0,False,False,-1.0,0,0,0,False,1,1,True,1,1,True,-1.0,False,0,5,4,1,1,1,1,0,1,0,0,1.6,False,False,True,0,True,True
feat_tl_post_00885,tl_post_00885,camp_camp_0147,train,HIGH,118,19,1,0.1034,0.0678,0.0339,0,0,0,1,0,0,hi-en,4,Latin,True,True,1.0,1,1,1,0,0.95,False,False,False,False,False,0,0,1,0,1,True,1,0,1.0,1,1,1.0,0,0,0,0,-1.0,False,0,1,0,0,0.0,1.0,0.0,0.0,0.0,True,False,0.0,0,False,False,-1.0,0,0,0,False,1,1,True,1,1,True,-1.0,False,0,5,4,1,1,1,1,0,1,0,0,1.6,False,False,False,0,True,False
feat_tl_post_00886,tl_post_00886,camp_camp_0147,train,HIGH,132,20,3,0.1471,0.0455,0.0379,0,0,0,0,0,0,en,0,Latin,False,False,1.0,1,1,1,0,0.95,False,False,False,True,False,0,1,1,1,1,True,1,0,1.0,1,1,1.0,0,0,0,0,-1.0,False,0,1,0,0,0.0,1.0,0.0,0.0,0.0,True,False,0.0,0,False,False,-1.0,0,0,0,False,1,1,True,1,1,True,-1.0,False,0,5,4,1,1,1,1,0,1,0,0,1.6,False,False,False,0,False,True
feat_tl_post_00887,tl_post_00887,camp_camp_0147,train,HIGH,131,12,3,0.0,0.0916,0.0229,0,1,0,0,0,0,ta,1,Tamil,False,False,1.0,1,1,1,0,0.95,False,False,False,False,False,0,0,1,0,1,True,1,0,1.0,1,1,1.0,0,0,0,0,-1.0,False,0,1,0,0,0.0,1.0,0.0,0.0,0.0,True,False,0.0,0,False,False,-1.0,0,0,0,False,1,1,True,1,1,True,-1.0,False,0,5,4,1,1,1,1,0,1,0,0,1.6,False,False,False,0,False,False
feat_tl_post_00888,tl_post_00888,camp_camp_0147,train,HIGH,119,20,2,0.0,0.0924,0.0504,0,0,0,1,0,0,hi,2,Devanagari,False,False,1.0,1,1,1,0,0.95,False,False,False,False,False,0,0,1,0,1,True,1,0,1.0,1,1,1.0,0,0,0,0,-1.0,False,0,1,0,0,0.0,1.0,0.0,0.0,0.0,True,False,0.0,0,False,False,-1.0,0,0,0,False,1,1,True,1,1,True,-1.0,False,0,5,4,1,1,1,1,0,1,0,0,1.6,False,False,False,0,True,False
feat_tl_post_00889,tl_post_00889,trans_trans_group_0148,train,LOW,134,24,2,0.1604,0.0,0.0373,0,0,0,0,0,0,en,0,Latin,False,False,1.0,1,1,0,1,0.1,True,False,False,False,False,0,1,0,0,1,True,1,0,1.0,1,1,1.0,0,0,0,0,-1.0,False,1,0,0,0,1.0,0.0,0.0,0.0,1.0,False,True,0.0,0,False,False,-1.0,0,0,0,False,1,1,True,1,1,True,-1.0,False,0,5,4,1,1,1,1,1,0,0,0,1.6,False,False,False,1,False,False
feat_tl_post_00890,tl_post_00890,trans_trans_group_0148,train,INSUFFICIENT,74,12,2,0.0656,0.0,0.027,0,0,0,0,0,0,hi-en,4,Latin,True,True,1.0,1,1,1,0,0.95,False,False,False,False,False,0,0,0,0,1,True,1,0,1.0,1,1,1.0,0,0,0,0,-1.0,False,0,0,0,1,0.0,0.0,0.0,1.0,0.0,False,False,0.0,0,False,False,-1.0,0,0,0,False,1,1,True,1,1,True,-1.0,False,0,5,4,1,1,1,1,0,0,0,1,1.6,False,False,False,0,False,False
feat_tl_post_00891,tl_post_00891,camp_camp_0148,train,HIGH,114,15,2,0.0361,0.0877,0.0526,0,0,0,1,0,0,en,0,Latin,False,False,1.0,1,1,1,0,0.95,True,False,False,False,False,1,0,1,1,1,True,1,0,1.0,1,1,1.0,0,0,0,0,-1.0,False,0,1,0,0,0.0,1.0,0.0,0.0,0.0,True,False,0.0,0,False,False,-1.0,0,0,0,False,1,1,True,1,1,True,-1.0,False,0,5,4,1,1,1,1,0,1,0,0,1.6,True,False,True,1,True,True
feat_tl_post_00892,tl_post_00892,camp_camp_0148,train,HIGH,118,15,4,0.0,0.1949,0.0424,0,1,0,3,0,0,ta,1,Tamil,False,False,1.0,1,1,1,0,0.95,False,True,False,False,False,0,0,1,0,1,True,1,0,1.0,1,1,1.0,0,0,0,0,-1.0,False,0,1,0,0,0.0,1.0,0.0,0.0,0.0,True,False,0.0,0,False,False,-1.0,0,0,0,False,1,1,True,1,1,True,-1.0,False,0,5,4,1,1,1,1,0,1,0,0,1.6,False,False,False,0,True,False
feat_tl_post_00893,tl_post_00893,camp_camp_0148,train,HIGH,102,16,3,0.0,0.0882,0.049,0,0,0,1,1,0,hi,2,Devanagari,False,False,1.0,1,1,1,0,0.95,False,False,False,False,True,0,0,1,0,1,True,1,0,1.0,1,1,1.0,0,0,0,0,-1.0,False,0,1,0,0,0.0,1.0,0.0,0.0,0.0,True,False,0.0,0,False,False,-1.0,0,0,0,False,1,1,True,1,1,True,-1.0,False,0,5,4,1,1,1,1,0,1,0,0,1.6,False,False,False,0,True,False
feat_tl_post_00894,tl_post_00894,camp_camp_0148,train,HIGH,121,18,3,0.0337,0.0744,0.0413,0,0,0,1,1,0,ta-en,3,Latin,True,True,1.0,1,1,1,0,0.95,False,False,True,False,False,0,0,1,0,1,True,1,0,1.0,1,1,1.0,0,0,0,0,-1.0,False,0,1,0,0,0.0,1.0,0.0,0.0,0.0,True,False,0.0,0,False,False,-1.0,0,0,0,False,1,1,True,1,1,True,-1.0,False,0,5,4,1,1,1,1,0,1,0,0,1.6,False,False,True,0,True,True
feat_tl_post_00895,tl_post_00895,camp_camp_0149,train,HIGH,118,19,1,0.1034,0.0678,0.0339,0,0,0,1,0,0,hi-en,4,Latin,True,True,1.0,1,1,1,0,0.95,False,False,False,False,False,0,0,1,0,1,True,1,0,1.0,1,1,1.0,0,0,0,0,-1.0,False,0,1,0,0,0.0,1.0,0.0,0.0,0.0,True,False,0.0,0,False,False,-1.0,0,0,0,False,1,1,True,1,1,True,-1.0,False,0,5,4,1,1,1,1,0,1,0,0,1.6,False,False,False,0,True,False
feat_tl_post_00896,tl_post_00896,camp_camp_0149,train,HIGH,132,20,3,0.1471,0.0455,0.0379,0,0,0,0,0,0,en,0,Latin,False,False,1.0,1,1,1,0,0.95,False,False,False,True,False,0,1,1,1,1,True,1,0,1.0,1,1,1.0,0,0,0,0,-1.0,False,0,1,0,0,0.0,1.0,0.0,0.0,0.0,True,False,0.0,0,False,False,-1.0,0,0,0,False,1,1,True,1,1,True,-1.0,False,0,5,4,1,1,1,1,0,1,0,0,1.6,False,False,False,0,False,True
feat_tl_post_00897,tl_post_00897,camp_camp_0149,train,HIGH,131,12,3,0.0,0.0916,0.0229,0,1,0,0,0,0,ta,1,Tamil,False,False,1.0,1,1,1,0,0.95,False,False,False,False,False,0,0,1,0,1,True,1,0,1.0,1,1,1.0,0,0,0,0,-1.0,False,0,1,0,0,0.0,1.0,0.0,0.0,0.0,True,False,0.0,0,False,False,-1.0,0,0,0,False,1,1,True,1,1,True,-1.0,False,0,5,4,1,1,1,1,0,1,0,0,1.6,False,False,False,0,False,False
feat_tl_post_00898,tl_post_00898,camp_camp_0149,train,HIGH,119,20,2,0.0,0.0924,0.0504,0,0,0,1,0,0,hi,2,Devanagari,False,False,1.0,1,1,1,0,0.95,False,False,False,False,False,0,0,1,0,1,True,1,0,1.0,1,1,1.0,0,0,0,0,-1.0,False,0,1,0,0,0.0,1.0,0.0,0.0,0.0,True,False,0.0,0,False,False,-1.0,0,0,0,False,1,1,True,1,1,True,-1.0,False,0,5,4,1,1,1,1,0,1,0,0,1.6,False,False,False,0,True,False
feat_tl_post_00899,tl_post_00899,trans_trans_group_0149,train,LOW,130,16,4,0.0455,0.0,0.0385,0,0,0,0,0,0,ta-en,3,Latin,True,True,1.0,1,1,0,1,0.1,True,False,False,False,False,0,0,0,0,1,True,1,0,1.0,1,1,1.0,0,0,0,0,-1.0,False,1,0,0,0,1.0,0.0,0.0,0.0,1.0,False,True,0.0,0,False,False,-1.0,0,0,0,False,1,1,True,1,1,True,-1.0,False,0,5,4,1,1,1,1,1,0,0,0,1.6,False,False,False,1,False,False
feat_tl_post_00900,tl_post_00900,trans_trans_group_0149,train,INSUFFICIENT,74,12,2,0.0656,0.0,0.027,0,0,0,0,0,0,hi-en,4,Latin,True,True,1.0,1,1,1,0,0.95,False,False,False,False,False,0,0,0,0,1,True,1,0,1.0,1,1,1.0,0,0,0,0,-1.0,False,0,0,0,1,0.0,0.0,0.0,1.0,0.0,False,False,0.0,0,False,False,-1.0,0,0,0,False,1,1,True,1,1,True,-1.0,False,0,5,4,1,1,1,1,0,0,0,1,1.6,False,False,False,0,False,False
feat_tl_post_00901,tl_post_00901,camp_camp_0150,train,HIGH,114,15,2,0.0361,0.0877,0.0526,0,0,0,1,0,0,en,0,Latin,False,False,1.0,1,1,1,0,0.95,True,False,False,False,False,1,0,1,1,1,True,1,0,1.0,1,1,1.0,0,0,0,0,-1.0,False,0,1,0,0,0.0,1.0,0.0,0.0,0.0,True,False,0.0,0,False,False,-1.0,0,0,0,False,1,1,True,1,1,True,-1.0,False,0,5,4,1,1,1,1,0,1,0,0,1.6,True,False,True,1,True,True
feat_tl_post_00902,tl_post_00902,camp_camp_0150,train,HIGH,118,15,4,0.0,0.1949,0.0424,0,1,0,3,0,0,ta,1,Tamil,False,False,1.0,1,1,1,0,0.95,False,True,False,False,False,0,0,1,0,1,True,1,0,1.0,1,1,1.0,0,0,0,0,-1.0,False,0,1,0,0,0.0,1.0,0.0,0.0,0.0,True,False,0.0,0,False,False,-1.0,0,0,0,False,1,1,True,1,1,True,-1.0,False,0,5,4,1,1,1,1,0,1,0,0,1.6,False,False,False,0,True,False
feat_tl_post_00903,tl_post_00903,camp_camp_0150,train,HIGH,102,16,3,0.0,0.0882,0.049,0,0,0,1,1,0,hi,2,Devanagari,False,False,1.0,1,1,1,0,0.95,False,False,False,False,True,0,0,1,0,1,True,1,0,1.0,1,1,1.0,0,0,0,0,-1.0,False,0,1,0,0,0.0,1.0,0.0,0.0,0.0,True,False,0.0,0,False,False,-1.0,0,0,0,False,1,1,True,1,1,True,-1.0,False,0,5,4,1,1,1,1,0,1,0,0,1.6,False,False,False,0,True,False
feat_tl_post_00904,tl_post_00904,camp_camp_0150,train,HIGH,121,18,3,0.0337,0.0744,0.0413,0,0,0,1,1,0,ta-en,3,Latin,True,True,1.0,1,1,1,0,0.95,False,False,True,False,False,0,0,1,0,1,True,1,0,1.0,1,1,1.0,0,0,0,0,-1.0,False,0,1,0,0,0.0,1.0,0.0,0.0,0.0,True,False,0.0,0,False,False,-1.0,0,0,0,False,1,1,True,1,1,True,-1.0,False,0,5,4,1,1,1,1,0,1,0,0,1.6,False,False,True,0,True,True
feat_tl_post_00905,tl_post_00905,camp_camp_0150,train,HIGH,118,19,1,0.1034,0.0678,0.0339,0,0,0,1,0,0,hi-en,4,Latin,True,True,1.0,1,1,1,0,0.95,False,False,False,False,False,0,0,1,0,1,True,1,0,1.0,1,1,1.0,0,0,0,0,-1.0,False,0,1,0,0,0.0,1.0,0.0,0.0,0.0,True,False,0.0,0,False,False,-1.0,0,0,0,False,1,1,True,1,1,True,-1.0,False,0,5,4,1,1,1,1,0,1,0,0,1.6,False,False,False,0,True,False
feat_tl_post_00906,tl_post_00906,camp_camp_0150,train,HIGH,132,20,3,0.1471,0.0455,0.0379,0,0,0,0,0,0,en,0,Latin,False,False,1.0,1,1,1,0,0.95,False,False,False,True,False,0,1,1,1,1,True,1,0,1.0,1,1,1.0,0,0,0,0,-1.0,False,0,1,0,0,0.0,1.0,0.0,0.0,0.0,True,False,0.0,0,False,False,-1.0,0,0,0,False,1,1,True,1,1,True,-1.0,False,0,5,4,1,1,1,1,0,1,0,0,1.6,False,False,False,0,False,True
feat_tl_post_00907,tl_post_00907,camp_camp_0151,train,HIGH,131,12,3,0.0,0.0916,0.0229,0,1,0,0,0,0,ta,1,Tamil,False,False,1.0,1,1,1,0,0.95,False,False,False,False,False,0,0,1,0,1,True,1,0,1.0,1,1,1.0,0,0,0,0,-1.0,False,0,1,0,0,0.0,1.0,0.0,0.0,0.0,True,False,0.0,0,False,False,-1.0,0,0,0,False,1,1,True,1,1,True,-1.0,False,0,5,4,1,1,1,1,0,1,0,0,1.6,False,False,False,0,False,False
feat_tl_post_00908,tl_post_00908,camp_camp_0151,train,HIGH,119,20,2,0.0,0.0924,0.0504,0,0,0,1,0,0,hi,2,Devanagari,False,False,1.0,1,1,1,0,0.95,False,False,False,False,False,0,0,1,0,1,True,1,0,1.0,1,1,1.0,0,0,0,0,-1.0,False,0,1,0,0,0.0,1.0,0.0,0.0,0.0,True,False,0.0,0,False,False,-1.0,0,0,0,False,1,1,True,1,1,True,-1.0,False,0,5,4,1,1,1,1,0,1,0,0,1.6,False,False,False,0,True,False
feat_tl_post_00909,tl_post_00909,trans_trans_group_0151,train,LOW,114,21,1,0.0,0.0,0.0088,0,0,0,0,0,0,hi,2,Devanagari,False,False,1.0,1,1,0,1,0.1,True,False,False,False,False,0,0,0,0,1,True,1,0,1.0,1,1,1.0,0,0,0,0,-1.0,False,1,0,0,0,1.0,0.0,0.0,0.0,1.0,False,True,0.0,0,False,False,-1.0,0,0,0,False,1,1,True,1,1,True,-1.0,False,0,5,4,1,1,1,1,1,0,0,0,1.6,False,False,False,1,False,False
feat_tl_post_00910,tl_post_00910,trans_trans_group_0151,train,INSUFFICIENT,74,12,2,0.0656,0.0,0.027,0,0,0,0,0,0,hi-en,4,Latin,True,True,1.0,1,1,1,0,0.95,False,False,False,False,False,0,0,0,0,1,True,1,0,1.0,1,1,1.0,0,0,0,0,-1.0,False,0,0,0,1,0.0,0.0,0.0,1.0,0.0,False,False,0.0,0,False,False,-1.0,0,0,0,False,1,1,True,1,1,True,-1.0,False,0,5,4,1,1,1,1,0,0,0,1,1.6,False,False,False,0,False,False
feat_tl_post_00911,tl_post_00911,camp_camp_0151,train,HIGH,114,15,2,0.0361,0.0877,0.0526,0,0,0,1,0,0,en,0,Latin,False,False,1.0,1,1,1,0,0.95,True,False,False,False,False,1,0,1,1,1,True,1,0,1.0,1,1,1.0,0,0,0,0,-1.0,False,0,1,0,0,0.0,1.0,0.0,0.0,0.0,True,False,0.0,0,False,False,-1.0,0,0,0,False,1,1,True,1,1,True,-1.0,False,0,5,4,1,1,1,1,0,1,0,0,1.6,True,False,True,1,True,True
feat_tl_post_00912,tl_post_00912,camp_camp_0151,train,HIGH,118,15,4,0.0,0.1949,0.0424,0,1,0,3,0,0,ta,1,Tamil,False,False,1.0,1,1,1,0,0.95,False,True,False,False,False,0,0,1,0,1,True,1,0,1.0,1,1,1.0,0,0,0,0,-1.0,False,0,1,0,0,0.0,1.0,0.0,0.0,0.0,True,False,0.0,0,False,False,-1.0,0,0,0,False,1,1,True,1,1,True,-1.0,False,0,5,4,1,1,1,1,0,1,0,0,1.6,False,False,False,0,True,False
feat_tl_post_00913,tl_post_00913,camp_camp_0152,train,HIGH,102,16,3,0.0,0.0882,0.049,0,0,0,1,1,0,hi,2,Devanagari,False,False,1.0,1,1,1,0,0.95,False,False,False,False,True,0,0,1,0,1,True,1,0,1.0,1,1,1.0,0,0,0,0,-1.0,False,0,1,0,0,0.0,1.0,0.0,0.0,0.0,True,False,0.0,0,False,False,-1.0,0,0,0,False,1,1,True,1,1,True,-1.0,False,0,5,4,1,1,1,1,0,1,0,0,1.6,False,False,False,0,True,False
feat_tl_post_00914,tl_post_00914,camp_camp_0152,train,HIGH,121,18,3,0.0337,0.0744,0.0413,0,0,0,1,1,0,ta-en,3,Latin,True,True,1.0,1,1,1,0,0.95,False,False,True,False,False,0,0,1,0,1,True,1,0,1.0,1,1,1.0,0,0,0,0,-1.0,False,0,1,0,0,0.0,1.0,0.0,0.0,0.0,True,False,0.0,0,False,False,-1.0,0,0,0,False,1,1,True,1,1,True,-1.0,False,0,5,4,1,1,1,1,0,1,0,0,1.6,False,False,True,0,True,True
feat_tl_post_00915,tl_post_00915,camp_camp_0152,train,HIGH,118,19,1,0.1034,0.0678,0.0339,0,0,0,1,0,0,hi-en,4,Latin,True,True,1.0,1,1,1,0,0.95,False,False,False,False,False,0,0,1,0,1,True,1,0,1.0,1,1,1.0,0,0,0,0,-1.0,False,0,1,0,0,0.0,1.0,0.0,0.0,0.0,True,False,0.0,0,False,False,-1.0,0,0,0,False,1,1,True,1,1,True,-1.0,False,0,5,4,1,1,1,1,0,1,0,0,1.6,False,False,False,0,True,False
feat_tl_post_00916,tl_post_00916,camp_camp_0152,train,HIGH,132,20,3,0.1471,0.0455,0.0379,0,0,0,0,0,0,en,0,Latin,False,False,1.0,1,1,1,0,0.95,False,False,False,True,False,0,1,1,1,1,True,1,0,1.0,1,1,1.0,0,0,0,0,-1.0,False,0,1,0,0,0.0,1.0,0.0,0.0,0.0,True,False,0.0,0,False,False,-1.0,0,0,0,False,1,1,True,1,1,True,-1.0,False,0,5,4,1,1,1,1,0,1,0,0,1.6,False,False,False,0,False,True
feat_tl_post_00917,tl_post_00917,camp_camp_0152,train,HIGH,131,12,3,0.0,0.0916,0.0229,0,1,0,0,0,0,ta,1,Tamil,False,False,1.0,1,1,1,0,0.95,False,False,False,False,False,0,0,1,0,1,True,1,0,1.0,1,1,1.0,0,0,0,0,-1.0,False,0,1,0,0,0.0,1.0,0.0,0.0,0.0,True,False,0.0,0,False,False,-1.0,0,0,0,False,1,1,True,1,1,True,-1.0,False,0,5,4,1,1,1,1,0,1,0,0,1.6,False,False,False,0,False,False
feat_tl_post_00918,tl_post_00918,camp_camp_0152,train,HIGH,119,20,2,0.0,0.0924,0.0504,0,0,0,1,0,0,hi,2,Devanagari,False,False,1.0,1,1,1,0,0.95,False,False,False,False,False,0,0,1,0,1,True,1,0,1.0,1,1,1.0,0,0,0,0,-1.0,False,0,1,0,0,0.0,1.0,0.0,0.0,0.0,True,False,0.0,0,False,False,-1.0,0,0,0,False,1,1,True,1,1,True,-1.0,False,0,5,4,1,1,1,1,0,1,0,0,1.6,False,False,False,0,True,False
feat_tl_post_00919,tl_post_00919,trans_trans_group_0153,train,LOW,134,24,2,0.1604,0.0,0.0373,0,0,0,0,0,0,en,0,Latin,False,False,1.0,1,1,0,1,0.1,True,False,False,False,False,0,1,0,0,1,True,1,0,1.0,1,1,1.0,0,0,0,0,-1.0,False,1,0,0,0,1.0,0.0,0.0,0.0,1.0,False,True,0.0,0,False,False,-1.0,0,0,0,False,1,1,True,1,1,True,-1.0,False,0,5,4,1,1,1,1,1,0,0,0,1.6,False,False,False,1,False,False
feat_tl_post_00920,tl_post_00920,trans_trans_group_0153,train,INSUFFICIENT,74,12,2,0.0656,0.0,0.027,0,0,0,0,0,0,hi-en,4,Latin,True,True,1.0,1,1,1,0,0.95,False,False,False,False,False,0,0,0,0,1,True,1,0,1.0,1,1,1.0,0,0,0,0,-1.0,False,0,0,0,1,0.0,0.0,0.0,1.0,0.0,False,False,0.0,0,False,False,-1.0,0,0,0,False,1,1,True,1,1,True,-1.0,False,0,5,4,1,1,1,1,0,0,0,1,1.6,False,False,False,0,False,False
feat_tl_post_00921,tl_post_00921,camp_camp_0153,train,HIGH,114,15,2,0.0361,0.0877,0.0526,0,0,0,1,0,0,en,0,Latin,False,False,1.0,1,1,1,0,0.95,True,False,False,False,False,1,0,1,1,1,True,1,0,1.0,1,1,1.0,0,0,0,0,-1.0,False,0,1,0,0,0.0,1.0,0.0,0.0,0.0,True,False,0.0,0,False,False,-1.0,0,0,0,False,1,1,True,1,1,True,-1.0,False,0,5,4,1,1,1,1,0,1,0,0,1.6,True,False,True,1,True,True
feat_tl_post_00922,tl_post_00922,camp_camp_0153,train,HIGH,118,15,4,0.0,0.1949,0.0424,0,1,0,3,0,0,ta,1,Tamil,False,False,1.0,1,1,1,0,0.95,False,True,False,False,False,0,0,1,0,1,True,1,0,1.0,1,1,1.0,0,0,0,0,-1.0,False,0,1,0,0,0.0,1.0,0.0,0.0,0.0,True,False,0.0,0,False,False,-1.0,0,0,0,False,1,1,True,1,1,True,-1.0,False,0,5,4,1,1,1,1,0,1,0,0,1.6,False,False,False,0,True,False
feat_tl_post_00923,tl_post_00923,camp_camp_0153,train,HIGH,102,16,3,0.0,0.0882,0.049,0,0,0,1,1,0,hi,2,Devanagari,False,False,1.0,1,1,1,0,0.95,False,False,False,False,True,0,0,1,0,1,True,1,0,1.0,1,1,1.0,0,0,0,0,-1.0,False,0,1,0,0,0.0,1.0,0.0,0.0,0.0,True,False,0.0,0,False,False,-1.0,0,0,0,False,1,1,True,1,1,True,-1.0,False,0,5,4,1,1,1,1,0,1,0,0,1.6,False,False,False,0,True,False
feat_tl_post_00924,tl_post_00924,camp_camp_0153,train,HIGH,121,18,3,0.0337,0.0744,0.0413,0,0,0,1,1,0,ta-en,3,Latin,True,True,1.0,1,1,1,0,0.95,False,False,True,False,False,0,0,1,0,1,True,1,0,1.0,1,1,1.0,0,0,0,0,-1.0,False,0,1,0,0,0.0,1.0,0.0,0.0,0.0,True,False,0.0,0,False,False,-1.0,0,0,0,False,1,1,True,1,1,True,-1.0,False,0,5,4,1,1,1,1,0,1,0,0,1.6,False,False,True,0,True,True
feat_tl_post_00925,tl_post_00925,camp_camp_0154,train,HIGH,118,19,1,0.1034,0.0678,0.0339,0,0,0,1,0,0,hi-en,4,Latin,True,True,1.0,1,1,1,0,0.95,False,False,False,False,False,0,0,1,0,1,True,1,0,1.0,1,1,1.0,0,0,0,0,-1.0,False,0,1,0,0,0.0,1.0,0.0,0.0,0.0,True,False,0.0,0,False,False,-1.0,0,0,0,False,1,1,True,1,1,True,-1.0,False,0,5,4,1,1,1,1,0,1,0,0,1.6,False,False,False,0,True,False
feat_tl_post_00926,tl_post_00926,camp_camp_0154,train,HIGH,132,20,3,0.1471,0.0455,0.0379,0,0,0,0,0,0,en,0,Latin,False,False,1.0,1,1,1,0,0.95,False,False,False,True,False,0,1,1,1,1,True,1,0,1.0,1,1,1.0,0,0,0,0,-1.0,False,0,1,0,0,0.0,1.0,0.0,0.0,0.0,True,False,0.0,0,False,False,-1.0,0,0,0,False,1,1,True,1,1,True,-1.0,False,0,5,4,1,1,1,1,0,1,0,0,1.6,False,False,False,0,False,True
feat_tl_post_00927,tl_post_00927,camp_camp_0154,train,HIGH,131,12,3,0.0,0.0916,0.0229,0,1,0,0,0,0,ta,1,Tamil,False,False,1.0,1,1,1,0,0.95,False,False,False,False,False,0,0,1,0,1,True,1,0,1.0,1,1,1.0,0,0,0,0,-1.0,False,0,1,0,0,0.0,1.0,0.0,0.0,0.0,True,False,0.0,0,False,False,-1.0,0,0,0,False,1,1,True,1,1,True,-1.0,False,0,5,4,1,1,1,1,0,1,0,0,1.6,False,False,False,0,False,False
feat_tl_post_00928,tl_post_00928,camp_camp_0154,train,HIGH,119,20,2,0.0,0.0924,0.0504,0,0,0,1,0,0,hi,2,Devanagari,False,False,1.0,1,1,1,0,0.95,False,False,False,False,False,0,0,1,0,1,True,1,0,1.0,1,1,1.0,0,0,0,0,-1.0,False,0,1,0,0,0.0,1.0,0.0,0.0,0.0,True,False,0.0,0,False,False,-1.0,0,0,0,False,1,1,True,1,1,True,-1.0,False,0,5,4,1,1,1,1,0,1,0,0,1.6,False,False,False,0,True,False
feat_tl_post_00929,tl_post_00929,trans_trans_group_0154,train,LOW,130,16,4,0.0455,0.0,0.0385,0,0,0,0,0,0,ta-en,3,Latin,True,True,1.0,1,1,0,1,0.1,True,False,False,False,False,0,0,0,0,1,True,1,0,1.0,1,1,1.0,0,0,0,0,-1.0,False,1,0,0,0,1.0,0.0,0.0,0.0,1.0,False,True,0.0,0,False,False,-1.0,0,0,0,False,1,1,True,1,1,True,-1.0,False,0,5,4,1,1,1,1,1,0,0,0,1.6,False,False,False,1,False,False
feat_tl_post_00930,tl_post_00930,trans_trans_group_0154,train,INSUFFICIENT,74,12,2,0.0656,0.0,0.027,0,0,0,0,0,0,hi-en,4,Latin,True,True,1.0,1,1,1,0,0.95,False,False,False,False,False,0,0,0,0,1,True,1,0,1.0,1,1,1.0,0,0,0,0,-1.0,False,0,0,0,1,0.0,0.0,0.0,1.0,0.0,False,False,0.0,0,False,False,-1.0,0,0,0,False,1,1,True,1,1,True,-1.0,False,0,5,4,1,1,1,1,0,0,0,1,1.6,False,False,False,0,False,False
feat_tl_post_00931,tl_post_00931,camp_camp_0155,train,HIGH,114,15,2,0.0361,0.0877,0.0526,0,0,0,1,0,0,en,0,Latin,False,False,1.0,1,1,1,0,0.95,True,False,False,False,False,1,0,1,1,1,True,1,0,1.0,1,1,1.0,0,0,0,0,-1.0,False,0,1,0,0,0.0,1.0,0.0,0.0,0.0,True,False,0.0,0,False,False,-1.0,0,0,0,False,1,1,True,1,1,True,-1.0,False,0,5,4,1,1,1,1,0,1,0,0,1.6,True,False,True,1,True,True
feat_tl_post_00932,tl_post_00932,camp_camp_0155,train,HIGH,118,15,4,0.0,0.1949,0.0424,0,1,0,3,0,0,ta,1,Tamil,False,False,1.0,1,1,1,0,0.95,False,True,False,False,False,0,0,1,0,1,True,1,0,1.0,1,1,1.0,0,0,0,0,-1.0,False,0,1,0,0,0.0,1.0,0.0,0.0,0.0,True,False,0.0,0,False,False,-1.0,0,0,0,False,1,1,True,1,1,True,-1.0,False,0,5,4,1,1,1,1,0,1,0,0,1.6,False,False,False,0,True,False
feat_tl_post_00933,tl_post_00933,camp_camp_0155,train,HIGH,102,16,3,0.0,0.0882,0.049,0,0,0,1,1,0,hi,2,Devanagari,False,False,1.0,1,1,1,0,0.95,False,False,False,False,True,0,0,1,0,1,True,1,0,1.0,1,1,1.0,0,0,0,0,-1.0,False,0,1,0,0,0.0,1.0,0.0,0.0,0.0,True,False,0.0,0,False,False,-1.0,0,0,0,False,1,1,True,1,1,True,-1.0,False,0,5,4,1,1,1,1,0,1,0,0,1.6,False,False,False,0,True,False
feat_tl_post_00934,tl_post_00934,camp_camp_0155,train,HIGH,121,18,3,0.0337,0.0744,0.0413,0,0,0,1,1,0,ta-en,3,Latin,True,True,1.0,1,1,1,0,0.95,False,False,True,False,False,0,0,1,0,1,True,1,0,1.0,1,1,1.0,0,0,0,0,-1.0,False,0,1,0,0,0.0,1.0,0.0,0.0,0.0,True,False,0.0,0,False,False,-1.0,0,0,0,False,1,1,True,1,1,True,-1.0,False,0,5,4,1,1,1,1,0,1,0,0,1.6,False,False,True,0,True,True
feat_tl_post_00935,tl_post_00935,camp_camp_0155,train,HIGH,118,19,1,0.1034,0.0678,0.0339,0,0,0,1,0,0,hi-en,4,Latin,True,True,1.0,1,1,1,0,0.95,False,False,False,False,False,0,0,1,0,1,True,1,0,1.0,1,1,1.0,0,0,0,0,-1.0,False,0,1,0,0,0.0,1.0,0.0,0.0,0.0,True,False,0.0,0,False,False,-1.0,0,0,0,False,1,1,True,1,1,True,-1.0,False,0,5,4,1,1,1,1,0,1,0,0,1.6,False,False,False,0,True,False
feat_tl_post_00936,tl_post_00936,camp_camp_0155,train,HIGH,132,20,3,0.1471,0.0455,0.0379,0,0,0,0,0,0,en,0,Latin,False,False,1.0,1,1,1,0,0.95,False,False,False,True,False,0,1,1,1,1,True,1,0,1.0,1,1,1.0,0,0,0,0,-1.0,False,0,1,0,0,0.0,1.0,0.0,0.0,0.0,True,False,0.0,0,False,False,-1.0,0,0,0,False,1,1,True,1,1,True,-1.0,False,0,5,4,1,1,1,1,0,1,0,0,1.6,False,False,False,0,False,True
feat_tl_post_00937,tl_post_00937,camp_camp_0156,train,HIGH,131,12,3,0.0,0.0916,0.0229,0,1,0,0,0,0,ta,1,Tamil,False,False,1.0,1,1,1,0,0.95,False,False,False,False,False,0,0,1,0,1,True,1,0,1.0,1,1,1.0,0,0,0,0,-1.0,False,0,1,0,0,0.0,1.0,0.0,0.0,0.0,True,False,0.0,0,False,False,-1.0,0,0,0,False,1,1,True,1,1,True,-1.0,False,0,5,4,1,1,1,1,0,1,0,0,1.6,False,False,False,0,False,False
feat_tl_post_00938,tl_post_00938,camp_camp_0156,train,HIGH,119,20,2,0.0,0.0924,0.0504,0,0,0,1,0,0,hi,2,Devanagari,False,False,1.0,1,1,1,0,0.95,False,False,False,False,False,0,0,1,0,1,True,1,0,1.0,1,1,1.0,0,0,0,0,-1.0,False,0,1,0,0,0.0,1.0,0.0,0.0,0.0,True,False,0.0,0,False,False,-1.0,0,0,0,False,1,1,True,1,1,True,-1.0,False,0,5,4,1,1,1,1,0,1,0,0,1.6,False,False,False,0,True,False
feat_tl_post_00939,tl_post_00939,trans_trans_group_0156,train,LOW,114,21,1,0.0,0.0,0.0088,0,0,0,0,0,0,hi,2,Devanagari,False,False,1.0,1,1,0,1,0.1,True,False,False,False,False,0,0,0,0,1,True,1,0,1.0,1,1,1.0,0,0,0,0,-1.0,False,1,0,0,0,1.0,0.0,0.0,0.0,1.0,False,True,0.0,0,False,False,-1.0,0,0,0,False,1,1,True,1,1,True,-1.0,False,0,5,4,1,1,1,1,1,0,0,0,1.6,False,False,False,1,False,False
feat_tl_post_00940,tl_post_00940,trans_trans_group_0156,train,INSUFFICIENT,74,12,2,0.0656,0.0,0.027,0,0,0,0,0,0,hi-en,4,Latin,True,True,1.0,1,1,1,0,0.95,False,False,False,False,False,0,0,0,0,1,True,1,0,1.0,1,1,1.0,0,0,0,0,-1.0,False,0,0,0,1,0.0,0.0,0.0,1.0,0.0,False,False,0.0,0,False,False,-1.0,0,0,0,False,1,1,True,1,1,True,-1.0,False,0,5,4,1,1,1,1,0,0,0,1,1.6,False,False,False,0,False,False
feat_tl_post_00941,tl_post_00941,camp_camp_0156,train,HIGH,114,15,2,0.0361,0.0877,0.0526,0,0,0,1,0,0,en,0,Latin,False,False,1.0,1,1,1,0,0.95,True,False,False,False,False,1,0,1,1,1,True,1,0,1.0,1,1,1.0,0,0,0,0,-1.0,False,0,1,0,0,0.0,1.0,0.0,0.0,0.0,True,False,0.0,0,False,False,-1.0,0,0,0,False,1,1,True,1,1,True,-1.0,False,0,5,4,1,1,1,1,0,1,0,0,1.6,True,False,True,1,True,True
feat_tl_post_00942,tl_post_00942,camp_camp_0156,train,HIGH,118,15,4,0.0,0.1949,0.0424,0,1,0,3,0,0,ta,1,Tamil,False,False,1.0,1,1,1,0,0.95,False,True,False,False,False,0,0,1,0,1,True,1,0,1.0,1,1,1.0,0,0,0,0,-1.0,False,0,1,0,0,0.0,1.0,0.0,0.0,0.0,True,False,0.0,0,False,False,-1.0,0,0,0,False,1,1,True,1,1,True,-1.0,False,0,5,4,1,1,1,1,0,1,0,0,1.6,False,False,False,0,True,False
feat_tl_post_00943,tl_post_00943,camp_camp_0157,train,HIGH,102,16,3,0.0,0.0882,0.049,0,0,0,1,1,0,hi,2,Devanagari,False,False,1.0,1,1,1,0,0.95,False,False,False,False,True,0,0,1,0,1,True,1,0,1.0,1,1,1.0,0,0,0,0,-1.0,False,0,1,0,0,0.0,1.0,0.0,0.0,0.0,True,False,0.0,0,False,False,-1.0,0,0,0,False,1,1,True,1,1,True,-1.0,False,0,5,4,1,1,1,1,0,1,0,0,1.6,False,False,False,0,True,False
feat_tl_post_00944,tl_post_00944,camp_camp_0157,train,HIGH,121,18,3,0.0337,0.0744,0.0413,0,0,0,1,1,0,ta-en,3,Latin,True,True,1.0,1,1,1,0,0.95,False,False,True,False,False,0,0,1,0,1,True,1,0,1.0,1,1,1.0,0,0,0,0,-1.0,False,0,1,0,0,0.0,1.0,0.0,0.0,0.0,True,False,0.0,0,False,False,-1.0,0,0,0,False,1,1,True,1,1,True,-1.0,False,0,5,4,1,1,1,1,0,1,0,0,1.6,False,False,True,0,True,True
feat_tl_post_00945,tl_post_00945,camp_camp_0157,train,HIGH,118,19,1,0.1034,0.0678,0.0339,0,0,0,1,0,0,hi-en,4,Latin,True,True,1.0,1,1,1,0,0.95,False,False,False,False,False,0,0,1,0,1,True,1,0,1.0,1,1,1.0,0,0,0,0,-1.0,False,0,1,0,0,0.0,1.0,0.0,0.0,0.0,True,False,0.0,0,False,False,-1.0,0,0,0,False,1,1,True,1,1,True,-1.0,False,0,5,4,1,1,1,1,0,1,0,0,1.6,False,False,False,0,True,False
feat_tl_post_00946,tl_post_00946,camp_camp_0157,train,HIGH,132,20,3,0.1471,0.0455,0.0379,0,0,0,0,0,0,en,0,Latin,False,False,1.0,1,1,1,0,0.95,False,False,False,True,False,0,1,1,1,1,True,1,0,1.0,1,1,1.0,0,0,0,0,-1.0,False,0,1,0,0,0.0,1.0,0.0,0.0,0.0,True,False,0.0,0,False,False,-1.0,0,0,0,False,1,1,True,1,1,True,-1.0,False,0,5,4,1,1,1,1,0,1,0,0,1.6,False,False,False,0,False,True
feat_tl_post_00947,tl_post_00947,camp_camp_0157,train,HIGH,131,12,3,0.0,0.0916,0.0229,0,1,0,0,0,0,ta,1,Tamil,False,False,1.0,1,1,1,0,0.95,False,False,False,False,False,0,0,1,0,1,True,1,0,1.0,1,1,1.0,0,0,0,0,-1.0,False,0,1,0,0,0.0,1.0,0.0,0.0,0.0,True,False,0.0,0,False,False,-1.0,0,0,0,False,1,1,True,1,1,True,-1.0,False,0,5,4,1,1,1,1,0,1,0,0,1.6,False,False,False,0,False,False
feat_tl_post_00948,tl_post_00948,camp_camp_0157,train,HIGH,119,20,2,0.0,0.0924,0.0504,0,0,0,1,0,0,hi,2,Devanagari,False,False,1.0,1,1,1,0,0.95,False,False,False,False,False,0,0,1,0,1,True,1,0,1.0,1,1,1.0,0,0,0,0,-1.0,False,0,1,0,0,0.0,1.0,0.0,0.0,0.0,True,False,0.0,0,False,False,-1.0,0,0,0,False,1,1,True,1,1,True,-1.0,False,0,5,4,1,1,1,1,0,1,0,0,1.6,False,False,False,0,True,False
feat_tl_post_00949,tl_post_00949,trans_trans_group_0158,train,LOW,134,24,2,0.1604,0.0,0.0373,0,0,0,0,0,0,en,0,Latin,False,False,1.0,1,1,0,1,0.1,True,False,False,False,False,0,1,0,0,1,True,1,0,1.0,1,1,1.0,0,0,0,0,-1.0,False,1,0,0,0,1.0,0.0,0.0,0.0,1.0,False,True,0.0,0,False,False,-1.0,0,0,0,False,1,1,True,1,1,True,-1.0,False,0,5,4,1,1,1,1,1,0,0,0,1.6,False,False,False,1,False,False
feat_tl_post_00950,tl_post_00950,trans_trans_group_0158,train,INSUFFICIENT,74,12,2,0.0656,0.0,0.027,0,0,0,0,0,0,hi-en,4,Latin,True,True,1.0,1,1,1,0,0.95,False,False,False,False,False,0,0,0,0,1,True,1,0,1.0,1,1,1.0,0,0,0,0,-1.0,False,0,0,0,1,0.0,0.0,0.0,1.0,0.0,False,False,0.0,0,False,False,-1.0,0,0,0,False,1,1,True,1,1,True,-1.0,False,0,5,4,1,1,1,1,0,0,0,1,1.6,False,False,False,0,False,False
feat_tl_post_00951,tl_post_00951,camp_camp_0158,train,HIGH,114,15,2,0.0361,0.0877,0.0526,0,0,0,1,0,0,en,0,Latin,False,False,1.0,1,1,1,0,0.95,True,False,False,False,False,1,0,1,1,1,True,1,0,1.0,1,1,1.0,0,0,0,0,-1.0,False,0,1,0,0,0.0,1.0,0.0,0.0,0.0,True,False,0.0,0,False,False,-1.0,0,0,0,False,1,1,True,1,1,True,-1.0,False,0,5,4,1,1,1,1,0,1,0,0,1.6,True,False,True,1,True,True
feat_tl_post_00952,tl_post_00952,camp_camp_0158,train,HIGH,118,15,4,0.0,0.1949,0.0424,0,1,0,3,0,0,ta,1,Tamil,False,False,1.0,1,1,1,0,0.95,False,True,False,False,False,0,0,1,0,1,True,1,0,1.0,1,1,1.0,0,0,0,0,-1.0,False,0,1,0,0,0.0,1.0,0.0,0.0,0.0,True,False,0.0,0,False,False,-1.0,0,0,0,False,1,1,True,1,1,True,-1.0,False,0,5,4,1,1,1,1,0,1,0,0,1.6,False,False,False,0,True,False
feat_tl_post_00953,tl_post_00953,camp_camp_0158,train,HIGH,102,16,3,0.0,0.0882,0.049,0,0,0,1,1,0,hi,2,Devanagari,False,False,1.0,1,1,1,0,0.95,False,False,False,False,True,0,0,1,0,1,True,1,0,1.0,1,1,1.0,0,0,0,0,-1.0,False,0,1,0,0,0.0,1.0,0.0,0.0,0.0,True,False,0.0,0,False,False,-1.0,0,0,0,False,1,1,True,1,1,True,-1.0,False,0,5,4,1,1,1,1,0,1,0,0,1.6,False,False,False,0,True,False
feat_tl_post_00954,tl_post_00954,camp_camp_0158,train,HIGH,121,18,3,0.0337,0.0744,0.0413,0,0,0,1,1,0,ta-en,3,Latin,True,True,1.0,1,1,1,0,0.95,False,False,True,False,False,0,0,1,0,1,True,1,0,1.0,1,1,1.0,0,0,0,0,-1.0,False,0,1,0,0,0.0,1.0,0.0,0.0,0.0,True,False,0.0,0,False,False,-1.0,0,0,0,False,1,1,True,1,1,True,-1.0,False,0,5,4,1,1,1,1,0,1,0,0,1.6,False,False,True,0,True,True
feat_tl_post_00955,tl_post_00955,camp_camp_0159,train,HIGH,118,19,1,0.1034,0.0678,0.0339,0,0,0,1,0,0,hi-en,4,Latin,True,True,1.0,1,1,1,0,0.95,False,False,False,False,False,0,0,1,0,1,True,1,0,1.0,1,1,1.0,0,0,0,0,-1.0,False,0,1,0,0,0.0,1.0,0.0,0.0,0.0,True,False,0.0,0,False,False,-1.0,0,0,0,False,1,1,True,1,1,True,-1.0,False,0,5,4,1,1,1,1,0,1,0,0,1.6,False,False,False,0,True,False
feat_tl_post_00956,tl_post_00956,camp_camp_0159,train,HIGH,132,20,3,0.1471,0.0455,0.0379,0,0,0,0,0,0,en,0,Latin,False,False,1.0,1,1,1,0,0.95,False,False,False,True,False,0,1,1,1,1,True,1,0,1.0,1,1,1.0,0,0,0,0,-1.0,False,0,1,0,0,0.0,1.0,0.0,0.0,0.0,True,False,0.0,0,False,False,-1.0,0,0,0,False,1,1,True,1,1,True,-1.0,False,0,5,4,1,1,1,1,0,1,0,0,1.6,False,False,False,0,False,True
feat_tl_post_00957,tl_post_00957,camp_camp_0159,train,HIGH,131,12,3,0.0,0.0916,0.0229,0,1,0,0,0,0,ta,1,Tamil,False,False,1.0,1,1,1,0,0.95,False,False,False,False,False,0,0,1,0,1,True,1,0,1.0,1,1,1.0,0,0,0,0,-1.0,False,0,1,0,0,0.0,1.0,0.0,0.0,0.0,True,False,0.0,0,False,False,-1.0,0,0,0,False,1,1,True,1,1,True,-1.0,False,0,5,4,1,1,1,1,0,1,0,0,1.6,False,False,False,0,False,False
feat_tl_post_00958,tl_post_00958,camp_camp_0159,train,HIGH,119,20,2,0.0,0.0924,0.0504,0,0,0,1,0,0,hi,2,Devanagari,False,False,1.0,1,1,1,0,0.95,False,False,False,False,False,0,0,1,0,1,True,1,0,1.0,1,1,1.0,0,0,0,0,-1.0,False,0,1,0,0,0.0,1.0,0.0,0.0,0.0,True,False,0.0,0,False,False,-1.0,0,0,0,False,1,1,True,1,1,True,-1.0,False,0,5,4,1,1,1,1,0,1,0,0,1.6,False,False,False,0,True,False
feat_tl_post_00959,tl_post_00959,trans_trans_group_0159,train,LOW,130,16,4,0.0455,0.0,0.0385,0,0,0,0,0,0,ta-en,3,Latin,True,True,1.0,1,1,0,1,0.1,True,False,False,False,False,0,0,0,0,1,True,1,0,1.0,1,1,1.0,0,0,0,0,-1.0,False,1,0,0,0,1.0,0.0,0.0,0.0,1.0,False,True,0.0,0,False,False,-1.0,0,0,0,False,1,1,True,1,1,True,-1.0,False,0,5,4,1,1,1,1,1,0,0,0,1.6,False,False,False,1,False,False
feat_tl_post_00960,tl_post_00960,trans_trans_group_0159,train,INSUFFICIENT,74,12,2,0.0656,0.0,0.027,0,0,0,0,0,0,hi-en,4,Latin,True,True,1.0,1,1,1,0,0.95,False,False,False,False,False,0,0,0,0,1,True,1,0,1.0,1,1,1.0,0,0,0,0,-1.0,False,0,0,0,1,0.0,0.0,0.0,1.0,0.0,False,False,0.0,0,False,False,-1.0,0,0,0,False,1,1,True,1,1,True,-1.0,False,0,5,4,1,1,1,1,0,0,0,1,1.6,False,False,False,0,False,False
feat_tl_post_00961,tl_post_00961,camp_camp_0160,train,HIGH,114,15,2,0.0361,0.0877,0.0526,0,0,0,1,0,0,en,0,Latin,False,False,1.0,1,1,1,0,0.95,True,False,False,False,False,1,0,1,1,1,True,1,0,1.0,1,1,1.0,0,0,0,0,-1.0,False,0,1,0,0,0.0,1.0,0.0,0.0,0.0,True,False,0.0,0,False,False,-1.0,0,0,0,False,1,1,True,1,1,True,-1.0,False,0,5,4,1,1,1,1,0,1,0,0,1.6,True,False,True,1,True,True
feat_tl_post_00962,tl_post_00962,camp_camp_0160,train,HIGH,118,15,4,0.0,0.1949,0.0424,0,1,0,3,0,0,ta,1,Tamil,False,False,1.0,1,1,1,0,0.95,False,True,False,False,False,0,0,1,0,1,True,1,0,1.0,1,1,1.0,0,0,0,0,-1.0,False,0,1,0,0,0.0,1.0,0.0,0.0,0.0,True,False,0.0,0,False,False,-1.0,0,0,0,False,1,1,True,1,1,True,-1.0,False,0,5,4,1,1,1,1,0,1,0,0,1.6,False,False,False,0,True,False
feat_tl_post_00963,tl_post_00963,camp_camp_0160,train,HIGH,102,16,3,0.0,0.0882,0.049,0,0,0,1,1,0,hi,2,Devanagari,False,False,1.0,1,1,1,0,0.95,False,False,False,False,True,0,0,1,0,1,True,1,0,1.0,1,1,1.0,0,0,0,0,-1.0,False,0,1,0,0,0.0,1.0,0.0,0.0,0.0,True,False,0.0,0,False,False,-1.0,0,0,0,False,1,1,True,1,1,True,-1.0,False,0,5,4,1,1,1,1,0,1,0,0,1.6,False,False,False,0,True,False
feat_tl_post_00964,tl_post_00964,camp_camp_0160,train,HIGH,121,18,3,0.0337,0.0744,0.0413,0,0,0,1,1,0,ta-en,3,Latin,True,True,1.0,1,1,1,0,0.95,False,False,True,False,False,0,0,1,0,1,True,1,0,1.0,1,1,1.0,0,0,0,0,-1.0,False,0,1,0,0,0.0,1.0,0.0,0.0,0.0,True,False,0.0,0,False,False,-1.0,0,0,0,False,1,1,True,1,1,True,-1.0,False,0,5,4,1,1,1,1,0,1,0,0,1.6,False,False,True,0,True,True
feat_tl_post_00965,tl_post_00965,camp_camp_0160,train,HIGH,118,19,1,0.1034,0.0678,0.0339,0,0,0,1,0,0,hi-en,4,Latin,True,True,1.0,1,1,1,0,0.95,False,False,False,False,False,0,0,1,0,1,True,1,0,1.0,1,1,1.0,0,0,0,0,-1.0,False,0,1,0,0,0.0,1.0,0.0,0.0,0.0,True,False,0.0,0,False,False,-1.0,0,0,0,False,1,1,True,1,1,True,-1.0,False,0,5,4,1,1,1,1,0,1,0,0,1.6,False,False,False,0,True,False
feat_tl_post_00966,tl_post_00966,camp_camp_0160,train,HIGH,132,20,3,0.1471,0.0455,0.0379,0,0,0,0,0,0,en,0,Latin,False,False,1.0,1,1,1,0,0.95,False,False,False,True,False,0,1,1,1,1,True,1,0,1.0,1,1,1.0,0,0,0,0,-1.0,False,0,1,0,0,0.0,1.0,0.0,0.0,0.0,True,False,0.0,0,False,False,-1.0,0,0,0,False,1,1,True,1,1,True,-1.0,False,0,5,4,1,1,1,1,0,1,0,0,1.6,False,False,False,0,False,True
feat_tl_post_00967,tl_post_00967,camp_camp_0161,train,HIGH,131,12,3,0.0,0.0916,0.0229,0,1,0,0,0,0,ta,1,Tamil,False,False,1.0,1,1,1,0,0.95,False,False,False,False,False,0,0,1,0,1,True,1,0,1.0,1,1,1.0,0,0,0,0,-1.0,False,0,1,0,0,0.0,1.0,0.0,0.0,0.0,True,False,0.0,0,False,False,-1.0,0,0,0,False,1,1,True,1,1,True,-1.0,False,0,5,4,1,1,1,1,0,1,0,0,1.6,False,False,False,0,False,False
feat_tl_post_00968,tl_post_00968,camp_camp_0161,train,HIGH,119,20,2,0.0,0.0924,0.0504,0,0,0,1,0,0,hi,2,Devanagari,False,False,1.0,1,1,1,0,0.95,False,False,False,False,False,0,0,1,0,1,True,1,0,1.0,1,1,1.0,0,0,0,0,-1.0,False,0,1,0,0,0.0,1.0,0.0,0.0,0.0,True,False,0.0,0,False,False,-1.0,0,0,0,False,1,1,True,1,1,True,-1.0,False,0,5,4,1,1,1,1,0,1,0,0,1.6,False,False,False,0,True,False
feat_tl_post_00969,tl_post_00969,trans_trans_group_0161,train,LOW,114,21,1,0.0,0.0,0.0088,0,0,0,0,0,0,hi,2,Devanagari,False,False,1.0,1,1,0,1,0.1,True,False,False,False,False,0,0,0,0,1,True,1,0,1.0,1,1,1.0,0,0,0,0,-1.0,False,1,0,0,0,1.0,0.0,0.0,0.0,1.0,False,True,0.0,0,False,False,-1.0,0,0,0,False,1,1,True,1,1,True,-1.0,False,0,5,4,1,1,1,1,1,0,0,0,1.6,False,False,False,1,False,False
feat_tl_post_00970,tl_post_00970,trans_trans_group_0161,train,INSUFFICIENT,74,12,2,0.0656,0.0,0.027,0,0,0,0,0,0,hi-en,4,Latin,True,True,1.0,1,1,1,0,0.95,False,False,False,False,False,0,0,0,0,1,True,1,0,1.0,1,1,1.0,0,0,0,0,-1.0,False,0,0,0,1,0.0,0.0,0.0,1.0,0.0,False,False,0.0,0,False,False,-1.0,0,0,0,False,1,1,True,1,1,True,-1.0,False,0,5,4,1,1,1,1,0,0,0,1,1.6,False,False,False,0,False,False
feat_tl_post_00971,tl_post_00971,camp_camp_0161,train,HIGH,114,15,2,0.0361,0.0877,0.0526,0,0,0,1,0,0,en,0,Latin,False,False,1.0,1,1,1,0,0.95,True,False,False,False,False,1,0,1,1,1,True,1,0,1.0,1,1,1.0,0,0,0,0,-1.0,False,0,1,0,0,0.0,1.0,0.0,0.0,0.0,True,False,0.0,0,False,False,-1.0,0,0,0,False,1,1,True,1,1,True,-1.0,False,0,5,4,1,1,1,1,0,1,0,0,1.6,True,False,True,1,True,True
feat_tl_post_00972,tl_post_00972,camp_camp_0161,train,HIGH,118,15,4,0.0,0.1949,0.0424,0,1,0,3,0,0,ta,1,Tamil,False,False,1.0,1,1,1,0,0.95,False,True,False,False,False,0,0,1,0,1,True,1,0,1.0,1,1,1.0,0,0,0,0,-1.0,False,0,1,0,0,0.0,1.0,0.0,0.0,0.0,True,False,0.0,0,False,False,-1.0,0,0,0,False,1,1,True,1,1,True,-1.0,False,0,5,4,1,1,1,1,0,1,0,0,1.6,False,False,False,0,True,False
feat_tl_post_00973,tl_post_00973,camp_camp_0162,train,HIGH,102,16,3,0.0,0.0882,0.049,0,0,0,1,1,0,hi,2,Devanagari,False,False,1.0,1,1,1,0,0.95,False,False,False,False,True,0,0,1,0,1,True,1,0,1.0,1,1,1.0,0,0,0,0,-1.0,False,0,1,0,0,0.0,1.0,0.0,0.0,0.0,True,False,0.0,0,False,False,-1.0,0,0,0,False,1,1,True,1,1,True,-1.0,False,0,5,4,1,1,1,1,0,1,0,0,1.6,False,False,False,0,True,False
feat_tl_post_00974,tl_post_00974,camp_camp_0162,train,HIGH,121,18,3,0.0337,0.0744,0.0413,0,0,0,1,1,0,ta-en,3,Latin,True,True,1.0,1,1,1,0,0.95,False,False,True,False,False,0,0,1,0,1,True,1,0,1.0,1,1,1.0,0,0,0,0,-1.0,False,0,1,0,0,0.0,1.0,0.0,0.0,0.0,True,False,0.0,0,False,False,-1.0,0,0,0,False,1,1,True,1,1,True,-1.0,False,0,5,4,1,1,1,1,0,1,0,0,1.6,False,False,True,0,True,True
feat_tl_post_00975,tl_post_00975,camp_camp_0162,train,HIGH,118,19,1,0.1034,0.0678,0.0339,0,0,0,1,0,0,hi-en,4,Latin,True,True,1.0,1,1,1,0,0.95,False,False,False,False,False,0,0,1,0,1,True,1,0,1.0,1,1,1.0,0,0,0,0,-1.0,False,0,1,0,0,0.0,1.0,0.0,0.0,0.0,True,False,0.0,0,False,False,-1.0,0,0,0,False,1,1,True,1,1,True,-1.0,False,0,5,4,1,1,1,1,0,1,0,0,1.6,False,False,False,0,True,False
feat_tl_post_00976,tl_post_00976,camp_camp_0162,train,HIGH,132,20,3,0.1471,0.0455,0.0379,0,0,0,0,0,0,en,0,Latin,False,False,1.0,1,1,1,0,0.95,False,False,False,True,False,0,1,1,1,1,True,1,0,1.0,1,1,1.0,0,0,0,0,-1.0,False,0,1,0,0,0.0,1.0,0.0,0.0,0.0,True,False,0.0,0,False,False,-1.0,0,0,0,False,1,1,True,1,1,True,-1.0,False,0,5,4,1,1,1,1,0,1,0,0,1.6,False,False,False,0,False,True
feat_tl_post_00977,tl_post_00977,camp_camp_0162,train,HIGH,131,12,3,0.0,0.0916,0.0229,0,1,0,0,0,0,ta,1,Tamil,False,False,1.0,1,1,1,0,0.95,False,False,False,False,False,0,0,1,0,1,True,1,0,1.0,1,1,1.0,0,0,0,0,-1.0,False,0,1,0,0,0.0,1.0,0.0,0.0,0.0,True,False,0.0,0,False,False,-1.0,0,0,0,False,1,1,True,1,1,True,-1.0,False,0,5,4,1,1,1,1,0,1,0,0,1.6,False,False,False,0,False,False
feat_tl_post_00978,tl_post_00978,camp_camp_0162,train,HIGH,119,20,2,0.0,0.0924,0.0504,0,0,0,1,0,0,hi,2,Devanagari,False,False,1.0,1,1,1,0,0.95,False,False,False,False,False,0,0,1,0,1,True,1,0,1.0,1,1,1.0,0,0,0,0,-1.0,False,0,1,0,0,0.0,1.0,0.0,0.0,0.0,True,False,0.0,0,False,False,-1.0,0,0,0,False,1,1,True,1,1,True,-1.0,False,0,5,4,1,1,1,1,0,1,0,0,1.6,False,False,False,0,True,False
feat_tl_post_00979,tl_post_00979,trans_trans_group_0163,train,LOW,134,24,2,0.1604,0.0,0.0373,0,0,0,0,0,0,en,0,Latin,False,False,1.0,1,1,0,1,0.1,True,False,False,False,False,0,1,0,0,1,True,1,0,1.0,1,1,1.0,0,0,0,0,-1.0,False,1,0,0,0,1.0,0.0,0.0,0.0,1.0,False,True,0.0,0,False,False,-1.0,0,0,0,False,1,1,True,1,1,True,-1.0,False,0,5,4,1,1,1,1,1,0,0,0,1.6,False,False,False,1,False,False
feat_tl_post_00980,tl_post_00980,trans_trans_group_0163,train,INSUFFICIENT,74,12,2,0.0656,0.0,0.027,0,0,0,0,0,0,hi-en,4,Latin,True,True,1.0,1,1,1,0,0.95,False,False,False,False,False,0,0,0,0,1,True,1,0,1.0,1,1,1.0,0,0,0,0,-1.0,False,0,0,0,1,0.0,0.0,0.0,1.0,0.0,False,False,0.0,0,False,False,-1.0,0,0,0,False,1,1,True,1,1,True,-1.0,False,0,5,4,1,1,1,1,0,0,0,1,1.6,False,False,False,0,False,False
feat_tl_post_00981,tl_post_00981,camp_camp_0163,train,HIGH,114,15,2,0.0361,0.0877,0.0526,0,0,0,1,0,0,en,0,Latin,False,False,1.0,1,1,1,0,0.95,True,False,False,False,False,1,0,1,1,1,True,1,0,1.0,1,1,1.0,0,0,0,0,-1.0,False,0,1,0,0,0.0,1.0,0.0,0.0,0.0,True,False,0.0,0,False,False,-1.0,0,0,0,False,1,1,True,1,1,True,-1.0,False,0,5,4,1,1,1,1,0,1,0,0,1.6,True,False,True,1,True,True
feat_tl_post_00982,tl_post_00982,camp_camp_0163,train,HIGH,118,15,4,0.0,0.1949,0.0424,0,1,0,3,0,0,ta,1,Tamil,False,False,1.0,1,1,1,0,0.95,False,True,False,False,False,0,0,1,0,1,True,1,0,1.0,1,1,1.0,0,0,0,0,-1.0,False,0,1,0,0,0.0,1.0,0.0,0.0,0.0,True,False,0.0,0,False,False,-1.0,0,0,0,False,1,1,True,1,1,True,-1.0,False,0,5,4,1,1,1,1,0,1,0,0,1.6,False,False,False,0,True,False
feat_tl_post_00983,tl_post_00983,camp_camp_0163,train,HIGH,102,16,3,0.0,0.0882,0.049,0,0,0,1,1,0,hi,2,Devanagari,False,False,1.0,1,1,1,0,0.95,False,False,False,False,True,0,0,1,0,1,True,1,0,1.0,1,1,1.0,0,0,0,0,-1.0,False,0,1,0,0,0.0,1.0,0.0,0.0,0.0,True,False,0.0,0,False,False,-1.0,0,0,0,False,1,1,True,1,1,True,-1.0,False,0,5,4,1,1,1,1,0,1,0,0,1.6,False,False,False,0,True,False
feat_tl_post_00984,tl_post_00984,camp_camp_0163,train,HIGH,121,18,3,0.0337,0.0744,0.0413,0,0,0,1,1,0,ta-en,3,Latin,True,True,1.0,1,1,1,0,0.95,False,False,True,False,False,0,0,1,0,1,True,1,0,1.0,1,1,1.0,0,0,0,0,-1.0,False,0,1,0,0,0.0,1.0,0.0,0.0,0.0,True,False,0.0,0,False,False,-1.0,0,0,0,False,1,1,True,1,1,True,-1.0,False,0,5,4,1,1,1,1,0,1,0,0,1.6,False,False,True,0,True,True
feat_tl_post_00985,tl_post_00985,camp_camp_0164,train,HIGH,118,19,1,0.1034,0.0678,0.0339,0,0,0,1,0,0,hi-en,4,Latin,True,True,1.0,1,1,1,0,0.95,False,False,False,False,False,0,0,1,0,1,True,1,0,1.0,1,1,1.0,0,0,0,0,-1.0,False,0,1,0,0,0.0,1.0,0.0,0.0,0.0,True,False,0.0,0,False,False,-1.0,0,0,0,False,1,1,True,1,1,True,-1.0,False,0,5,4,1,1,1,1,0,1,0,0,1.6,False,False,False,0,True,False
feat_tl_post_00986,tl_post_00986,camp_camp_0164,train,HIGH,132,20,3,0.1471,0.0455,0.0379,0,0,0,0,0,0,en,0,Latin,False,False,1.0,1,1,1,0,0.95,False,False,False,True,False,0,1,1,1,1,True,1,0,1.0,1,1,1.0,0,0,0,0,-1.0,False,0,1,0,0,0.0,1.0,0.0,0.0,0.0,True,False,0.0,0,False,False,-1.0,0,0,0,False,1,1,True,1,1,True,-1.0,False,0,5,4,1,1,1,1,0,1,0,0,1.6,False,False,False,0,False,True
feat_tl_post_00987,tl_post_00987,camp_camp_0164,train,HIGH,131,12,3,0.0,0.0916,0.0229,0,1,0,0,0,0,ta,1,Tamil,False,False,1.0,1,1,1,0,0.95,False,False,False,False,False,0,0,1,0,1,True,1,0,1.0,1,1,1.0,0,0,0,0,-1.0,False,0,1,0,0,0.0,1.0,0.0,0.0,0.0,True,False,0.0,0,False,False,-1.0,0,0,0,False,1,1,True,1,1,True,-1.0,False,0,5,4,1,1,1,1,0,1,0,0,1.6,False,False,False,0,False,False
feat_tl_post_00988,tl_post_00988,camp_camp_0164,train,HIGH,119,20,2,0.0,0.0924,0.0504,0,0,0,1,0,0,hi,2,Devanagari,False,False,1.0,1,1,1,0,0.95,False,False,False,False,False,0,0,1,0,1,True,1,0,1.0,1,1,1.0,0,0,0,0,-1.0,False,0,1,0,0,0.0,1.0,0.0,0.0,0.0,True,False,0.0,0,False,False,-1.0,0,0,0,False,1,1,True,1,1,True,-1.0,False,0,5,4,1,1,1,1,0,1,0,0,1.6,False,False,False,0,True,False
feat_tl_post_00989,tl_post_00989,trans_trans_group_0164,train,LOW,130,16,4,0.0455,0.0,0.0385,0,0,0,0,0,0,ta-en,3,Latin,True,True,1.0,1,1,0,1,0.1,True,False,False,False,False,0,0,0,0,1,True,1,0,1.0,1,1,1.0,0,0,0,0,-1.0,False,1,0,0,0,1.0,0.0,0.0,0.0,1.0,False,True,0.0,0,False,False,-1.0,0,0,0,False,1,1,True,1,1,True,-1.0,False,0,5,4,1,1,1,1,1,0,0,0,1.6,False,False,False,1,False,False
feat_tl_post_00990,tl_post_00990,trans_trans_group_0164,train,INSUFFICIENT,74,12,2,0.0656,0.0,0.027,0,0,0,0,0,0,hi-en,4,Latin,True,True,1.0,1,1,1,0,0.95,False,False,False,False,False,0,0,0,0,1,True,1,0,1.0,1,1,1.0,0,0,0,0,-1.0,False,0,0,0,1,0.0,0.0,0.0,1.0,0.0,False,False,0.0,0,False,False,-1.0,0,0,0,False,1,1,True,1,1,True,-1.0,False,0,5,4,1,1,1,1,0,0,0,1,1.6,False,False,False,0,False,False
feat_tl_post_00991,tl_post_00991,camp_camp_0165,train,HIGH,114,15,2,0.0361,0.0877,0.0526,0,0,0,1,0,0,en,0,Latin,False,False,1.0,1,1,1,0,0.95,True,False,False,False,False,1,0,1,1,1,True,1,0,1.0,1,1,1.0,0,0,0,0,-1.0,False,0,1,0,0,0.0,1.0,0.0,0.0,0.0,True,False,0.0,0,False,False,-1.0,0,0,0,False,1,1,True,1,1,True,-1.0,False,0,5,4,1,1,1,1,0,1,0,0,1.6,True,False,True,1,True,True
feat_tl_post_00992,tl_post_00992,camp_camp_0165,train,HIGH,118,15,4,0.0,0.1949,0.0424,0,1,0,3,0,0,ta,1,Tamil,False,False,1.0,1,1,1,0,0.95,False,True,False,False,False,0,0,1,0,1,True,1,0,1.0,1,1,1.0,0,0,0,0,-1.0,False,0,1,0,0,0.0,1.0,0.0,0.0,0.0,True,False,0.0,0,False,False,-1.0,0,0,0,False,1,1,True,1,1,True,-1.0,False,0,5,4,1,1,1,1,0,1,0,0,1.6,False,False,False,0,True,False
feat_tl_post_00993,tl_post_00993,camp_camp_0165,train,HIGH,102,16,3,0.0,0.0882,0.049,0,0,0,1,1,0,hi,2,Devanagari,False,False,1.0,1,1,1,0,0.95,False,False,False,False,True,0,0,1,0,1,True,1,0,1.0,1,1,1.0,0,0,0,0,-1.0,False,0,1,0,0,0.0,1.0,0.0,0.0,0.0,True,False,0.0,0,False,False,-1.0,0,0,0,False,1,1,True,1,1,True,-1.0,False,0,5,4,1,1,1,1,0,1,0,0,1.6,False,False,False,0,True,False
feat_tl_post_00994,tl_post_00994,camp_camp_0165,train,HIGH,121,18,3,0.0337,0.0744,0.0413,0,0,0,1,1,0,ta-en,3,Latin,True,True,1.0,1,1,1,0,0.95,False,False,True,False,False,0,0,1,0,1,True,1,0,1.0,1,1,1.0,0,0,0,0,-1.0,False,0,1,0,0,0.0,1.0,0.0,0.0,0.0,True,False,0.0,0,False,False,-1.0,0,0,0,False,1,1,True,1,1,True,-1.0,False,0,5,4,1,1,1,1,0,1,0,0,1.6,False,False,True,0,True,True
feat_tl_post_00995,tl_post_00995,camp_camp_0165,train,HIGH,118,19,1,0.1034,0.0678,0.0339,0,0,0,1,0,0,hi-en,4,Latin,True,True,1.0,1,1,1,0,0.95,False,False,False,False,False,0,0,1,0,1,True,1,0,1.0,1,1,1.0,0,0,0,0,-1.0,False,0,1,0,0,0.0,1.0,0.0,0.0,0.0,True,False,0.0,0,False,False,-1.0,0,0,0,False,1,1,True,1,1,True,-1.0,False,0,5,4,1,1,1,1,0,1,0,0,1.6,False,False,False,0,True,False
feat_tl_post_00996,tl_post_00996,camp_camp_0165,train,HIGH,132,20,3,0.1471,0.0455,0.0379,0,0,0,0,0,0,en,0,Latin,False,False,1.0,1,1,1,0,0.95,False,False,False,True,False,0,1,1,1,1,True,1,0,1.0,1,1,1.0,0,0,0,0,-1.0,False,0,1,0,0,0.0,1.0,0.0,0.0,0.0,True,False,0.0,0,False,False,-1.0,0,0,0,False,1,1,True,1,1,True,-1.0,False,0,5,4,1,1,1,1,0,1,0,0,1.6,False,False,False,0,False,True
feat_tl_post_00997,tl_post_00997,camp_camp_0166,train,HIGH,131,12,3,0.0,0.0916,0.0229,0,1,0,0,0,0,ta,1,Tamil,False,False,1.0,1,1,1,0,0.95,False,False,False,False,False,0,0,1,0,1,True,1,0,1.0,1,1,1.0,0,0,0,0,-1.0,False,0,1,0,0,0.0,1.0,0.0,0.0,0.0,True,False,0.0,0,False,False,-1.0,0,0,0,False,1,1,True,1,1,True,-1.0,False,0,5,4,1,1,1,1,0,1,0,0,1.6,False,False,False,0,False,False
feat_tl_post_00998,tl_post_00998,camp_camp_0166,train,HIGH,119,20,2,0.0,0.0924,0.0504,0,0,0,1,0,0,hi,2,Devanagari,False,False,1.0,1,1,1,0,0.95,False,False,False,False,False,0,0,1,0,1,True,1,0,1.0,1,1,1.0,0,0,0,0,-1.0,False,0,1,0,0,0.0,1.0,0.0,0.0,0.0,True,False,0.0,0,False,False,-1.0,0,0,0,False,1,1,True,1,1,True,-1.0,False,0,5,4,1,1,1,1,0,1,0,0,1.6,False,False,False,0,True,False
feat_tl_post_00999,tl_post_00999,trans_trans_group_0166,train,LOW,114,21,1,0.0,0.0,0.0088,0,0,0,0,0,0,hi,2,Devanagari,False,False,1.0,1,1,0,1,0.1,True,False,False,False,False,0,0,0,0,1,True,1,0,1.0,1,1,1.0,0,0,0,0,-1.0,False,1,0,0,0,1.0,0.0,0.0,0.0,1.0,False,True,0.0,0,False,False,-1.0,0,0,0,False,1,1,True,1,1,True,-1.0,False,0,5,4,1,1,1,1,1,0,0,0,1.6,False,False,False,1,False,False
feat_tl_post_01000,tl_post_01000,trans_trans_group_0166,train,INSUFFICIENT,74,12,2,0.0656,0.0,0.027,0,0,0,0,0,0,hi-en,4,Latin,True,True,1.0,1,1,1,0,0.95,False,False,False,False,False,0,0,0,0,1,True,1,0,1.0,1,1,1.0,0,0,0,0,-1.0,False,0,0,0,1,0.0,0.0,0.0,1.0,0.0,False,False,0.0,0,False,False,-1.0,0,0,0,False,1,1,True,1,1,True,-1.0,False,0,5,4,1,1,1,1,0,0,0,1,1.6,False,False,False,0,False,False
feat_tl_post_01001,tl_post_01001,camp_camp_0166,train,HIGH,114,15,2,0.0361,0.0877,0.0526,0,0,0,1,0,0,en,0,Latin,False,False,1.0,1,1,1,0,0.95,True,False,False,False,False,1,0,1,1,1,True,1,0,1.0,1,1,1.0,0,0,0,0,-1.0,False,0,1,0,0,0.0,1.0,0.0,0.0,0.0,True,False,0.0,0,False,False,-1.0,0,0,0,False,1,1,True,1,1,True,-1.0,False,0,5,4,1,1,1,1,0,1,0,0,1.6,True,False,True,1,True,True
feat_tl_post_01002,tl_post_01002,camp_camp_0166,train,HIGH,118,15,4,0.0,0.1949,0.0424,0,1,0,3,0,0,ta,1,Tamil,False,False,1.0,1,1,1,0,0.95,False,True,False,False,False,0,0,1,0,1,True,1,0,1.0,1,1,1.0,0,0,0,0,-1.0,False,0,1,0,0,0.0,1.0,0.0,0.0,0.0,True,False,0.0,0,False,False,-1.0,0,0,0,False,1,1,True,1,1,True,-1.0,False,0,5,4,1,1,1,1,0,1,0,0,1.6,False,False,False,0,True,False
feat_tl_post_01003,tl_post_01003,camp_camp_0167,train,HIGH,102,16,3,0.0,0.0882,0.049,0,0,0,1,1,0,hi,2,Devanagari,False,False,1.0,1,1,1,0,0.95,False,False,False,False,True,0,0,1,0,1,True,1,0,1.0,1,1,1.0,0,0,0,0,-1.0,False,0,1,0,0,0.0,1.0,0.0,0.0,0.0,True,False,0.0,0,False,False,-1.0,0,0,0,False,1,1,True,1,1,True,-1.0,False,0,5,4,1,1,1,1,0,1,0,0,1.6,False,False,False,0,True,False
feat_tl_post_01004,tl_post_01004,camp_camp_0167,train,HIGH,121,18,3,0.0337,0.0744,0.0413,0,0,0,1,1,0,ta-en,3,Latin,True,True,1.0,1,1,1,0,0.95,False,False,True,False,False,0,0,1,0,1,True,1,0,1.0,1,1,1.0,0,0,0,0,-1.0,False,0,1,0,0,0.0,1.0,0.0,0.0,0.0,True,False,0.0,0,False,False,-1.0,0,0,0,False,1,1,True,1,1,True,-1.0,False,0,5,4,1,1,1,1,0,1,0,0,1.6,False,False,True,0,True,True
feat_tl_post_01005,tl_post_01005,camp_camp_0167,train,HIGH,118,19,1,0.1034,0.0678,0.0339,0,0,0,1,0,0,hi-en,4,Latin,True,True,1.0,1,1,1,0,0.95,False,False,False,False,False,0,0,1,0,1,True,1,0,1.0,1,1,1.0,0,0,0,0,-1.0,False,0,1,0,0,0.0,1.0,0.0,0.0,0.0,True,False,0.0,0,False,False,-1.0,0,0,0,False,1,1,True,1,1,True,-1.0,False,0,5,4,1,1,1,1,0,1,0,0,1.6,False,False,False,0,True,False
feat_tl_post_01006,tl_post_01006,camp_camp_0167,train,HIGH,132,20,3,0.1471,0.0455,0.0379,0,0,0,0,0,0,en,0,Latin,False,False,1.0,1,1,1,0,0.95,False,False,False,True,False,0,1,1,1,1,True,1,0,1.0,1,1,1.0,0,0,0,0,-1.0,False,0,1,0,0,0.0,1.0,0.0,0.0,0.0,True,False,0.0,0,False,False,-1.0,0,0,0,False,1,1,True,1,1,True,-1.0,False,0,5,4,1,1,1,1,0,1,0,0,1.6,False,False,False,0,False,True
feat_tl_post_01007,tl_post_01007,camp_camp_0167,train,HIGH,131,12,3,0.0,0.0916,0.0229,0,1,0,0,0,0,ta,1,Tamil,False,False,1.0,1,1,1,0,0.95,False,False,False,False,False,0,0,1,0,1,True,1,0,1.0,1,1,1.0,0,0,0,0,-1.0,False,0,1,0,0,0.0,1.0,0.0,0.0,0.0,True,False,0.0,0,False,False,-1.0,0,0,0,False,1,1,True,1,1,True,-1.0,False,0,5,4,1,1,1,1,0,1,0,0,1.6,False,False,False,0,False,False
feat_tl_post_01008,tl_post_01008,camp_camp_0167,train,HIGH,119,20,2,0.0,0.0924,0.0504,0,0,0,1,0,0,hi,2,Devanagari,False,False,1.0,1,1,1,0,0.95,False,False,False,False,False,0,0,1,0,1,True,1,0,1.0,1,1,1.0,0,0,0,0,-1.0,False,0,1,0,0,0.0,1.0,0.0,0.0,0.0,True,False,0.0,0,False,False,-1.0,0,0,0,False,1,1,True,1,1,True,-1.0,False,0,5,4,1,1,1,1,0,1,0,0,1.6,False,False,False,0,True,False
feat_tl_post_01009,tl_post_01009,trans_trans_group_0168,train,LOW,134,24,2,0.1604,0.0,0.0373,0,0,0,0,0,0,en,0,Latin,False,False,1.0,1,1,0,1,0.1,True,False,False,False,False,0,1,0,0,1,True,1,0,1.0,1,1,1.0,0,0,0,0,-1.0,False,1,0,0,0,1.0,0.0,0.0,0.0,1.0,False,True,0.0,0,False,False,-1.0,0,0,0,False,1,1,True,1,1,True,-1.0,False,0,5,4,1,1,1,1,1,0,0,0,1.6,False,False,False,1,False,False
feat_tl_post_01010,tl_post_01010,trans_trans_group_0168,train,INSUFFICIENT,74,12,2,0.0656,0.0,0.027,0,0,0,0,0,0,hi-en,4,Latin,True,True,1.0,1,1,1,0,0.95,False,False,False,False,False,0,0,0,0,1,True,1,0,1.0,1,1,1.0,0,0,0,0,-1.0,False,0,0,0,1,0.0,0.0,0.0,1.0,0.0,False,False,0.0,0,False,False,-1.0,0,0,0,False,1,1,True,1,1,True,-1.0,False,0,5,4,1,1,1,1,0,0,0,1,1.6,False,False,False,0,False,False
feat_tl_post_01011,tl_post_01011,camp_camp_0168,train,HIGH,114,15,2,0.0361,0.0877,0.0526,0,0,0,1,0,0,en,0,Latin,False,False,1.0,1,1,1,0,0.95,True,False,False,False,False,1,0,1,1,1,True,1,0,1.0,1,1,1.0,0,0,0,0,-1.0,False,0,1,0,0,0.0,1.0,0.0,0.0,0.0,True,False,0.0,0,False,False,-1.0,0,0,0,False,1,1,True,1,1,True,-1.0,False,0,5,4,1,1,1,1,0,1,0,0,1.6,True,False,True,1,True,True
feat_tl_post_01012,tl_post_01012,camp_camp_0168,train,HIGH,118,15,4,0.0,0.1949,0.0424,0,1,0,3,0,0,ta,1,Tamil,False,False,1.0,1,1,1,0,0.95,False,True,False,False,False,0,0,1,0,1,True,1,0,1.0,1,1,1.0,0,0,0,0,-1.0,False,0,1,0,0,0.0,1.0,0.0,0.0,0.0,True,False,0.0,0,False,False,-1.0,0,0,0,False,1,1,True,1,1,True,-1.0,False,0,5,4,1,1,1,1,0,1,0,0,1.6,False,False,False,0,True,False
feat_tl_post_01013,tl_post_01013,camp_camp_0168,train,HIGH,102,16,3,0.0,0.0882,0.049,0,0,0,1,1,0,hi,2,Devanagari,False,False,1.0,1,1,1,0,0.95,False,False,False,False,True,0,0,1,0,1,True,1,0,1.0,1,1,1.0,0,0,0,0,-1.0,False,0,1,0,0,0.0,1.0,0.0,0.0,0.0,True,False,0.0,0,False,False,-1.0,0,0,0,False,1,1,True,1,1,True,-1.0,False,0,5,4,1,1,1,1,0,1,0,0,1.6,False,False,False,0,True,False
feat_tl_post_01014,tl_post_01014,camp_camp_0168,train,HIGH,121,18,3,0.0337,0.0744,0.0413,0,0,0,1,1,0,ta-en,3,Latin,True,True,1.0,1,1,1,0,0.95,False,False,True,False,False,0,0,1,0,1,True,1,0,1.0,1,1,1.0,0,0,0,0,-1.0,False,0,1,0,0,0.0,1.0,0.0,0.0,0.0,True,False,0.0,0,False,False,-1.0,0,0,0,False,1,1,True,1,1,True,-1.0,False,0,5,4,1,1,1,1,0,1,0,0,1.6,False,False,True,0,True,True
feat_tl_post_01015,tl_post_01015,camp_camp_0169,train,HIGH,118,19,1,0.1034,0.0678,0.0339,0,0,0,1,0,0,hi-en,4,Latin,True,True,1.0,1,1,1,0,0.95,False,False,False,False,False,0,0,1,0,1,True,1,0,1.0,1,1,1.0,0,0,0,0,-1.0,False,0,1,0,0,0.0,1.0,0.0,0.0,0.0,True,False,0.0,0,False,False,-1.0,0,0,0,False,1,1,True,1,1,True,-1.0,False,0,5,4,1,1,1,1,0,1,0,0,1.6,False,False,False,0,True,False
feat_tl_post_01016,tl_post_01016,camp_camp_0169,train,HIGH,132,20,3,0.1471,0.0455,0.0379,0,0,0,0,0,0,en,0,Latin,False,False,1.0,1,1,1,0,0.95,False,False,False,True,False,0,1,1,1,1,True,1,0,1.0,1,1,1.0,0,0,0,0,-1.0,False,0,1,0,0,0.0,1.0,0.0,0.0,0.0,True,False,0.0,0,False,False,-1.0,0,0,0,False,1,1,True,1,1,True,-1.0,False,0,5,4,1,1,1,1,0,1,0,0,1.6,False,False,False,0,False,True
feat_tl_post_01017,tl_post_01017,camp_camp_0169,train,HIGH,131,12,3,0.0,0.0916,0.0229,0,1,0,0,0,0,ta,1,Tamil,False,False,1.0,1,1,1,0,0.95,False,False,False,False,False,0,0,1,0,1,True,1,0,1.0,1,1,1.0,0,0,0,0,-1.0,False,0,1,0,0,0.0,1.0,0.0,0.0,0.0,True,False,0.0,0,False,False,-1.0,0,0,0,False,1,1,True,1,1,True,-1.0,False,0,5,4,1,1,1,1,0,1,0,0,1.6,False,False,False,0,False,False
feat_tl_post_01018,tl_post_01018,camp_camp_0169,train,HIGH,119,20,2,0.0,0.0924,0.0504,0,0,0,1,0,0,hi,2,Devanagari,False,False,1.0,1,1,1,0,0.95,False,False,False,False,False,0,0,1,0,1,True,1,0,1.0,1,1,1.0,0,0,0,0,-1.0,False,0,1,0,0,0.0,1.0,0.0,0.0,0.0,True,False,0.0,0,False,False,-1.0,0,0,0,False,1,1,True,1,1,True,-1.0,False,0,5,4,1,1,1,1,0,1,0,0,1.6,False,False,False,0,True,False
feat_tl_post_01019,tl_post_01019,trans_trans_group_0169,train,LOW,130,16,4,0.0455,0.0,0.0385,0,0,0,0,0,0,ta-en,3,Latin,True,True,1.0,1,1,0,1,0.1,True,False,False,False,False,0,0,0,0,1,True,1,0,1.0,1,1,1.0,0,0,0,0,-1.0,False,1,0,0,0,1.0,0.0,0.0,0.0,1.0,False,True,0.0,0,False,False,-1.0,0,0,0,False,1,1,True,1,1,True,-1.0,False,0,5,4,1,1,1,1,1,0,0,0,1.6,False,False,False,1,False,False
feat_tl_post_01020,tl_post_01020,trans_trans_group_0169,train,INSUFFICIENT,74,12,2,0.0656,0.0,0.027,0,0,0,0,0,0,hi-en,4,Latin,True,True,1.0,1,1,1,0,0.95,False,False,False,False,False,0,0,0,0,1,True,1,0,1.0,1,1,1.0,0,0,0,0,-1.0,False,0,0,0,1,0.0,0.0,0.0,1.0,0.0,False,False,0.0,0,False,False,-1.0,0,0,0,False,1,1,True,1,1,True,-1.0,False,0,5,4,1,1,1,1,0,0,0,1,1.6,False,False,False,0,False,False
feat_tl_post_01021,tl_post_01021,camp_camp_0170,train,HIGH,114,15,2,0.0361,0.0877,0.0526,0,0,0,1,0,0,en,0,Latin,False,False,1.0,1,1,1,0,0.95,True,False,False,False,False,1,0,1,1,1,True,1,0,1.0,1,1,1.0,0,0,0,0,-1.0,False,0,1,0,0,0.0,1.0,0.0,0.0,0.0,True,False,0.0,0,False,False,-1.0,0,0,0,False,1,1,True,1,1,True,-1.0,False,0,5,4,1,1,1,1,0,1,0,0,1.6,True,False,True,1,True,True
feat_tl_post_01022,tl_post_01022,camp_camp_0170,train,HIGH,118,15,4,0.0,0.1949,0.0424,0,1,0,3,0,0,ta,1,Tamil,False,False,1.0,1,1,1,0,0.95,False,True,False,False,False,0,0,1,0,1,True,1,0,1.0,1,1,1.0,0,0,0,0,-1.0,False,0,1,0,0,0.0,1.0,0.0,0.0,0.0,True,False,0.0,0,False,False,-1.0,0,0,0,False,1,1,True,1,1,True,-1.0,False,0,5,4,1,1,1,1,0,1,0,0,1.6,False,False,False,0,True,False
feat_tl_post_01023,tl_post_01023,camp_camp_0170,train,HIGH,102,16,3,0.0,0.0882,0.049,0,0,0,1,1,0,hi,2,Devanagari,False,False,1.0,1,1,1,0,0.95,False,False,False,False,True,0,0,1,0,1,True,1,0,1.0,1,1,1.0,0,0,0,0,-1.0,False,0,1,0,0,0.0,1.0,0.0,0.0,0.0,True,False,0.0,0,False,False,-1.0,0,0,0,False,1,1,True,1,1,True,-1.0,False,0,5,4,1,1,1,1,0,1,0,0,1.6,False,False,False,0,True,False
feat_tl_post_01024,tl_post_01024,camp_camp_0170,train,HIGH,121,18,3,0.0337,0.0744,0.0413,0,0,0,1,1,0,ta-en,3,Latin,True,True,1.0,1,1,1,0,0.95,False,False,True,False,False,0,0,1,0,1,True,1,0,1.0,1,1,1.0,0,0,0,0,-1.0,False,0,1,0,0,0.0,1.0,0.0,0.0,0.0,True,False,0.0,0,False,False,-1.0,0,0,0,False,1,1,True,1,1,True,-1.0,False,0,5,4,1,1,1,1,0,1,0,0,1.6,False,False,True,0,True,True
feat_tl_post_01025,tl_post_01025,camp_camp_0170,train,HIGH,118,19,1,0.1034,0.0678,0.0339,0,0,0,1,0,0,hi-en,4,Latin,True,True,1.0,1,1,1,0,0.95,False,False,False,False,False,0,0,1,0,1,True,1,0,1.0,1,1,1.0,0,0,0,0,-1.0,False,0,1,0,0,0.0,1.0,0.0,0.0,0.0,True,False,0.0,0,False,False,-1.0,0,0,0,False,1,1,True,1,1,True,-1.0,False,0,5,4,1,1,1,1,0,1,0,0,1.6,False,False,False,0,True,False
feat_tl_post_01026,tl_post_01026,camp_camp_0170,train,HIGH,132,20,3,0.1471,0.0455,0.0379,0,0,0,0,0,0,en,0,Latin,False,False,1.0,1,1,1,0,0.95,False,False,False,True,False,0,1,1,1,1,True,1,0,1.0,1,1,1.0,0,0,0,0,-1.0,False,0,1,0,0,0.0,1.0,0.0,0.0,0.0,True,False,0.0,0,False,False,-1.0,0,0,0,False,1,1,True,1,1,True,-1.0,False,0,5,4,1,1,1,1,0,1,0,0,1.6,False,False,False,0,False,True
feat_tl_post_01027,tl_post_01027,camp_camp_0171,train,HIGH,131,12,3,0.0,0.0916,0.0229,0,1,0,0,0,0,ta,1,Tamil,False,False,1.0,1,1,1,0,0.95,False,False,False,False,False,0,0,1,0,1,True,1,0,1.0,1,1,1.0,0,0,0,0,-1.0,False,0,1,0,0,0.0,1.0,0.0,0.0,0.0,True,False,0.0,0,False,False,-1.0,0,0,0,False,1,1,True,1,1,True,-1.0,False,0,5,4,1,1,1,1,0,1,0,0,1.6,False,False,False,0,False,False
feat_tl_post_01028,tl_post_01028,camp_camp_0171,train,HIGH,119,20,2,0.0,0.0924,0.0504,0,0,0,1,0,0,hi,2,Devanagari,False,False,1.0,1,1,1,0,0.95,False,False,False,False,False,0,0,1,0,1,True,1,0,1.0,1,1,1.0,0,0,0,0,-1.0,False,0,1,0,0,0.0,1.0,0.0,0.0,0.0,True,False,0.0,0,False,False,-1.0,0,0,0,False,1,1,True,1,1,True,-1.0,False,0,5,4,1,1,1,1,0,1,0,0,1.6,False,False,False,0,True,False
feat_tl_post_01029,tl_post_01029,trans_trans_group_0171,train,LOW,114,21,1,0.0,0.0,0.0088,0,0,0,0,0,0,hi,2,Devanagari,False,False,1.0,1,1,0,1,0.1,True,False,False,False,False,0,0,0,0,1,True,1,0,1.0,1,1,1.0,0,0,0,0,-1.0,False,1,0,0,0,1.0,0.0,0.0,0.0,1.0,False,True,0.0,0,False,False,-1.0,0,0,0,False,1,1,True,1,1,True,-1.0,False,0,5,4,1,1,1,1,1,0,0,0,1.6,False,False,False,1,False,False
feat_tl_post_01030,tl_post_01030,trans_trans_group_0171,train,INSUFFICIENT,74,12,2,0.0656,0.0,0.027,0,0,0,0,0,0,hi-en,4,Latin,True,True,1.0,1,1,1,0,0.95,False,False,False,False,False,0,0,0,0,1,True,1,0,1.0,1,1,1.0,0,0,0,0,-1.0,False,0,0,0,1,0.0,0.0,0.0,1.0,0.0,False,False,0.0,0,False,False,-1.0,0,0,0,False,1,1,True,1,1,True,-1.0,False,0,5,4,1,1,1,1,0,0,0,1,1.6,False,False,False,0,False,False
feat_tl_post_01031,tl_post_01031,camp_camp_0171,train,HIGH,114,15,2,0.0361,0.0877,0.0526,0,0,0,1,0,0,en,0,Latin,False,False,1.0,1,1,1,0,0.95,True,False,False,False,False,1,0,1,1,1,True,1,0,1.0,1,1,1.0,0,0,0,0,-1.0,False,0,1,0,0,0.0,1.0,0.0,0.0,0.0,True,False,0.0,0,False,False,-1.0,0,0,0,False,1,1,True,1,1,True,-1.0,False,0,5,4,1,1,1,1,0,1,0,0,1.6,True,False,True,1,True,True
feat_tl_post_01032,tl_post_01032,camp_camp_0171,train,HIGH,118,15,4,0.0,0.1949,0.0424,0,1,0,3,0,0,ta,1,Tamil,False,False,1.0,1,1,1,0,0.95,False,True,False,False,False,0,0,1,0,1,True,1,0,1.0,1,1,1.0,0,0,0,0,-1.0,False,0,1,0,0,0.0,1.0,0.0,0.0,0.0,True,False,0.0,0,False,False,-1.0,0,0,0,False,1,1,True,1,1,True,-1.0,False,0,5,4,1,1,1,1,0,1,0,0,1.6,False,False,False,0,True,False
feat_tl_post_01033,tl_post_01033,camp_camp_0172,train,HIGH,102,16,3,0.0,0.0882,0.049,0,0,0,1,1,0,hi,2,Devanagari,False,False,1.0,1,1,1,0,0.95,False,False,False,False,True,0,0,1,0,1,True,1,0,1.0,1,1,1.0,0,0,0,0,-1.0,False,0,1,0,0,0.0,1.0,0.0,0.0,0.0,True,False,0.0,0,False,False,-1.0,0,0,0,False,1,1,True,1,1,True,-1.0,False,0,5,4,1,1,1,1,0,1,0,0,1.6,False,False,False,0,True,False
feat_tl_post_01034,tl_post_01034,camp_camp_0172,train,HIGH,121,18,3,0.0337,0.0744,0.0413,0,0,0,1,1,0,ta-en,3,Latin,True,True,1.0,1,1,1,0,0.95,False,False,True,False,False,0,0,1,0,1,True,1,0,1.0,1,1,1.0,0,0,0,0,-1.0,False,0,1,0,0,0.0,1.0,0.0,0.0,0.0,True,False,0.0,0,False,False,-1.0,0,0,0,False,1,1,True,1,1,True,-1.0,False,0,5,4,1,1,1,1,0,1,0,0,1.6,False,False,True,0,True,True
feat_tl_post_01035,tl_post_01035,camp_camp_0172,train,HIGH,118,19,1,0.1034,0.0678,0.0339,0,0,0,1,0,0,hi-en,4,Latin,True,True,1.0,1,1,1,0,0.95,False,False,False,False,False,0,0,1,0,1,True,1,0,1.0,1,1,1.0,0,0,0,0,-1.0,False,0,1,0,0,0.0,1.0,0.0,0.0,0.0,True,False,0.0,0,False,False,-1.0,0,0,0,False,1,1,True,1,1,True,-1.0,False,0,5,4,1,1,1,1,0,1,0,0,1.6,False,False,False,0,True,False
feat_tl_post_01036,tl_post_01036,camp_camp_0172,train,HIGH,132,20,3,0.1471,0.0455,0.0379,0,0,0,0,0,0,en,0,Latin,False,False,1.0,1,1,1,0,0.95,False,False,False,True,False,0,1,1,1,1,True,1,0,1.0,1,1,1.0,0,0,0,0,-1.0,False,0,1,0,0,0.0,1.0,0.0,0.0,0.0,True,False,0.0,0,False,False,-1.0,0,0,0,False,1,1,True,1,1,True,-1.0,False,0,5,4,1,1,1,1,0,1,0,0,1.6,False,False,False,0,False,True
feat_tl_post_01037,tl_post_01037,camp_camp_0172,train,HIGH,131,12,3,0.0,0.0916,0.0229,0,1,0,0,0,0,ta,1,Tamil,False,False,1.0,1,1,1,0,0.95,False,False,False,False,False,0,0,1,0,1,True,1,0,1.0,1,1,1.0,0,0,0,0,-1.0,False,0,1,0,0,0.0,1.0,0.0,0.0,0.0,True,False,0.0,0,False,False,-1.0,0,0,0,False,1,1,True,1,1,True,-1.0,False,0,5,4,1,1,1,1,0,1,0,0,1.6,False,False,False,0,False,False
feat_tl_post_01038,tl_post_01038,camp_camp_0172,train,HIGH,119,20,2,0.0,0.0924,0.0504,0,0,0,1,0,0,hi,2,Devanagari,False,False,1.0,1,1,1,0,0.95,False,False,False,False,False,0,0,1,0,1,True,1,0,1.0,1,1,1.0,0,0,0,0,-1.0,False,0,1,0,0,0.0,1.0,0.0,0.0,0.0,True,False,0.0,0,False,False,-1.0,0,0,0,False,1,1,True,1,1,True,-1.0,False,0,5,4,1,1,1,1,0,1,0,0,1.6,False,False,False,0,True,False
feat_tl_post_01039,tl_post_01039,trans_trans_group_0173,train,LOW,134,24,2,0.1604,0.0,0.0373,0,0,0,0,0,0,en,0,Latin,False,False,1.0,1,1,0,1,0.1,True,False,False,False,False,0,1,0,0,1,True,1,0,1.0,1,1,1.0,0,0,0,0,-1.0,False,1,0,0,0,1.0,0.0,0.0,0.0,1.0,False,True,0.0,0,False,False,-1.0,0,0,0,False,1,1,True,1,1,True,-1.0,False,0,5,4,1,1,1,1,1,0,0,0,1.6,False,False,False,1,False,False
feat_tl_post_01040,tl_post_01040,trans_trans_group_0173,train,INSUFFICIENT,74,12,2,0.0656,0.0,0.027,0,0,0,0,0,0,hi-en,4,Latin,True,True,1.0,1,1,1,0,0.95,False,False,False,False,False,0,0,0,0,1,True,1,0,1.0,1,1,1.0,0,0,0,0,-1.0,False,0,0,0,1,0.0,0.0,0.0,1.0,0.0,False,False,0.0,0,False,False,-1.0,0,0,0,False,1,1,True,1,1,True,-1.0,False,0,5,4,1,1,1,1,0,0,0,1,1.6,False,False,False,0,False,False
feat_tl_post_01041,tl_post_01041,camp_camp_0173,train,HIGH,114,15,2,0.0361,0.0877,0.0526,0,0,0,1,0,0,en,0,Latin,False,False,1.0,1,1,1,0,0.95,True,False,False,False,False,1,0,1,1,1,True,1,0,1.0,1,1,1.0,0,0,0,0,-1.0,False,0,1,0,0,0.0,1.0,0.0,0.0,0.0,True,False,0.0,0,False,False,-1.0,0,0,0,False,1,1,True,1,1,True,-1.0,False,0,5,4,1,1,1,1,0,1,0,0,1.6,True,False,True,1,True,True
feat_tl_post_01042,tl_post_01042,camp_camp_0173,train,HIGH,118,15,4,0.0,0.1949,0.0424,0,1,0,3,0,0,ta,1,Tamil,False,False,1.0,1,1,1,0,0.95,False,True,False,False,False,0,0,1,0,1,True,1,0,1.0,1,1,1.0,0,0,0,0,-1.0,False,0,1,0,0,0.0,1.0,0.0,0.0,0.0,True,False,0.0,0,False,False,-1.0,0,0,0,False,1,1,True,1,1,True,-1.0,False,0,5,4,1,1,1,1,0,1,0,0,1.6,False,False,False,0,True,False
feat_tl_post_01043,tl_post_01043,camp_camp_0173,train,HIGH,102,16,3,0.0,0.0882,0.049,0,0,0,1,1,0,hi,2,Devanagari,False,False,1.0,1,1,1,0,0.95,False,False,False,False,True,0,0,1,0,1,True,1,0,1.0,1,1,1.0,0,0,0,0,-1.0,False,0,1,0,0,0.0,1.0,0.0,0.0,0.0,True,False,0.0,0,False,False,-1.0,0,0,0,False,1,1,True,1,1,True,-1.0,False,0,5,4,1,1,1,1,0,1,0,0,1.6,False,False,False,0,True,False
feat_tl_post_01044,tl_post_01044,camp_camp_0173,train,HIGH,121,18,3,0.0337,0.0744,0.0413,0,0,0,1,1,0,ta-en,3,Latin,True,True,1.0,1,1,1,0,0.95,False,False,True,False,False,0,0,1,0,1,True,1,0,1.0,1,1,1.0,0,0,0,0,-1.0,False,0,1,0,0,0.0,1.0,0.0,0.0,0.0,True,False,0.0,0,False,False,-1.0,0,0,0,False,1,1,True,1,1,True,-1.0,False,0,5,4,1,1,1,1,0,1,0,0,1.6,False,False,True,0,True,True
feat_tl_post_01045,tl_post_01045,camp_camp_0174,train,HIGH,118,19,1,0.1034,0.0678,0.0339,0,0,0,1,0,0,hi-en,4,Latin,True,True,1.0,1,1,1,0,0.95,False,False,False,False,False,0,0,1,0,1,True,1,0,1.0,1,1,1.0,0,0,0,0,-1.0,False,0,1,0,0,0.0,1.0,0.0,0.0,0.0,True,False,0.0,0,False,False,-1.0,0,0,0,False,1,1,True,1,1,True,-1.0,False,0,5,4,1,1,1,1,0,1,0,0,1.6,False,False,False,0,True,False
feat_tl_post_01046,tl_post_01046,camp_camp_0174,train,HIGH,132,20,3,0.1471,0.0455,0.0379,0,0,0,0,0,0,en,0,Latin,False,False,1.0,1,1,1,0,0.95,False,False,False,True,False,0,1,1,1,1,True,1,0,1.0,1,1,1.0,0,0,0,0,-1.0,False,0,1,0,0,0.0,1.0,0.0,0.0,0.0,True,False,0.0,0,False,False,-1.0,0,0,0,False,1,1,True,1,1,True,-1.0,False,0,5,4,1,1,1,1,0,1,0,0,1.6,False,False,False,0,False,True
feat_tl_post_01047,tl_post_01047,camp_camp_0174,train,HIGH,131,12,3,0.0,0.0916,0.0229,0,1,0,0,0,0,ta,1,Tamil,False,False,1.0,1,1,1,0,0.95,False,False,False,False,False,0,0,1,0,1,True,1,0,1.0,1,1,1.0,0,0,0,0,-1.0,False,0,1,0,0,0.0,1.0,0.0,0.0,0.0,True,False,0.0,0,False,False,-1.0,0,0,0,False,1,1,True,1,1,True,-1.0,False,0,5,4,1,1,1,1,0,1,0,0,1.6,False,False,False,0,False,False
feat_tl_post_01048,tl_post_01048,camp_camp_0174,train,HIGH,119,20,2,0.0,0.0924,0.0504,0,0,0,1,0,0,hi,2,Devanagari,False,False,1.0,1,1,1,0,0.95,False,False,False,False,False,0,0,1,0,1,True,1,0,1.0,1,1,1.0,0,0,0,0,-1.0,False,0,1,0,0,0.0,1.0,0.0,0.0,0.0,True,False,0.0,0,False,False,-1.0,0,0,0,False,1,1,True,1,1,True,-1.0,False,0,5,4,1,1,1,1,0,1,0,0,1.6,False,False,False,0,True,False
feat_tl_post_01049,tl_post_01049,trans_trans_group_0174,train,LOW,130,16,4,0.0455,0.0,0.0385,0,0,0,0,0,0,ta-en,3,Latin,True,True,1.0,1,1,0,1,0.1,True,False,False,False,False,0,0,0,0,1,True,1,0,1.0,1,1,1.0,0,0,0,0,-1.0,False,1,0,0,0,1.0,0.0,0.0,0.0,1.0,False,True,0.0,0,False,False,-1.0,0,0,0,False,1,1,True,1,1,True,-1.0,False,0,5,4,1,1,1,1,1,0,0,0,1.6,False,False,False,1,False,False
feat_tl_post_01050,tl_post_01050,trans_trans_group_0174,train,INSUFFICIENT,74,12,2,0.0656,0.0,0.027,0,0,0,0,0,0,hi-en,4,Latin,True,True,1.0,1,1,1,0,0.95,False,False,False,False,False,0,0,0,0,1,True,1,0,1.0,1,1,1.0,0,0,0,0,-1.0,False,0,0,0,1,0.0,0.0,0.0,1.0,0.0,False,False,0.0,0,False,False,-1.0,0,0,0,False,1,1,True,1,1,True,-1.0,False,0,5,4,1,1,1,1,0,0,0,1,1.6,False,False,False,0,False,False
feat_tl_post_01051,tl_post_01051,camp_camp_0175,train,HIGH,114,15,2,0.0361,0.0877,0.0526,0,0,0,1,0,0,en,0,Latin,False,False,1.0,1,1,1,0,0.95,True,False,False,False,False,1,0,1,1,1,True,1,0,1.0,1,1,1.0,0,0,0,0,-1.0,False,0,1,0,0,0.0,1.0,0.0,0.0,0.0,True,False,0.0,0,False,False,-1.0,0,0,0,False,1,1,True,1,1,True,-1.0,False,0,5,4,1,1,1,1,0,1,0,0,1.6,True,False,True,1,True,True
feat_tl_post_01052,tl_post_01052,camp_camp_0175,train,HIGH,118,15,4,0.0,0.1949,0.0424,0,1,0,3,0,0,ta,1,Tamil,False,False,1.0,1,1,1,0,0.95,False,True,False,False,False,0,0,1,0,1,True,1,0,1.0,1,1,1.0,0,0,0,0,-1.0,False,0,1,0,0,0.0,1.0,0.0,0.0,0.0,True,False,0.0,0,False,False,-1.0,0,0,0,False,1,1,True,1,1,True,-1.0,False,0,5,4,1,1,1,1,0,1,0,0,1.6,False,False,False,0,True,False
feat_tl_post_01053,tl_post_01053,camp_camp_0175,train,HIGH,102,16,3,0.0,0.0882,0.049,0,0,0,1,1,0,hi,2,Devanagari,False,False,1.0,1,1,1,0,0.95,False,False,False,False,True,0,0,1,0,1,True,1,0,1.0,1,1,1.0,0,0,0,0,-1.0,False,0,1,0,0,0.0,1.0,0.0,0.0,0.0,True,False,0.0,0,False,False,-1.0,0,0,0,False,1,1,True,1,1,True,-1.0,False,0,5,4,1,1,1,1,0,1,0,0,1.6,False,False,False,0,True,False
feat_tl_post_01054,tl_post_01054,camp_camp_0175,train,HIGH,121,18,3,0.0337,0.0744,0.0413,0,0,0,1,1,0,ta-en,3,Latin,True,True,1.0,1,1,1,0,0.95,False,False,True,False,False,0,0,1,0,1,True,1,0,1.0,1,1,1.0,0,0,0,0,-1.0,False,0,1,0,0,0.0,1.0,0.0,0.0,0.0,True,False,0.0,0,False,False,-1.0,0,0,0,False,1,1,True,1,1,True,-1.0,False,0,5,4,1,1,1,1,0,1,0,0,1.6,False,False,True,0,True,True
feat_tl_post_01055,tl_post_01055,camp_camp_0175,train,HIGH,118,19,1,0.1034,0.0678,0.0339,0,0,0,1,0,0,hi-en,4,Latin,True,True,1.0,1,1,1,0,0.95,False,False,False,False,False,0,0,1,0,1,True,1,0,1.0,1,1,1.0,0,0,0,0,-1.0,False,0,1,0,0,0.0,1.0,0.0,0.0,0.0,True,False,0.0,0,False,False,-1.0,0,0,0,False,1,1,True,1,1,True,-1.0,False,0,5,4,1,1,1,1,0,1,0,0,1.6,False,False,False,0,True,False
feat_tl_post_01056,tl_post_01056,camp_camp_0175,train,HIGH,132,20,3,0.1471,0.0455,0.0379,0,0,0,0,0,0,en,0,Latin,False,False,1.0,1,1,1,0,0.95,False,False,False,True,False,0,1,1,1,1,True,1,0,1.0,1,1,1.0,0,0,0,0,-1.0,False,0,1,0,0,0.0,1.0,0.0,0.0,0.0,True,False,0.0,0,False,False,-1.0,0,0,0,False,1,1,True,1,1,True,-1.0,False,0,5,4,1,1,1,1,0,1,0,0,1.6,False,False,False,0,False,True
feat_tl_post_01057,tl_post_01057,camp_camp_0176,train,HIGH,131,12,3,0.0,0.0916,0.0229,0,1,0,0,0,0,ta,1,Tamil,False,False,1.0,1,1,1,0,0.95,False,False,False,False,False,0,0,1,0,1,True,1,0,1.0,1,1,1.0,0,0,0,0,-1.0,False,0,1,0,0,0.0,1.0,0.0,0.0,0.0,True,False,0.0,0,False,False,-1.0,0,0,0,False,1,1,True,1,1,True,-1.0,False,0,5,4,1,1,1,1,0,1,0,0,1.6,False,False,False,0,False,False
feat_tl_post_01058,tl_post_01058,camp_camp_0176,train,HIGH,119,20,2,0.0,0.0924,0.0504,0,0,0,1,0,0,hi,2,Devanagari,False,False,1.0,1,1,1,0,0.95,False,False,False,False,False,0,0,1,0,1,True,1,0,1.0,1,1,1.0,0,0,0,0,-1.0,False,0,1,0,0,0.0,1.0,0.0,0.0,0.0,True,False,0.0,0,False,False,-1.0,0,0,0,False,1,1,True,1,1,True,-1.0,False,0,5,4,1,1,1,1,0,1,0,0,1.6,False,False,False,0,True,False
feat_tl_post_01059,tl_post_01059,trans_trans_group_0176,train,LOW,114,21,1,0.0,0.0,0.0088,0,0,0,0,0,0,hi,2,Devanagari,False,False,1.0,1,1,0,1,0.1,True,False,False,False,False,0,0,0,0,1,True,1,0,1.0,1,1,1.0,0,0,0,0,-1.0,False,1,0,0,0,1.0,0.0,0.0,0.0,1.0,False,True,0.0,0,False,False,-1.0,0,0,0,False,1,1,True,1,1,True,-1.0,False,0,5,4,1,1,1,1,1,0,0,0,1.6,False,False,False,1,False,False
feat_tl_post_01060,tl_post_01060,trans_trans_group_0176,train,INSUFFICIENT,74,12,2,0.0656,0.0,0.027,0,0,0,0,0,0,hi-en,4,Latin,True,True,1.0,1,1,1,0,0.95,False,False,False,False,False,0,0,0,0,1,True,1,0,1.0,1,1,1.0,0,0,0,0,-1.0,False,0,0,0,1,0.0,0.0,0.0,1.0,0.0,False,False,0.0,0,False,False,-1.0,0,0,0,False,1,1,True,1,1,True,-1.0,False,0,5,4,1,1,1,1,0,0,0,1,1.6,False,False,False,0,False,False
feat_tl_post_01061,tl_post_01061,camp_camp_0176,train,HIGH,114,15,2,0.0361,0.0877,0.0526,0,0,0,1,0,0,en,0,Latin,False,False,1.0,1,1,1,0,0.95,True,False,False,False,False,1,0,1,1,1,True,1,0,1.0,1,1,1.0,0,0,0,0,-1.0,False,0,1,0,0,0.0,1.0,0.0,0.0,0.0,True,False,0.0,0,False,False,-1.0,0,0,0,False,1,1,True,1,1,True,-1.0,False,0,5,4,1,1,1,1,0,1,0,0,1.6,True,False,True,1,True,True
feat_tl_post_01062,tl_post_01062,camp_camp_0176,train,HIGH,118,15,4,0.0,0.1949,0.0424,0,1,0,3,0,0,ta,1,Tamil,False,False,1.0,1,1,1,0,0.95,False,True,False,False,False,0,0,1,0,1,True,1,0,1.0,1,1,1.0,0,0,0,0,-1.0,False,0,1,0,0,0.0,1.0,0.0,0.0,0.0,True,False,0.0,0,False,False,-1.0,0,0,0,False,1,1,True,1,1,True,-1.0,False,0,5,4,1,1,1,1,0,1,0,0,1.6,False,False,False,0,True,False
feat_tl_post_01063,tl_post_01063,camp_camp_0177,train,HIGH,102,16,3,0.0,0.0882,0.049,0,0,0,1,1,0,hi,2,Devanagari,False,False,1.0,1,1,1,0,0.95,False,False,False,False,True,0,0,1,0,1,True,1,0,1.0,1,1,1.0,0,0,0,0,-1.0,False,0,1,0,0,0.0,1.0,0.0,0.0,0.0,True,False,0.0,0,False,False,-1.0,0,0,0,False,1,1,True,1,1,True,-1.0,False,0,5,4,1,1,1,1,0,1,0,0,1.6,False,False,False,0,True,False
feat_tl_post_01064,tl_post_01064,camp_camp_0177,train,HIGH,121,18,3,0.0337,0.0744,0.0413,0,0,0,1,1,0,ta-en,3,Latin,True,True,1.0,1,1,1,0,0.95,False,False,True,False,False,0,0,1,0,1,True,1,0,1.0,1,1,1.0,0,0,0,0,-1.0,False,0,1,0,0,0.0,1.0,0.0,0.0,0.0,True,False,0.0,0,False,False,-1.0,0,0,0,False,1,1,True,1,1,True,-1.0,False,0,5,4,1,1,1,1,0,1,0,0,1.6,False,False,True,0,True,True
feat_tl_post_01065,tl_post_01065,camp_camp_0177,train,HIGH,118,19,1,0.1034,0.0678,0.0339,0,0,0,1,0,0,hi-en,4,Latin,True,True,1.0,1,1,1,0,0.95,False,False,False,False,False,0,0,1,0,1,True,1,0,1.0,1,1,1.0,0,0,0,0,-1.0,False,0,1,0,0,0.0,1.0,0.0,0.0,0.0,True,False,0.0,0,False,False,-1.0,0,0,0,False,1,1,True,1,1,True,-1.0,False,0,5,4,1,1,1,1,0,1,0,0,1.6,False,False,False,0,True,False
feat_tl_post_01066,tl_post_01066,camp_camp_0177,train,HIGH,132,20,3,0.1471,0.0455,0.0379,0,0,0,0,0,0,en,0,Latin,False,False,1.0,1,1,1,0,0.95,False,False,False,True,False,0,1,1,1,1,True,1,0,1.0,1,1,1.0,0,0,0,0,-1.0,False,0,1,0,0,0.0,1.0,0.0,0.0,0.0,True,False,0.0,0,False,False,-1.0,0,0,0,False,1,1,True,1,1,True,-1.0,False,0,5,4,1,1,1,1,0,1,0,0,1.6,False,False,False,0,False,True
feat_tl_post_01067,tl_post_01067,camp_camp_0177,train,HIGH,131,12,3,0.0,0.0916,0.0229,0,1,0,0,0,0,ta,1,Tamil,False,False,1.0,1,1,1,0,0.95,False,False,False,False,False,0,0,1,0,1,True,1,0,1.0,1,1,1.0,0,0,0,0,-1.0,False,0,1,0,0,0.0,1.0,0.0,0.0,0.0,True,False,0.0,0,False,False,-1.0,0,0,0,False,1,1,True,1,1,True,-1.0,False,0,5,4,1,1,1,1,0,1,0,0,1.6,False,False,False,0,False,False
feat_tl_post_01068,tl_post_01068,camp_camp_0177,train,HIGH,119,20,2,0.0,0.0924,0.0504,0,0,0,1,0,0,hi,2,Devanagari,False,False,1.0,1,1,1,0,0.95,False,False,False,False,False,0,0,1,0,1,True,1,0,1.0,1,1,1.0,0,0,0,0,-1.0,False,0,1,0,0,0.0,1.0,0.0,0.0,0.0,True,False,0.0,0,False,False,-1.0,0,0,0,False,1,1,True,1,1,True,-1.0,False,0,5,4,1,1,1,1,0,1,0,0,1.6,False,False,False,0,True,False
feat_tl_post_01069,tl_post_01069,trans_trans_group_0178,train,LOW,134,24,2,0.1604,0.0,0.0373,0,0,0,0,0,0,en,0,Latin,False,False,1.0,1,1,0,1,0.1,True,False,False,False,False,0,1,0,0,1,True,1,0,1.0,1,1,1.0,0,0,0,0,-1.0,False,1,0,0,0,1.0,0.0,0.0,0.0,1.0,False,True,0.0,0,False,False,-1.0,0,0,0,False,1,1,True,1,1,True,-1.0,False,0,5,4,1,1,1,1,1,0,0,0,1.6,False,False,False,1,False,False
feat_tl_post_01070,tl_post_01070,trans_trans_group_0178,train,INSUFFICIENT,74,12,2,0.0656,0.0,0.027,0,0,0,0,0,0,hi-en,4,Latin,True,True,1.0,1,1,1,0,0.95,False,False,False,False,False,0,0,0,0,1,True,1,0,1.0,1,1,1.0,0,0,0,0,-1.0,False,0,0,0,1,0.0,0.0,0.0,1.0,0.0,False,False,0.0,0,False,False,-1.0,0,0,0,False,1,1,True,1,1,True,-1.0,False,0,5,4,1,1,1,1,0,0,0,1,1.6,False,False,False,0,False,False
feat_tl_post_01071,tl_post_01071,camp_camp_0178,train,HIGH,114,15,2,0.0361,0.0877,0.0526,0,0,0,1,0,0,en,0,Latin,False,False,1.0,1,1,1,0,0.95,True,False,False,False,False,1,0,1,1,1,True,1,0,1.0,1,1,1.0,0,0,0,0,-1.0,False,0,1,0,0,0.0,1.0,0.0,0.0,0.0,True,False,0.0,0,False,False,-1.0,0,0,0,False,1,1,True,1,1,True,-1.0,False,0,5,4,1,1,1,1,0,1,0,0,1.6,True,False,True,1,True,True
feat_tl_post_01072,tl_post_01072,camp_camp_0178,train,HIGH,118,15,4,0.0,0.1949,0.0424,0,1,0,3,0,0,ta,1,Tamil,False,False,1.0,1,1,1,0,0.95,False,True,False,False,False,0,0,1,0,1,True,1,0,1.0,1,1,1.0,0,0,0,0,-1.0,False,0,1,0,0,0.0,1.0,0.0,0.0,0.0,True,False,0.0,0,False,False,-1.0,0,0,0,False,1,1,True,1,1,True,-1.0,False,0,5,4,1,1,1,1,0,1,0,0,1.6,False,False,False,0,True,False
feat_tl_post_01073,tl_post_01073,camp_camp_0178,train,HIGH,102,16,3,0.0,0.0882,0.049,0,0,0,1,1,0,hi,2,Devanagari,False,False,1.0,1,1,1,0,0.95,False,False,False,False,True,0,0,1,0,1,True,1,0,1.0,1,1,1.0,0,0,0,0,-1.0,False,0,1,0,0,0.0,1.0,0.0,0.0,0.0,True,False,0.0,0,False,False,-1.0,0,0,0,False,1,1,True,1,1,True,-1.0,False,0,5,4,1,1,1,1,0,1,0,0,1.6,False,False,False,0,True,False
feat_tl_post_01074,tl_post_01074,camp_camp_0178,train,HIGH,121,18,3,0.0337,0.0744,0.0413,0,0,0,1,1,0,ta-en,3,Latin,True,True,1.0,1,1,1,0,0.95,False,False,True,False,False,0,0,1,0,1,True,1,0,1.0,1,1,1.0,0,0,0,0,-1.0,False,0,1,0,0,0.0,1.0,0.0,0.0,0.0,True,False,0.0,0,False,False,-1.0,0,0,0,False,1,1,True,1,1,True,-1.0,False,0,5,4,1,1,1,1,0,1,0,0,1.6,False,False,True,0,True,True
feat_tl_post_01075,tl_post_01075,camp_camp_0179,train,HIGH,118,19,1,0.1034,0.0678,0.0339,0,0,0,1,0,0,hi-en,4,Latin,True,True,1.0,1,1,1,0,0.95,False,False,False,False,False,0,0,1,0,1,True,1,0,1.0,1,1,1.0,0,0,0,0,-1.0,False,0,1,0,0,0.0,1.0,0.0,0.0,0.0,True,False,0.0,0,False,False,-1.0,0,0,0,False,1,1,True,1,1,True,-1.0,False,0,5,4,1,1,1,1,0,1,0,0,1.6,False,False,False,0,True,False
feat_tl_post_01076,tl_post_01076,camp_camp_0179,train,HIGH,132,20,3,0.1471,0.0455,0.0379,0,0,0,0,0,0,en,0,Latin,False,False,1.0,1,1,1,0,0.95,False,False,False,True,False,0,1,1,1,1,True,1,0,1.0,1,1,1.0,0,0,0,0,-1.0,False,0,1,0,0,0.0,1.0,0.0,0.0,0.0,True,False,0.0,0,False,False,-1.0,0,0,0,False,1,1,True,1,1,True,-1.0,False,0,5,4,1,1,1,1,0,1,0,0,1.6,False,False,False,0,False,True
feat_tl_post_01077,tl_post_01077,camp_camp_0179,train,HIGH,131,12,3,0.0,0.0916,0.0229,0,1,0,0,0,0,ta,1,Tamil,False,False,1.0,1,1,1,0,0.95,False,False,False,False,False,0,0,1,0,1,True,1,0,1.0,1,1,1.0,0,0,0,0,-1.0,False,0,1,0,0,0.0,1.0,0.0,0.0,0.0,True,False,0.0,0,False,False,-1.0,0,0,0,False,1,1,True,1,1,True,-1.0,False,0,5,4,1,1,1,1,0,1,0,0,1.6,False,False,False,0,False,False
feat_tl_post_01078,tl_post_01078,camp_camp_0179,train,HIGH,119,20,2,0.0,0.0924,0.0504,0,0,0,1,0,0,hi,2,Devanagari,False,False,1.0,1,1,1,0,0.95,False,False,False,False,False,0,0,1,0,1,True,1,0,1.0,1,1,1.0,0,0,0,0,-1.0,False,0,1,0,0,0.0,1.0,0.0,0.0,0.0,True,False,0.0,0,False,False,-1.0,0,0,0,False,1,1,True,1,1,True,-1.0,False,0,5,4,1,1,1,1,0,1,0,0,1.6,False,False,False,0,True,False
feat_tl_post_01079,tl_post_01079,trans_trans_group_0179,train,LOW,130,16,4,0.0455,0.0,0.0385,0,0,0,0,0,0,ta-en,3,Latin,True,True,1.0,1,1,0,1,0.1,True,False,False,False,False,0,0,0,0,1,True,1,0,1.0,1,1,1.0,0,0,0,0,-1.0,False,1,0,0,0,1.0,0.0,0.0,0.0,1.0,False,True,0.0,0,False,False,-1.0,0,0,0,False,1,1,True,1,1,True,-1.0,False,0,5,4,1,1,1,1,1,0,0,0,1.6,False,False,False,1,False,False
feat_tl_post_01080,tl_post_01080,trans_trans_group_0179,train,INSUFFICIENT,74,12,2,0.0656,0.0,0.027,0,0,0,0,0,0,hi-en,4,Latin,True,True,1.0,1,1,1,0,0.95,False,False,False,False,False,0,0,0,0,1,True,1,0,1.0,1,1,1.0,0,0,0,0,-1.0,False,0,0,0,1,0.0,0.0,0.0,1.0,0.0,False,False,0.0,0,False,False,-1.0,0,0,0,False,1,1,True,1,1,True,-1.0,False,0,5,4,1,1,1,1,0,0,0,1,1.6,False,False,False,0,False,False
feat_tl_post_01081,tl_post_01081,camp_camp_0180,train,HIGH,114,15,2,0.0361,0.0877,0.0526,0,0,0,1,0,0,en,0,Latin,False,False,1.0,1,1,1,0,0.95,True,False,False,False,False,1,0,1,1,1,True,1,0,1.0,1,1,1.0,0,0,0,0,-1.0,False,0,1,0,0,0.0,1.0,0.0,0.0,0.0,True,False,0.0,0,False,False,-1.0,0,0,0,False,1,1,True,1,1,True,-1.0,False,0,5,4,1,1,1,1,0,1,0,0,1.6,True,False,True,1,True,True
feat_tl_post_01082,tl_post_01082,camp_camp_0180,train,HIGH,118,15,4,0.0,0.1949,0.0424,0,1,0,3,0,0,ta,1,Tamil,False,False,1.0,1,1,1,0,0.95,False,True,False,False,False,0,0,1,0,1,True,1,0,1.0,1,1,1.0,0,0,0,0,-1.0,False,0,1,0,0,0.0,1.0,0.0,0.0,0.0,True,False,0.0,0,False,False,-1.0,0,0,0,False,1,1,True,1,1,True,-1.0,False,0,5,4,1,1,1,1,0,1,0,0,1.6,False,False,False,0,True,False
feat_tl_post_01083,tl_post_01083,camp_camp_0180,train,HIGH,102,16,3,0.0,0.0882,0.049,0,0,0,1,1,0,hi,2,Devanagari,False,False,1.0,1,1,1,0,0.95,False,False,False,False,True,0,0,1,0,1,True,1,0,1.0,1,1,1.0,0,0,0,0,-1.0,False,0,1,0,0,0.0,1.0,0.0,0.0,0.0,True,False,0.0,0,False,False,-1.0,0,0,0,False,1,1,True,1,1,True,-1.0,False,0,5,4,1,1,1,1,0,1,0,0,1.6,False,False,False,0,True,False
feat_tl_post_01084,tl_post_01084,camp_camp_0180,train,HIGH,121,18,3,0.0337,0.0744,0.0413,0,0,0,1,1,0,ta-en,3,Latin,True,True,1.0,1,1,1,0,0.95,False,False,True,False,False,0,0,1,0,1,True,1,0,1.0,1,1,1.0,0,0,0,0,-1.0,False,0,1,0,0,0.0,1.0,0.0,0.0,0.0,True,False,0.0,0,False,False,-1.0,0,0,0,False,1,1,True,1,1,True,-1.0,False,0,5,4,1,1,1,1,0,1,0,0,1.6,False,False,True,0,True,True
feat_tl_post_01085,tl_post_01085,camp_camp_0180,train,HIGH,118,19,1,0.1034,0.0678,0.0339,0,0,0,1,0,0,hi-en,4,Latin,True,True,1.0,1,1,1,0,0.95,False,False,False,False,False,0,0,1,0,1,True,1,0,1.0,1,1,1.0,0,0,0,0,-1.0,False,0,1,0,0,0.0,1.0,0.0,0.0,0.0,True,False,0.0,0,False,False,-1.0,0,0,0,False,1,1,True,1,1,True,-1.0,False,0,5,4,1,1,1,1,0,1,0,0,1.6,False,False,False,0,True,False
feat_tl_post_01086,tl_post_01086,camp_camp_0180,train,HIGH,132,20,3,0.1471,0.0455,0.0379,0,0,0,0,0,0,en,0,Latin,False,False,1.0,1,1,1,0,0.95,False,False,False,True,False,0,1,1,1,1,True,1,0,1.0,1,1,1.0,0,0,0,0,-1.0,False,0,1,0,0,0.0,1.0,0.0,0.0,0.0,True,False,0.0,0,False,False,-1.0,0,0,0,False,1,1,True,1,1,True,-1.0,False,0,5,4,1,1,1,1,0,1,0,0,1.6,False,False,False,0,False,True
feat_tl_post_01087,tl_post_01087,camp_camp_0181,train,HIGH,131,12,3,0.0,0.0916,0.0229,0,1,0,0,0,0,ta,1,Tamil,False,False,1.0,1,1,1,0,0.95,False,False,False,False,False,0,0,1,0,1,True,1,0,1.0,1,1,1.0,0,0,0,0,-1.0,False,0,1,0,0,0.0,1.0,0.0,0.0,0.0,True,False,0.0,0,False,False,-1.0,0,0,0,False,1,1,True,1,1,True,-1.0,False,0,5,4,1,1,1,1,0,1,0,0,1.6,False,False,False,0,False,False
feat_tl_post_01088,tl_post_01088,camp_camp_0181,train,HIGH,119,20,2,0.0,0.0924,0.0504,0,0,0,1,0,0,hi,2,Devanagari,False,False,1.0,1,1,1,0,0.95,False,False,False,False,False,0,0,1,0,1,True,1,0,1.0,1,1,1.0,0,0,0,0,-1.0,False,0,1,0,0,0.0,1.0,0.0,0.0,0.0,True,False,0.0,0,False,False,-1.0,0,0,0,False,1,1,True,1,1,True,-1.0,False,0,5,4,1,1,1,1,0,1,0,0,1.6,False,False,False,0,True,False
feat_tl_post_01089,tl_post_01089,trans_trans_group_0181,train,LOW,114,21,1,0.0,0.0,0.0088,0,0,0,0,0,0,hi,2,Devanagari,False,False,1.0,1,1,0,1,0.1,True,False,False,False,False,0,0,0,0,1,True,1,0,1.0,1,1,1.0,0,0,0,0,-1.0,False,1,0,0,0,1.0,0.0,0.0,0.0,1.0,False,True,0.0,0,False,False,-1.0,0,0,0,False,1,1,True,1,1,True,-1.0,False,0,5,4,1,1,1,1,1,0,0,0,1.6,False,False,False,1,False,False
feat_tl_post_01090,tl_post_01090,trans_trans_group_0181,train,INSUFFICIENT,74,12,2,0.0656,0.0,0.027,0,0,0,0,0,0,hi-en,4,Latin,True,True,1.0,1,1,1,0,0.95,False,False,False,False,False,0,0,0,0,1,True,1,0,1.0,1,1,1.0,0,0,0,0,-1.0,False,0,0,0,1,0.0,0.0,0.0,1.0,0.0,False,False,0.0,0,False,False,-1.0,0,0,0,False,1,1,True,1,1,True,-1.0,False,0,5,4,1,1,1,1,0,0,0,1,1.6,False,False,False,0,False,False
feat_tl_post_01091,tl_post_01091,camp_camp_0181,train,HIGH,114,15,2,0.0361,0.0877,0.0526,0,0,0,1,0,0,en,0,Latin,False,False,1.0,1,1,1,0,0.95,True,False,False,False,False,1,0,1,1,1,True,1,0,1.0,1,1,1.0,0,0,0,0,-1.0,False,0,1,0,0,0.0,1.0,0.0,0.0,0.0,True,False,0.0,0,False,False,-1.0,0,0,0,False,1,1,True,1,1,True,-1.0,False,0,5,4,1,1,1,1,0,1,0,0,1.6,True,False,True,1,True,True
feat_tl_post_01092,tl_post_01092,camp_camp_0181,train,HIGH,118,15,4,0.0,0.1949,0.0424,0,1,0,3,0,0,ta,1,Tamil,False,False,1.0,1,1,1,0,0.95,False,True,False,False,False,0,0,1,0,1,True,1,0,1.0,1,1,1.0,0,0,0,0,-1.0,False,0,1,0,0,0.0,1.0,0.0,0.0,0.0,True,False,0.0,0,False,False,-1.0,0,0,0,False,1,1,True,1,1,True,-1.0,False,0,5,4,1,1,1,1,0,1,0,0,1.6,False,False,False,0,True,False
feat_tl_post_01093,tl_post_01093,camp_camp_0182,train,HIGH,102,16,3,0.0,0.0882,0.049,0,0,0,1,1,0,hi,2,Devanagari,False,False,1.0,1,1,1,0,0.95,False,False,False,False,True,0,0,1,0,1,True,1,0,1.0,1,1,1.0,0,0,0,0,-1.0,False,0,1,0,0,0.0,1.0,0.0,0.0,0.0,True,False,0.0,0,False,False,-1.0,0,0,0,False,1,1,True,1,1,True,-1.0,False,0,5,4,1,1,1,1,0,1,0,0,1.6,False,False,False,0,True,False
feat_tl_post_01094,tl_post_01094,camp_camp_0182,train,HIGH,121,18,3,0.0337,0.0744,0.0413,0,0,0,1,1,0,ta-en,3,Latin,True,True,1.0,1,1,1,0,0.95,False,False,True,False,False,0,0,1,0,1,True,1,0,1.0,1,1,1.0,0,0,0,0,-1.0,False,0,1,0,0,0.0,1.0,0.0,0.0,0.0,True,False,0.0,0,False,False,-1.0,0,0,0,False,1,1,True,1,1,True,-1.0,False,0,5,4,1,1,1,1,0,1,0,0,1.6,False,False,True,0,True,True
feat_tl_post_01095,tl_post_01095,camp_camp_0182,train,HIGH,118,19,1,0.1034,0.0678,0.0339,0,0,0,1,0,0,hi-en,4,Latin,True,True,1.0,1,1,1,0,0.95,False,False,False,False,False,0,0,1,0,1,True,1,0,1.0,1,1,1.0,0,0,0,0,-1.0,False,0,1,0,0,0.0,1.0,0.0,0.0,0.0,True,False,0.0,0,False,False,-1.0,0,0,0,False,1,1,True,1,1,True,-1.0,False,0,5,4,1,1,1,1,0,1,0,0,1.6,False,False,False,0,True,False
feat_tl_post_01096,tl_post_01096,camp_camp_0182,train,HIGH,132,20,3,0.1471,0.0455,0.0379,0,0,0,0,0,0,en,0,Latin,False,False,1.0,1,1,1,0,0.95,False,False,False,True,False,0,1,1,1,1,True,1,0,1.0,1,1,1.0,0,0,0,0,-1.0,False,0,1,0,0,0.0,1.0,0.0,0.0,0.0,True,False,0.0,0,False,False,-1.0,0,0,0,False,1,1,True,1,1,True,-1.0,False,0,5,4,1,1,1,1,0,1,0,0,1.6,False,False,False,0,False,True
feat_tl_post_01097,tl_post_01097,camp_camp_0182,train,HIGH,131,12,3,0.0,0.0916,0.0229,0,1,0,0,0,0,ta,1,Tamil,False,False,1.0,1,1,1,0,0.95,False,False,False,False,False,0,0,1,0,1,True,1,0,1.0,1,1,1.0,0,0,0,0,-1.0,False,0,1,0,0,0.0,1.0,0.0,0.0,0.0,True,False,0.0,0,False,False,-1.0,0,0,0,False,1,1,True,1,1,True,-1.0,False,0,5,4,1,1,1,1,0,1,0,0,1.6,False,False,False,0,False,False
feat_tl_post_01098,tl_post_01098,camp_camp_0182,train,HIGH,119,20,2,0.0,0.0924,0.0504,0,0,0,1,0,0,hi,2,Devanagari,False,False,1.0,1,1,1,0,0.95,False,False,False,False,False,0,0,1,0,1,True,1,0,1.0,1,1,1.0,0,0,0,0,-1.0,False,0,1,0,0,0.0,1.0,0.0,0.0,0.0,True,False,0.0,0,False,False,-1.0,0,0,0,False,1,1,True,1,1,True,-1.0,False,0,5,4,1,1,1,1,0,1,0,0,1.6,False,False,False,0,True,False
feat_tl_post_01099,tl_post_01099,trans_trans_group_0183,train,LOW,134,24,2,0.1604,0.0,0.0373,0,0,0,0,0,0,en,0,Latin,False,False,1.0,1,1,0,1,0.1,True,False,False,False,False,0,1,0,0,1,True,1,0,1.0,1,1,1.0,0,0,0,0,-1.0,False,1,0,0,0,1.0,0.0,0.0,0.0,1.0,False,True,0.0,0,False,False,-1.0,0,0,0,False,1,1,True,1,1,True,-1.0,False,0,5,4,1,1,1,1,1,0,0,0,1.6,False,False,False,1,False,False
feat_tl_post_01100,tl_post_01100,trans_trans_group_0183,train,INSUFFICIENT,74,12,2,0.0656,0.0,0.027,0,0,0,0,0,0,hi-en,4,Latin,True,True,1.0,1,1,1,0,0.95,False,False,False,False,False,0,0,0,0,1,True,1,0,1.0,1,1,1.0,0,0,0,0,-1.0,False,0,0,0,1,0.0,0.0,0.0,1.0,0.0,False,False,0.0,0,False,False,-1.0,0,0,0,False,1,1,True,1,1,True,-1.0,False,0,5,4,1,1,1,1,0,0,0,1,1.6,False,False,False,0,False,False
feat_tl_post_01101,tl_post_01101,camp_camp_0183,train,HIGH,114,15,2,0.0361,0.0877,0.0526,0,0,0,1,0,0,en,0,Latin,False,False,1.0,1,1,1,0,0.95,True,False,False,False,False,1,0,1,1,1,True,1,0,1.0,1,1,1.0,0,0,0,0,-1.0,False,0,1,0,0,0.0,1.0,0.0,0.0,0.0,True,False,0.0,0,False,False,-1.0,0,0,0,False,1,1,True,1,1,True,-1.0,False,0,5,4,1,1,1,1,0,1,0,0,1.6,True,False,True,1,True,True
feat_tl_post_01102,tl_post_01102,camp_camp_0183,train,HIGH,118,15,4,0.0,0.1949,0.0424,0,1,0,3,0,0,ta,1,Tamil,False,False,1.0,1,1,1,0,0.95,False,True,False,False,False,0,0,1,0,1,True,1,0,1.0,1,1,1.0,0,0,0,0,-1.0,False,0,1,0,0,0.0,1.0,0.0,0.0,0.0,True,False,0.0,0,False,False,-1.0,0,0,0,False,1,1,True,1,1,True,-1.0,False,0,5,4,1,1,1,1,0,1,0,0,1.6,False,False,False,0,True,False
feat_tl_post_01103,tl_post_01103,camp_camp_0183,train,HIGH,102,16,3,0.0,0.0882,0.049,0,0,0,1,1,0,hi,2,Devanagari,False,False,1.0,1,1,1,0,0.95,False,False,False,False,True,0,0,1,0,1,True,1,0,1.0,1,1,1.0,0,0,0,0,-1.0,False,0,1,0,0,0.0,1.0,0.0,0.0,0.0,True,False,0.0,0,False,False,-1.0,0,0,0,False,1,1,True,1,1,True,-1.0,False,0,5,4,1,1,1,1,0,1,0,0,1.6,False,False,False,0,True,False
feat_tl_post_01104,tl_post_01104,camp_camp_0183,train,HIGH,121,18,3,0.0337,0.0744,0.0413,0,0,0,1,1,0,ta-en,3,Latin,True,True,1.0,1,1,1,0,0.95,False,False,True,False,False,0,0,1,0,1,True,1,0,1.0,1,1,1.0,0,0,0,0,-1.0,False,0,1,0,0,0.0,1.0,0.0,0.0,0.0,True,False,0.0,0,False,False,-1.0,0,0,0,False,1,1,True,1,1,True,-1.0,False,0,5,4,1,1,1,1,0,1,0,0,1.6,False,False,True,0,True,True
feat_tl_post_01105,tl_post_01105,camp_camp_0184,train,HIGH,118,19,1,0.1034,0.0678,0.0339,0,0,0,1,0,0,hi-en,4,Latin,True,True,1.0,1,1,1,0,0.95,False,False,False,False,False,0,0,1,0,1,True,1,0,1.0,1,1,1.0,0,0,0,0,-1.0,False,0,1,0,0,0.0,1.0,0.0,0.0,0.0,True,False,0.0,0,False,False,-1.0,0,0,0,False,1,1,True,1,1,True,-1.0,False,0,5,4,1,1,1,1,0,1,0,0,1.6,False,False,False,0,True,False
feat_tl_post_01106,tl_post_01106,camp_camp_0184,train,HIGH,132,20,3,0.1471,0.0455,0.0379,0,0,0,0,0,0,en,0,Latin,False,False,1.0,1,1,1,0,0.95,False,False,False,True,False,0,1,1,1,1,True,1,0,1.0,1,1,1.0,0,0,0,0,-1.0,False,0,1,0,0,0.0,1.0,0.0,0.0,0.0,True,False,0.0,0,False,False,-1.0,0,0,0,False,1,1,True,1,1,True,-1.0,False,0,5,4,1,1,1,1,0,1,0,0,1.6,False,False,False,0,False,True
feat_tl_post_01107,tl_post_01107,camp_camp_0184,train,HIGH,131,12,3,0.0,0.0916,0.0229,0,1,0,0,0,0,ta,1,Tamil,False,False,1.0,1,1,1,0,0.95,False,False,False,False,False,0,0,1,0,1,True,1,0,1.0,1,1,1.0,0,0,0,0,-1.0,False,0,1,0,0,0.0,1.0,0.0,0.0,0.0,True,False,0.0,0,False,False,-1.0,0,0,0,False,1,1,True,1,1,True,-1.0,False,0,5,4,1,1,1,1,0,1,0,0,1.6,False,False,False,0,False,False
feat_tl_post_01108,tl_post_01108,camp_camp_0184,train,HIGH,119,20,2,0.0,0.0924,0.0504,0,0,0,1,0,0,hi,2,Devanagari,False,False,1.0,1,1,1,0,0.95,False,False,False,False,False,0,0,1,0,1,True,1,0,1.0,1,1,1.0,0,0,0,0,-1.0,False,0,1,0,0,0.0,1.0,0.0,0.0,0.0,True,False,0.0,0,False,False,-1.0,0,0,0,False,1,1,True,1,1,True,-1.0,False,0,5,4,1,1,1,1,0,1,0,0,1.6,False,False,False,0,True,False
feat_tl_post_01109,tl_post_01109,trans_trans_group_0184,train,LOW,130,16,4,0.0455,0.0,0.0385,0,0,0,0,0,0,ta-en,3,Latin,True,True,1.0,1,1,0,1,0.1,True,False,False,False,False,0,0,0,0,1,True,1,0,1.0,1,1,1.0,0,0,0,0,-1.0,False,1,0,0,0,1.0,0.0,0.0,0.0,1.0,False,True,0.0,0,False,False,-1.0,0,0,0,False,1,1,True,1,1,True,-1.0,False,0,5,4,1,1,1,1,1,0,0,0,1.6,False,False,False,1,False,False
feat_tl_post_01110,tl_post_01110,trans_trans_group_0184,train,INSUFFICIENT,74,12,2,0.0656,0.0,0.027,0,0,0,0,0,0,hi-en,4,Latin,True,True,1.0,1,1,1,0,0.95,False,False,False,False,False,0,0,0,0,1,True,1,0,1.0,1,1,1.0,0,0,0,0,-1.0,False,0,0,0,1,0.0,0.0,0.0,1.0,0.0,False,False,0.0,0,False,False,-1.0,0,0,0,False,1,1,True,1,1,True,-1.0,False,0,5,4,1,1,1,1,0,0,0,1,1.6,False,False,False,0,False,False
feat_tl_post_01111,tl_post_01111,camp_camp_0185,train,HIGH,114,15,2,0.0361,0.0877,0.0526,0,0,0,1,0,0,en,0,Latin,False,False,1.0,1,1,1,0,0.95,True,False,False,False,False,1,0,1,1,1,True,1,0,1.0,1,1,1.0,0,0,0,0,-1.0,False,0,1,0,0,0.0,1.0,0.0,0.0,0.0,True,False,0.0,0,False,False,-1.0,0,0,0,False,1,1,True,1,1,True,-1.0,False,0,5,4,1,1,1,1,0,1,0,0,1.6,True,False,True,1,True,True
feat_tl_post_01112,tl_post_01112,camp_camp_0185,train,HIGH,118,15,4,0.0,0.1949,0.0424,0,1,0,3,0,0,ta,1,Tamil,False,False,1.0,1,1,1,0,0.95,False,True,False,False,False,0,0,1,0,1,True,1,0,1.0,1,1,1.0,0,0,0,0,-1.0,False,0,1,0,0,0.0,1.0,0.0,0.0,0.0,True,False,0.0,0,False,False,-1.0,0,0,0,False,1,1,True,1,1,True,-1.0,False,0,5,4,1,1,1,1,0,1,0,0,1.6,False,False,False,0,True,False
feat_tl_post_01113,tl_post_01113,camp_camp_0185,train,HIGH,102,16,3,0.0,0.0882,0.049,0,0,0,1,1,0,hi,2,Devanagari,False,False,1.0,1,1,1,0,0.95,False,False,False,False,True,0,0,1,0,1,True,1,0,1.0,1,1,1.0,0,0,0,0,-1.0,False,0,1,0,0,0.0,1.0,0.0,0.0,0.0,True,False,0.0,0,False,False,-1.0,0,0,0,False,1,1,True,1,1,True,-1.0,False,0,5,4,1,1,1,1,0,1,0,0,1.6,False,False,False,0,True,False
feat_tl_post_01114,tl_post_01114,camp_camp_0185,train,HIGH,121,18,3,0.0337,0.0744,0.0413,0,0,0,1,1,0,ta-en,3,Latin,True,True,1.0,1,1,1,0,0.95,False,False,True,False,False,0,0,1,0,1,True,1,0,1.0,1,1,1.0,0,0,0,0,-1.0,False,0,1,0,0,0.0,1.0,0.0,0.0,0.0,True,False,0.0,0,False,False,-1.0,0,0,0,False,1,1,True,1,1,True,-1.0,False,0,5,4,1,1,1,1,0,1,0,0,1.6,False,False,True,0,True,True
feat_tl_post_01115,tl_post_01115,camp_camp_0185,train,HIGH,118,19,1,0.1034,0.0678,0.0339,0,0,0,1,0,0,hi-en,4,Latin,True,True,1.0,1,1,1,0,0.95,False,False,False,False,False,0,0,1,0,1,True,1,0,1.0,1,1,1.0,0,0,0,0,-1.0,False,0,1,0,0,0.0,1.0,0.0,0.0,0.0,True,False,0.0,0,False,False,-1.0,0,0,0,False,1,1,True,1,1,True,-1.0,False,0,5,4,1,1,1,1,0,1,0,0,1.6,False,False,False,0,True,False
feat_tl_post_01116,tl_post_01116,camp_camp_0185,train,HIGH,132,20,3,0.1471,0.0455,0.0379,0,0,0,0,0,0,en,0,Latin,False,False,1.0,1,1,1,0,0.95,False,False,False,True,False,0,1,1,1,1,True,1,0,1.0,1,1,1.0,0,0,0,0,-1.0,False,0,1,0,0,0.0,1.0,0.0,0.0,0.0,True,False,0.0,0,False,False,-1.0,0,0,0,False,1,1,True,1,1,True,-1.0,False,0,5,4,1,1,1,1,0,1,0,0,1.6,False,False,False,0,False,True
feat_tl_post_01117,tl_post_01117,camp_camp_0186,train,HIGH,131,12,3,0.0,0.0916,0.0229,0,1,0,0,0,0,ta,1,Tamil,False,False,1.0,1,1,1,0,0.95,False,False,False,False,False,0,0,1,0,1,True,1,0,1.0,1,1,1.0,0,0,0,0,-1.0,False,0,1,0,0,0.0,1.0,0.0,0.0,0.0,True,False,0.0,0,False,False,-1.0,0,0,0,False,1,1,True,1,1,True,-1.0,False,0,5,4,1,1,1,1,0,1,0,0,1.6,False,False,False,0,False,False
feat_tl_post_01118,tl_post_01118,camp_camp_0186,train,HIGH,119,20,2,0.0,0.0924,0.0504,0,0,0,1,0,0,hi,2,Devanagari,False,False,1.0,1,1,1,0,0.95,False,False,False,False,False,0,0,1,0,1,True,1,0,1.0,1,1,1.0,0,0,0,0,-1.0,False,0,1,0,0,0.0,1.0,0.0,0.0,0.0,True,False,0.0,0,False,False,-1.0,0,0,0,False,1,1,True,1,1,True,-1.0,False,0,5,4,1,1,1,1,0,1,0,0,1.6,False,False,False,0,True,False
feat_tl_post_01119,tl_post_01119,trans_trans_group_0186,train,LOW,114,21,1,0.0,0.0,0.0088,0,0,0,0,0,0,hi,2,Devanagari,False,False,1.0,1,1,0,1,0.1,True,False,False,False,False,0,0,0,0,1,True,1,0,1.0,1,1,1.0,0,0,0,0,-1.0,False,1,0,0,0,1.0,0.0,0.0,0.0,1.0,False,True,0.0,0,False,False,-1.0,0,0,0,False,1,1,True,1,1,True,-1.0,False,0,5,4,1,1,1,1,1,0,0,0,1.6,False,False,False,1,False,False
feat_tl_post_01120,tl_post_01120,trans_trans_group_0186,train,INSUFFICIENT,74,12,2,0.0656,0.0,0.027,0,0,0,0,0,0,hi-en,4,Latin,True,True,1.0,1,1,1,0,0.95,False,False,False,False,False,0,0,0,0,1,True,1,0,1.0,1,1,1.0,0,0,0,0,-1.0,False,0,0,0,1,0.0,0.0,0.0,1.0,0.0,False,False,0.0,0,False,False,-1.0,0,0,0,False,1,1,True,1,1,True,-1.0,False,0,5,4,1,1,1,1,0,0,0,1,1.6,False,False,False,0,False,False
feat_tl_post_01121,tl_post_01121,camp_camp_0186,train,HIGH,114,15,2,0.0361,0.0877,0.0526,0,0,0,1,0,0,en,0,Latin,False,False,1.0,1,1,1,0,0.95,True,False,False,False,False,1,0,1,1,1,True,1,0,1.0,1,1,1.0,0,0,0,0,-1.0,False,0,1,0,0,0.0,1.0,0.0,0.0,0.0,True,False,0.0,0,False,False,-1.0,0,0,0,False,1,1,True,1,1,True,-1.0,False,0,5,4,1,1,1,1,0,1,0,0,1.6,True,False,True,1,True,True
feat_tl_post_01122,tl_post_01122,camp_camp_0186,train,HIGH,118,15,4,0.0,0.1949,0.0424,0,1,0,3,0,0,ta,1,Tamil,False,False,1.0,1,1,1,0,0.95,False,True,False,False,False,0,0,1,0,1,True,1,0,1.0,1,1,1.0,0,0,0,0,-1.0,False,0,1,0,0,0.0,1.0,0.0,0.0,0.0,True,False,0.0,0,False,False,-1.0,0,0,0,False,1,1,True,1,1,True,-1.0,False,0,5,4,1,1,1,1,0,1,0,0,1.6,False,False,False,0,True,False
feat_tl_post_01123,tl_post_01123,camp_camp_0187,train,HIGH,102,16,3,0.0,0.0882,0.049,0,0,0,1,1,0,hi,2,Devanagari,False,False,1.0,1,1,1,0,0.95,False,False,False,False,True,0,0,1,0,1,True,1,0,1.0,1,1,1.0,0,0,0,0,-1.0,False,0,1,0,0,0.0,1.0,0.0,0.0,0.0,True,False,0.0,0,False,False,-1.0,0,0,0,False,1,1,True,1,1,True,-1.0,False,0,5,4,1,1,1,1,0,1,0,0,1.6,False,False,False,0,True,False
feat_tl_post_01124,tl_post_01124,camp_camp_0187,train,HIGH,121,18,3,0.0337,0.0744,0.0413,0,0,0,1,1,0,ta-en,3,Latin,True,True,1.0,1,1,1,0,0.95,False,False,True,False,False,0,0,1,0,1,True,1,0,1.0,1,1,1.0,0,0,0,0,-1.0,False,0,1,0,0,0.0,1.0,0.0,0.0,0.0,True,False,0.0,0,False,False,-1.0,0,0,0,False,1,1,True,1,1,True,-1.0,False,0,5,4,1,1,1,1,0,1,0,0,1.6,False,False,True,0,True,True
feat_tl_post_01125,tl_post_01125,camp_camp_0187,train,HIGH,118,19,1,0.1034,0.0678,0.0339,0,0,0,1,0,0,hi-en,4,Latin,True,True,1.0,1,1,1,0,0.95,False,False,False,False,False,0,0,1,0,1,True,1,0,1.0,1,1,1.0,0,0,0,0,-1.0,False,0,1,0,0,0.0,1.0,0.0,0.0,0.0,True,False,0.0,0,False,False,-1.0,0,0,0,False,1,1,True,1,1,True,-1.0,False,0,5,4,1,1,1,1,0,1,0,0,1.6,False,False,False,0,True,False
feat_tl_post_01126,tl_post_01126,camp_camp_0187,train,HIGH,132,20,3,0.1471,0.0455,0.0379,0,0,0,0,0,0,en,0,Latin,False,False,1.0,1,1,1,0,0.95,False,False,False,True,False,0,1,1,1,1,True,1,0,1.0,1,1,1.0,0,0,0,0,-1.0,False,0,1,0,0,0.0,1.0,0.0,0.0,0.0,True,False,0.0,0,False,False,-1.0,0,0,0,False,1,1,True,1,1,True,-1.0,False,0,5,4,1,1,1,1,0,1,0,0,1.6,False,False,False,0,False,True
feat_tl_post_01127,tl_post_01127,camp_camp_0187,train,HIGH,131,12,3,0.0,0.0916,0.0229,0,1,0,0,0,0,ta,1,Tamil,False,False,1.0,1,1,1,0,0.95,False,False,False,False,False,0,0,1,0,1,True,1,0,1.0,1,1,1.0,0,0,0,0,-1.0,False,0,1,0,0,0.0,1.0,0.0,0.0,0.0,True,False,0.0,0,False,False,-1.0,0,0,0,False,1,1,True,1,1,True,-1.0,False,0,5,4,1,1,1,1,0,1,0,0,1.6,False,False,False,0,False,False
feat_tl_post_01128,tl_post_01128,camp_camp_0187,train,HIGH,119,20,2,0.0,0.0924,0.0504,0,0,0,1,0,0,hi,2,Devanagari,False,False,1.0,1,1,1,0,0.95,False,False,False,False,False,0,0,1,0,1,True,1,0,1.0,1,1,1.0,0,0,0,0,-1.0,False,0,1,0,0,0.0,1.0,0.0,0.0,0.0,True,False,0.0,0,False,False,-1.0,0,0,0,False,1,1,True,1,1,True,-1.0,False,0,5,4,1,1,1,1,0,1,0,0,1.6,False,False,False,0,True,False
feat_tl_post_01129,tl_post_01129,trans_trans_group_0188,train,LOW,134,24,2,0.1604,0.0,0.0373,0,0,0,0,0,0,en,0,Latin,False,False,1.0,1,1,0,1,0.1,True,False,False,False,False,0,1,0,0,1,True,1,0,1.0,1,1,1.0,0,0,0,0,-1.0,False,1,0,0,0,1.0,0.0,0.0,0.0,1.0,False,True,0.0,0,False,False,-1.0,0,0,0,False,1,1,True,1,1,True,-1.0,False,0,5,4,1,1,1,1,1,0,0,0,1.6,False,False,False,1,False,False
feat_tl_post_01130,tl_post_01130,trans_trans_group_0188,train,INSUFFICIENT,74,12,2,0.0656,0.0,0.027,0,0,0,0,0,0,hi-en,4,Latin,True,True,1.0,1,1,1,0,0.95,False,False,False,False,False,0,0,0,0,1,True,1,0,1.0,1,1,1.0,0,0,0,0,-1.0,False,0,0,0,1,0.0,0.0,0.0,1.0,0.0,False,False,0.0,0,False,False,-1.0,0,0,0,False,1,1,True,1,1,True,-1.0,False,0,5,4,1,1,1,1,0,0,0,1,1.6,False,False,False,0,False,False
feat_tl_post_01131,tl_post_01131,camp_camp_0188,train,HIGH,114,15,2,0.0361,0.0877,0.0526,0,0,0,1,0,0,en,0,Latin,False,False,1.0,1,1,1,0,0.95,True,False,False,False,False,1,0,1,1,1,True,1,0,1.0,1,1,1.0,0,0,0,0,-1.0,False,0,1,0,0,0.0,1.0,0.0,0.0,0.0,True,False,0.0,0,False,False,-1.0,0,0,0,False,1,1,True,1,1,True,-1.0,False,0,5,4,1,1,1,1,0,1,0,0,1.6,True,False,True,1,True,True
feat_tl_post_01132,tl_post_01132,camp_camp_0188,train,HIGH,118,15,4,0.0,0.1949,0.0424,0,1,0,3,0,0,ta,1,Tamil,False,False,1.0,1,1,1,0,0.95,False,True,False,False,False,0,0,1,0,1,True,1,0,1.0,1,1,1.0,0,0,0,0,-1.0,False,0,1,0,0,0.0,1.0,0.0,0.0,0.0,True,False,0.0,0,False,False,-1.0,0,0,0,False,1,1,True,1,1,True,-1.0,False,0,5,4,1,1,1,1,0,1,0,0,1.6,False,False,False,0,True,False
feat_tl_post_01133,tl_post_01133,camp_camp_0188,train,HIGH,102,16,3,0.0,0.0882,0.049,0,0,0,1,1,0,hi,2,Devanagari,False,False,1.0,1,1,1,0,0.95,False,False,False,False,True,0,0,1,0,1,True,1,0,1.0,1,1,1.0,0,0,0,0,-1.0,False,0,1,0,0,0.0,1.0,0.0,0.0,0.0,True,False,0.0,0,False,False,-1.0,0,0,0,False,1,1,True,1,1,True,-1.0,False,0,5,4,1,1,1,1,0,1,0,0,1.6,False,False,False,0,True,False
feat_tl_post_01134,tl_post_01134,camp_camp_0188,train,HIGH,121,18,3,0.0337,0.0744,0.0413,0,0,0,1,1,0,ta-en,3,Latin,True,True,1.0,1,1,1,0,0.95,False,False,True,False,False,0,0,1,0,1,True,1,0,1.0,1,1,1.0,0,0,0,0,-1.0,False,0,1,0,0,0.0,1.0,0.0,0.0,0.0,True,False,0.0,0,False,False,-1.0,0,0,0,False,1,1,True,1,1,True,-1.0,False,0,5,4,1,1,1,1,0,1,0,0,1.6,False,False,True,0,True,True
feat_tl_post_01135,tl_post_01135,camp_camp_0189,train,HIGH,118,19,1,0.1034,0.0678,0.0339,0,0,0,1,0,0,hi-en,4,Latin,True,True,1.0,1,1,1,0,0.95,False,False,False,False,False,0,0,1,0,1,True,1,0,1.0,1,1,1.0,0,0,0,0,-1.0,False,0,1,0,0,0.0,1.0,0.0,0.0,0.0,True,False,0.0,0,False,False,-1.0,0,0,0,False,1,1,True,1,1,True,-1.0,False,0,5,4,1,1,1,1,0,1,0,0,1.6,False,False,False,0,True,False
feat_tl_post_01136,tl_post_01136,camp_camp_0189,train,HIGH,132,20,3,0.1471,0.0455,0.0379,0,0,0,0,0,0,en,0,Latin,False,False,1.0,1,1,1,0,0.95,False,False,False,True,False,0,1,1,1,1,True,1,0,1.0,1,1,1.0,0,0,0,0,-1.0,False,0,1,0,0,0.0,1.0,0.0,0.0,0.0,True,False,0.0,0,False,False,-1.0,0,0,0,False,1,1,True,1,1,True,-1.0,False,0,5,4,1,1,1,1,0,1,0,0,1.6,False,False,False,0,False,True
feat_tl_post_01137,tl_post_01137,camp_camp_0189,train,HIGH,131,12,3,0.0,0.0916,0.0229,0,1,0,0,0,0,ta,1,Tamil,False,False,1.0,1,1,1,0,0.95,False,False,False,False,False,0,0,1,0,1,True,1,0,1.0,1,1,1.0,0,0,0,0,-1.0,False,0,1,0,0,0.0,1.0,0.0,0.0,0.0,True,False,0.0,0,False,False,-1.0,0,0,0,False,1,1,True,1,1,True,-1.0,False,0,5,4,1,1,1,1,0,1,0,0,1.6,False,False,False,0,False,False
feat_tl_post_01138,tl_post_01138,camp_camp_0189,train,HIGH,119,20,2,0.0,0.0924,0.0504,0,0,0,1,0,0,hi,2,Devanagari,False,False,1.0,1,1,1,0,0.95,False,False,False,False,False,0,0,1,0,1,True,1,0,1.0,1,1,1.0,0,0,0,0,-1.0,False,0,1,0,0,0.0,1.0,0.0,0.0,0.0,True,False,0.0,0,False,False,-1.0,0,0,0,False,1,1,True,1,1,True,-1.0,False,0,5,4,1,1,1,1,0,1,0,0,1.6,False,False,False,0,True,False
feat_tl_post_01139,tl_post_01139,trans_trans_group_0189,train,LOW,130,16,4,0.0455,0.0,0.0385,0,0,0,0,0,0,ta-en,3,Latin,True,True,1.0,1,1,0,1,0.1,True,False,False,False,False,0,0,0,0,1,True,1,0,1.0,1,1,1.0,0,0,0,0,-1.0,False,1,0,0,0,1.0,0.0,0.0,0.0,1.0,False,True,0.0,0,False,False,-1.0,0,0,0,False,1,1,True,1,1,True,-1.0,False,0,5,4,1,1,1,1,1,0,0,0,1.6,False,False,False,1,False,False
feat_tl_post_01140,tl_post_01140,trans_trans_group_0189,train,INSUFFICIENT,74,12,2,0.0656,0.0,0.027,0,0,0,0,0,0,hi-en,4,Latin,True,True,1.0,1,1,1,0,0.95,False,False,False,False,False,0,0,0,0,1,True,1,0,1.0,1,1,1.0,0,0,0,0,-1.0,False,0,0,0,1,0.0,0.0,0.0,1.0,0.0,False,False,0.0,0,False,False,-1.0,0,0,0,False,1,1,True,1,1,True,-1.0,False,0,5,4,1,1,1,1,0,0,0,1,1.6,False,False,False,0,False,False
feat_tl_post_01141,tl_post_01141,camp_camp_0190,train,HIGH,114,15,2,0.0361,0.0877,0.0526,0,0,0,1,0,0,en,0,Latin,False,False,1.0,1,1,1,0,0.95,True,False,False,False,False,1,0,1,1,1,True,1,0,1.0,1,1,1.0,0,0,0,0,-1.0,False,0,1,0,0,0.0,1.0,0.0,0.0,0.0,True,False,0.0,0,False,False,-1.0,0,0,0,False,1,1,True,1,1,True,-1.0,False,0,5,4,1,1,1,1,0,1,0,0,1.6,True,False,True,1,True,True
feat_tl_post_01142,tl_post_01142,camp_camp_0190,train,HIGH,118,15,4,0.0,0.1949,0.0424,0,1,0,3,0,0,ta,1,Tamil,False,False,1.0,1,1,1,0,0.95,False,True,False,False,False,0,0,1,0,1,True,1,0,1.0,1,1,1.0,0,0,0,0,-1.0,False,0,1,0,0,0.0,1.0,0.0,0.0,0.0,True,False,0.0,0,False,False,-1.0,0,0,0,False,1,1,True,1,1,True,-1.0,False,0,5,4,1,1,1,1,0,1,0,0,1.6,False,False,False,0,True,False
feat_tl_post_01143,tl_post_01143,camp_camp_0190,train,HIGH,102,16,3,0.0,0.0882,0.049,0,0,0,1,1,0,hi,2,Devanagari,False,False,1.0,1,1,1,0,0.95,False,False,False,False,True,0,0,1,0,1,True,1,0,1.0,1,1,1.0,0,0,0,0,-1.0,False,0,1,0,0,0.0,1.0,0.0,0.0,0.0,True,False,0.0,0,False,False,-1.0,0,0,0,False,1,1,True,1,1,True,-1.0,False,0,5,4,1,1,1,1,0,1,0,0,1.6,False,False,False,0,True,False
feat_tl_post_01144,tl_post_01144,camp_camp_0190,train,HIGH,121,18,3,0.0337,0.0744,0.0413,0,0,0,1,1,0,ta-en,3,Latin,True,True,1.0,1,1,1,0,0.95,False,False,True,False,False,0,0,1,0,1,True,1,0,1.0,1,1,1.0,0,0,0,0,-1.0,False,0,1,0,0,0.0,1.0,0.0,0.0,0.0,True,False,0.0,0,False,False,-1.0,0,0,0,False,1,1,True,1,1,True,-1.0,False,0,5,4,1,1,1,1,0,1,0,0,1.6,False,False,True,0,True,True
feat_tl_post_01145,tl_post_01145,camp_camp_0190,train,HIGH,118,19,1,0.1034,0.0678,0.0339,0,0,0,1,0,0,hi-en,4,Latin,True,True,1.0,1,1,1,0,0.95,False,False,False,False,False,0,0,1,0,1,True,1,0,1.0,1,1,1.0,0,0,0,0,-1.0,False,0,1,0,0,0.0,1.0,0.0,0.0,0.0,True,False,0.0,0,False,False,-1.0,0,0,0,False,1,1,True,1,1,True,-1.0,False,0,5,4,1,1,1,1,0,1,0,0,1.6,False,False,False,0,True,False
feat_tl_post_01146,tl_post_01146,camp_camp_0190,train,HIGH,132,20,3,0.1471,0.0455,0.0379,0,0,0,0,0,0,en,0,Latin,False,False,1.0,1,1,1,0,0.95,False,False,False,True,False,0,1,1,1,1,True,1,0,1.0,1,1,1.0,0,0,0,0,-1.0,False,0,1,0,0,0.0,1.0,0.0,0.0,0.0,True,False,0.0,0,False,False,-1.0,0,0,0,False,1,1,True,1,1,True,-1.0,False,0,5,4,1,1,1,1,0,1,0,0,1.6,False,False,False,0,False,True
feat_tl_post_01147,tl_post_01147,camp_camp_0191,train,HIGH,131,12,3,0.0,0.0916,0.0229,0,1,0,0,0,0,ta,1,Tamil,False,False,1.0,1,1,1,0,0.95,False,False,False,False,False,0,0,1,0,1,True,1,0,1.0,1,1,1.0,0,0,0,0,-1.0,False,0,1,0,0,0.0,1.0,0.0,0.0,0.0,True,False,0.0,0,False,False,-1.0,0,0,0,False,1,1,True,1,1,True,-1.0,False,0,5,4,1,1,1,1,0,1,0,0,1.6,False,False,False,0,False,False
feat_tl_post_01148,tl_post_01148,camp_camp_0191,train,HIGH,119,20,2,0.0,0.0924,0.0504,0,0,0,1,0,0,hi,2,Devanagari,False,False,1.0,1,1,1,0,0.95,False,False,False,False,False,0,0,1,0,1,True,1,0,1.0,1,1,1.0,0,0,0,0,-1.0,False,0,1,0,0,0.0,1.0,0.0,0.0,0.0,True,False,0.0,0,False,False,-1.0,0,0,0,False,1,1,True,1,1,True,-1.0,False,0,5,4,1,1,1,1,0,1,0,0,1.6,False,False,False,0,True,False
feat_tl_post_01149,tl_post_01149,trans_trans_group_0191,train,LOW,114,21,1,0.0,0.0,0.0088,0,0,0,0,0,0,hi,2,Devanagari,False,False,1.0,1,1,0,1,0.1,True,False,False,False,False,0,0,0,0,1,True,1,0,1.0,1,1,1.0,0,0,0,0,-1.0,False,1,0,0,0,1.0,0.0,0.0,0.0,1.0,False,True,0.0,0,False,False,-1.0,0,0,0,False,1,1,True,1,1,True,-1.0,False,0,5,4,1,1,1,1,1,0,0,0,1.6,False,False,False,1,False,False
feat_tl_post_01150,tl_post_01150,trans_trans_group_0191,train,INSUFFICIENT,74,12,2,0.0656,0.0,0.027,0,0,0,0,0,0,hi-en,4,Latin,True,True,1.0,1,1,1,0,0.95,False,False,False,False,False,0,0,0,0,1,True,1,0,1.0,1,1,1.0,0,0,0,0,-1.0,False,0,0,0,1,0.0,0.0,0.0,1.0,0.0,False,False,0.0,0,False,False,-1.0,0,0,0,False,1,1,True,1,1,True,-1.0,False,0,5,4,1,1,1,1,0,0,0,1,1.6,False,False,False,0,False,False
feat_tl_post_01151,tl_post_01151,camp_camp_0191,train,HIGH,114,15,2,0.0361,0.0877,0.0526,0,0,0,1,0,0,en,0,Latin,False,False,1.0,1,1,1,0,0.95,True,False,False,False,False,1,0,1,1,1,True,1,0,1.0,1,1,1.0,0,0,0,0,-1.0,False,0,1,0,0,0.0,1.0,0.0,0.0,0.0,True,False,0.0,0,False,False,-1.0,0,0,0,False,1,1,True,1,1,True,-1.0,False,0,5,4,1,1,1,1,0,1,0,0,1.6,True,False,True,1,True,True
feat_tl_post_01152,tl_post_01152,camp_camp_0191,train,HIGH,118,15,4,0.0,0.1949,0.0424,0,1,0,3,0,0,ta,1,Tamil,False,False,1.0,1,1,1,0,0.95,False,True,False,False,False,0,0,1,0,1,True,1,0,1.0,1,1,1.0,0,0,0,0,-1.0,False,0,1,0,0,0.0,1.0,0.0,0.0,0.0,True,False,0.0,0,False,False,-1.0,0,0,0,False,1,1,True,1,1,True,-1.0,False,0,5,4,1,1,1,1,0,1,0,0,1.6,False,False,False,0,True,False
feat_tl_post_01153,tl_post_01153,camp_camp_0192,train,HIGH,102,16,3,0.0,0.0882,0.049,0,0,0,1,1,0,hi,2,Devanagari,False,False,1.0,1,1,1,0,0.95,False,False,False,False,True,0,0,1,0,1,True,1,0,1.0,1,1,1.0,0,0,0,0,-1.0,False,0,1,0,0,0.0,1.0,0.0,0.0,0.0,True,False,0.0,0,False,False,-1.0,0,0,0,False,1,1,True,1,1,True,-1.0,False,0,5,4,1,1,1,1,0,1,0,0,1.6,False,False,False,0,True,False
feat_tl_post_01154,tl_post_01154,camp_camp_0192,train,HIGH,121,18,3,0.0337,0.0744,0.0413,0,0,0,1,1,0,ta-en,3,Latin,True,True,1.0,1,1,1,0,0.95,False,False,True,False,False,0,0,1,0,1,True,1,0,1.0,1,1,1.0,0,0,0,0,-1.0,False,0,1,0,0,0.0,1.0,0.0,0.0,0.0,True,False,0.0,0,False,False,-1.0,0,0,0,False,1,1,True,1,1,True,-1.0,False,0,5,4,1,1,1,1,0,1,0,0,1.6,False,False,True,0,True,True
feat_tl_post_01155,tl_post_01155,camp_camp_0192,train,HIGH,118,19,1,0.1034,0.0678,0.0339,0,0,0,1,0,0,hi-en,4,Latin,True,True,1.0,1,1,1,0,0.95,False,False,False,False,False,0,0,1,0,1,True,1,0,1.0,1,1,1.0,0,0,0,0,-1.0,False,0,1,0,0,0.0,1.0,0.0,0.0,0.0,True,False,0.0,0,False,False,-1.0,0,0,0,False,1,1,True,1,1,True,-1.0,False,0,5,4,1,1,1,1,0,1,0,0,1.6,False,False,False,0,True,False
feat_tl_post_01156,tl_post_01156,camp_camp_0192,train,HIGH,132,20,3,0.1471,0.0455,0.0379,0,0,0,0,0,0,en,0,Latin,False,False,1.0,1,1,1,0,0.95,False,False,False,True,False,0,1,1,1,1,True,1,0,1.0,1,1,1.0,0,0,0,0,-1.0,False,0,1,0,0,0.0,1.0,0.0,0.0,0.0,True,False,0.0,0,False,False,-1.0,0,0,0,False,1,1,True,1,1,True,-1.0,False,0,5,4,1,1,1,1,0,1,0,0,1.6,False,False,False,0,False,True
feat_tl_post_01157,tl_post_01157,camp_camp_0192,train,HIGH,131,12,3,0.0,0.0916,0.0229,0,1,0,0,0,0,ta,1,Tamil,False,False,1.0,1,1,1,0,0.95,False,False,False,False,False,0,0,1,0,1,True,1,0,1.0,1,1,1.0,0,0,0,0,-1.0,False,0,1,0,0,0.0,1.0,0.0,0.0,0.0,True,False,0.0,0,False,False,-1.0,0,0,0,False,1,1,True,1,1,True,-1.0,False,0,5,4,1,1,1,1,0,1,0,0,1.6,False,False,False,0,False,False
feat_tl_post_01158,tl_post_01158,camp_camp_0192,train,HIGH,119,20,2,0.0,0.0924,0.0504,0,0,0,1,0,0,hi,2,Devanagari,False,False,1.0,1,1,1,0,0.95,False,False,False,False,False,0,0,1,0,1,True,1,0,1.0,1,1,1.0,0,0,0,0,-1.0,False,0,1,0,0,0.0,1.0,0.0,0.0,0.0,True,False,0.0,0,False,False,-1.0,0,0,0,False,1,1,True,1,1,True,-1.0,False,0,5,4,1,1,1,1,0,1,0,0,1.6,False,False,False,0,True,False
feat_tl_post_01159,tl_post_01159,trans_trans_group_0193,train,LOW,134,24,2,0.1604,0.0,0.0373,0,0,0,0,0,0,en,0,Latin,False,False,1.0,1,1,0,1,0.1,True,False,False,False,False,0,1,0,0,1,True,1,0,1.0,1,1,1.0,0,0,0,0,-1.0,False,1,0,0,0,1.0,0.0,0.0,0.0,1.0,False,True,0.0,0,False,False,-1.0,0,0,0,False,1,1,True,1,1,True,-1.0,False,0,5,4,1,1,1,1,1,0,0,0,1.6,False,False,False,1,False,False
feat_tl_post_01160,tl_post_01160,trans_trans_group_0193,train,INSUFFICIENT,74,12,2,0.0656,0.0,0.027,0,0,0,0,0,0,hi-en,4,Latin,True,True,1.0,1,1,1,0,0.95,False,False,False,False,False,0,0,0,0,1,True,1,0,1.0,1,1,1.0,0,0,0,0,-1.0,False,0,0,0,1,0.0,0.0,0.0,1.0,0.0,False,False,0.0,0,False,False,-1.0,0,0,0,False,1,1,True,1,1,True,-1.0,False,0,5,4,1,1,1,1,0,0,0,1,1.6,False,False,False,0,False,False
feat_tl_post_01161,tl_post_01161,camp_camp_0193,train,HIGH,114,15,2,0.0361,0.0877,0.0526,0,0,0,1,0,0,en,0,Latin,False,False,1.0,1,1,1,0,0.95,True,False,False,False,False,1,0,1,1,1,True,1,0,1.0,1,1,1.0,0,0,0,0,-1.0,False,0,1,0,0,0.0,1.0,0.0,0.0,0.0,True,False,0.0,0,False,False,-1.0,0,0,0,False,1,1,True,1,1,True,-1.0,False,0,5,4,1,1,1,1,0,1,0,0,1.6,True,False,True,1,True,True
feat_tl_post_01162,tl_post_01162,camp_camp_0193,train,HIGH,118,15,4,0.0,0.1949,0.0424,0,1,0,3,0,0,ta,1,Tamil,False,False,1.0,1,1,1,0,0.95,False,True,False,False,False,0,0,1,0,1,True,1,0,1.0,1,1,1.0,0,0,0,0,-1.0,False,0,1,0,0,0.0,1.0,0.0,0.0,0.0,True,False,0.0,0,False,False,-1.0,0,0,0,False,1,1,True,1,1,True,-1.0,False,0,5,4,1,1,1,1,0,1,0,0,1.6,False,False,False,0,True,False
feat_tl_post_01163,tl_post_01163,camp_camp_0193,train,HIGH,102,16,3,0.0,0.0882,0.049,0,0,0,1,1,0,hi,2,Devanagari,False,False,1.0,1,1,1,0,0.95,False,False,False,False,True,0,0,1,0,1,True,1,0,1.0,1,1,1.0,0,0,0,0,-1.0,False,0,1,0,0,0.0,1.0,0.0,0.0,0.0,True,False,0.0,0,False,False,-1.0,0,0,0,False,1,1,True,1,1,True,-1.0,False,0,5,4,1,1,1,1,0,1,0,0,1.6,False,False,False,0,True,False
feat_tl_post_01164,tl_post_01164,camp_camp_0193,train,HIGH,121,18,3,0.0337,0.0744,0.0413,0,0,0,1,1,0,ta-en,3,Latin,True,True,1.0,1,1,1,0,0.95,False,False,True,False,False,0,0,1,0,1,True,1,0,1.0,1,1,1.0,0,0,0,0,-1.0,False,0,1,0,0,0.0,1.0,0.0,0.0,0.0,True,False,0.0,0,False,False,-1.0,0,0,0,False,1,1,True,1,1,True,-1.0,False,0,5,4,1,1,1,1,0,1,0,0,1.6,False,False,True,0,True,True
feat_tl_post_01165,tl_post_01165,camp_camp_0194,train,HIGH,118,19,1,0.1034,0.0678,0.0339,0,0,0,1,0,0,hi-en,4,Latin,True,True,1.0,1,1,1,0,0.95,False,False,False,False,False,0,0,1,0,1,True,1,0,1.0,1,1,1.0,0,0,0,0,-1.0,False,0,1,0,0,0.0,1.0,0.0,0.0,0.0,True,False,0.0,0,False,False,-1.0,0,0,0,False,1,1,True,1,1,True,-1.0,False,0,5,4,1,1,1,1,0,1,0,0,1.6,False,False,False,0,True,False
feat_tl_post_01166,tl_post_01166,camp_camp_0194,train,HIGH,132,20,3,0.1471,0.0455,0.0379,0,0,0,0,0,0,en,0,Latin,False,False,1.0,1,1,1,0,0.95,False,False,False,True,False,0,1,1,1,1,True,1,0,1.0,1,1,1.0,0,0,0,0,-1.0,False,0,1,0,0,0.0,1.0,0.0,0.0,0.0,True,False,0.0,0,False,False,-1.0,0,0,0,False,1,1,True,1,1,True,-1.0,False,0,5,4,1,1,1,1,0,1,0,0,1.6,False,False,False,0,False,True
feat_tl_post_01167,tl_post_01167,camp_camp_0194,train,HIGH,131,12,3,0.0,0.0916,0.0229,0,1,0,0,0,0,ta,1,Tamil,False,False,1.0,1,1,1,0,0.95,False,False,False,False,False,0,0,1,0,1,True,1,0,1.0,1,1,1.0,0,0,0,0,-1.0,False,0,1,0,0,0.0,1.0,0.0,0.0,0.0,True,False,0.0,0,False,False,-1.0,0,0,0,False,1,1,True,1,1,True,-1.0,False,0,5,4,1,1,1,1,0,1,0,0,1.6,False,False,False,0,False,False
feat_tl_post_01168,tl_post_01168,camp_camp_0194,train,HIGH,119,20,2,0.0,0.0924,0.0504,0,0,0,1,0,0,hi,2,Devanagari,False,False,1.0,1,1,1,0,0.95,False,False,False,False,False,0,0,1,0,1,True,1,0,1.0,1,1,1.0,0,0,0,0,-1.0,False,0,1,0,0,0.0,1.0,0.0,0.0,0.0,True,False,0.0,0,False,False,-1.0,0,0,0,False,1,1,True,1,1,True,-1.0,False,0,5,4,1,1,1,1,0,1,0,0,1.6,False,False,False,0,True,False
feat_tl_post_01169,tl_post_01169,trans_trans_group_0194,train,LOW,130,16,4,0.0455,0.0,0.0385,0,0,0,0,0,0,ta-en,3,Latin,True,True,1.0,1,1,0,1,0.1,True,False,False,False,False,0,0,0,0,1,True,1,0,1.0,1,1,1.0,0,0,0,0,-1.0,False,1,0,0,0,1.0,0.0,0.0,0.0,1.0,False,True,0.0,0,False,False,-1.0,0,0,0,False,1,1,True,1,1,True,-1.0,False,0,5,4,1,1,1,1,1,0,0,0,1.6,False,False,False,1,False,False
feat_tl_post_01170,tl_post_01170,trans_trans_group_0194,train,INSUFFICIENT,74,12,2,0.0656,0.0,0.027,0,0,0,0,0,0,hi-en,4,Latin,True,True,1.0,1,1,1,0,0.95,False,False,False,False,False,0,0,0,0,1,True,1,0,1.0,1,1,1.0,0,0,0,0,-1.0,False,0,0,0,1,0.0,0.0,0.0,1.0,0.0,False,False,0.0,0,False,False,-1.0,0,0,0,False,1,1,True,1,1,True,-1.0,False,0,5,4,1,1,1,1,0,0,0,1,1.6,False,False,False,0,False,False
feat_tl_post_01171,tl_post_01171,camp_camp_0195,train,HIGH,114,15,2,0.0361,0.0877,0.0526,0,0,0,1,0,0,en,0,Latin,False,False,1.0,1,1,1,0,0.95,True,False,False,False,False,1,0,1,1,1,True,1,0,1.0,1,1,1.0,0,0,0,0,-1.0,False,0,1,0,0,0.0,1.0,0.0,0.0,0.0,True,False,0.0,0,False,False,-1.0,0,0,0,False,1,1,True,1,1,True,-1.0,False,0,5,4,1,1,1,1,0,1,0,0,1.6,True,False,True,1,True,True
feat_tl_post_01172,tl_post_01172,camp_camp_0195,train,HIGH,118,15,4,0.0,0.1949,0.0424,0,1,0,3,0,0,ta,1,Tamil,False,False,1.0,1,1,1,0,0.95,False,True,False,False,False,0,0,1,0,1,True,1,0,1.0,1,1,1.0,0,0,0,0,-1.0,False,0,1,0,0,0.0,1.0,0.0,0.0,0.0,True,False,0.0,0,False,False,-1.0,0,0,0,False,1,1,True,1,1,True,-1.0,False,0,5,4,1,1,1,1,0,1,0,0,1.6,False,False,False,0,True,False
feat_tl_post_01173,tl_post_01173,camp_camp_0195,train,HIGH,102,16,3,0.0,0.0882,0.049,0,0,0,1,1,0,hi,2,Devanagari,False,False,1.0,1,1,1,0,0.95,False,False,False,False,True,0,0,1,0,1,True,1,0,1.0,1,1,1.0,0,0,0,0,-1.0,False,0,1,0,0,0.0,1.0,0.0,0.0,0.0,True,False,0.0,0,False,False,-1.0,0,0,0,False,1,1,True,1,1,True,-1.0,False,0,5,4,1,1,1,1,0,1,0,0,1.6,False,False,False,0,True,False
feat_tl_post_01174,tl_post_01174,camp_camp_0195,train,HIGH,121,18,3,0.0337,0.0744,0.0413,0,0,0,1,1,0,ta-en,3,Latin,True,True,1.0,1,1,1,0,0.95,False,False,True,False,False,0,0,1,0,1,True,1,0,1.0,1,1,1.0,0,0,0,0,-1.0,False,0,1,0,0,0.0,1.0,0.0,0.0,0.0,True,False,0.0,0,False,False,-1.0,0,0,0,False,1,1,True,1,1,True,-1.0,False,0,5,4,1,1,1,1,0,1,0,0,1.6,False,False,True,0,True,True
feat_tl_post_01175,tl_post_01175,camp_camp_0195,train,HIGH,118,19,1,0.1034,0.0678,0.0339,0,0,0,1,0,0,hi-en,4,Latin,True,True,1.0,1,1,1,0,0.95,False,False,False,False,False,0,0,1,0,1,True,1,0,1.0,1,1,1.0,0,0,0,0,-1.0,False,0,1,0,0,0.0,1.0,0.0,0.0,0.0,True,False,0.0,0,False,False,-1.0,0,0,0,False,1,1,True,1,1,True,-1.0,False,0,5,4,1,1,1,1,0,1,0,0,1.6,False,False,False,0,True,False
feat_tl_post_01176,tl_post_01176,camp_camp_0195,train,HIGH,132,20,3,0.1471,0.0455,0.0379,0,0,0,0,0,0,en,0,Latin,False,False,1.0,1,1,1,0,0.95,False,False,False,True,False,0,1,1,1,1,True,1,0,1.0,1,1,1.0,0,0,0,0,-1.0,False,0,1,0,0,0.0,1.0,0.0,0.0,0.0,True,False,0.0,0,False,False,-1.0,0,0,0,False,1,1,True,1,1,True,-1.0,False,0,5,4,1,1,1,1,0,1,0,0,1.6,False,False,False,0,False,True
feat_tl_post_01177,tl_post_01177,camp_camp_0196,train,HIGH,131,12,3,0.0,0.0916,0.0229,0,1,0,0,0,0,ta,1,Tamil,False,False,1.0,1,1,1,0,0.95,False,False,False,False,False,0,0,1,0,1,True,1,0,1.0,1,1,1.0,0,0,0,0,-1.0,False,0,1,0,0,0.0,1.0,0.0,0.0,0.0,True,False,0.0,0,False,False,-1.0,0,0,0,False,1,1,True,1,1,True,-1.0,False,0,5,4,1,1,1,1,0,1,0,0,1.6,False,False,False,0,False,False
feat_tl_post_01178,tl_post_01178,camp_camp_0196,train,HIGH,119,20,2,0.0,0.0924,0.0504,0,0,0,1,0,0,hi,2,Devanagari,False,False,1.0,1,1,1,0,0.95,False,False,False,False,False,0,0,1,0,1,True,1,0,1.0,1,1,1.0,0,0,0,0,-1.0,False,0,1,0,0,0.0,1.0,0.0,0.0,0.0,True,False,0.0,0,False,False,-1.0,0,0,0,False,1,1,True,1,1,True,-1.0,False,0,5,4,1,1,1,1,0,1,0,0,1.6,False,False,False,0,True,False
feat_tl_post_01179,tl_post_01179,trans_trans_group_0196,train,LOW,114,21,1,0.0,0.0,0.0088,0,0,0,0,0,0,hi,2,Devanagari,False,False,1.0,1,1,0,1,0.1,True,False,False,False,False,0,0,0,0,1,True,1,0,1.0,1,1,1.0,0,0,0,0,-1.0,False,1,0,0,0,1.0,0.0,0.0,0.0,1.0,False,True,0.0,0,False,False,-1.0,0,0,0,False,1,1,True,1,1,True,-1.0,False,0,5,4,1,1,1,1,1,0,0,0,1.6,False,False,False,1,False,False
feat_tl_post_01180,tl_post_01180,trans_trans_group_0196,train,INSUFFICIENT,74,12,2,0.0656,0.0,0.027,0,0,0,0,0,0,hi-en,4,Latin,True,True,1.0,1,1,1,0,0.95,False,False,False,False,False,0,0,0,0,1,True,1,0,1.0,1,1,1.0,0,0,0,0,-1.0,False,0,0,0,1,0.0,0.0,0.0,1.0,0.0,False,False,0.0,0,False,False,-1.0,0,0,0,False,1,1,True,1,1,True,-1.0,False,0,5,4,1,1,1,1,0,0,0,1,1.6,False,False,False,0,False,False
feat_tl_post_01181,tl_post_01181,camp_camp_0196,train,HIGH,114,15,2,0.0361,0.0877,0.0526,0,0,0,1,0,0,en,0,Latin,False,False,1.0,1,1,1,0,0.95,True,False,False,False,False,1,0,1,1,1,True,1,0,1.0,1,1,1.0,0,0,0,0,-1.0,False,0,1,0,0,0.0,1.0,0.0,0.0,0.0,True,False,0.0,0,False,False,-1.0,0,0,0,False,1,1,True,1,1,True,-1.0,False,0,5,4,1,1,1,1,0,1,0,0,1.6,True,False,True,1,True,True
feat_tl_post_01182,tl_post_01182,camp_camp_0196,train,HIGH,118,15,4,0.0,0.1949,0.0424,0,1,0,3,0,0,ta,1,Tamil,False,False,1.0,1,1,1,0,0.95,False,True,False,False,False,0,0,1,0,1,True,1,0,1.0,1,1,1.0,0,0,0,0,-1.0,False,0,1,0,0,0.0,1.0,0.0,0.0,0.0,True,False,0.0,0,False,False,-1.0,0,0,0,False,1,1,True,1,1,True,-1.0,False,0,5,4,1,1,1,1,0,1,0,0,1.6,False,False,False,0,True,False
feat_tl_post_01183,tl_post_01183,camp_camp_0197,train,HIGH,102,16,3,0.0,0.0882,0.049,0,0,0,1,1,0,hi,2,Devanagari,False,False,1.0,1,1,1,0,0.95,False,False,False,False,True,0,0,1,0,1,True,1,0,1.0,1,1,1.0,0,0,0,0,-1.0,False,0,1,0,0,0.0,1.0,0.0,0.0,0.0,True,False,0.0,0,False,False,-1.0,0,0,0,False,1,1,True,1,1,True,-1.0,False,0,5,4,1,1,1,1,0,1,0,0,1.6,False,False,False,0,True,False
feat_tl_post_01184,tl_post_01184,camp_camp_0197,train,HIGH,121,18,3,0.0337,0.0744,0.0413,0,0,0,1,1,0,ta-en,3,Latin,True,True,1.0,1,1,1,0,0.95,False,False,True,False,False,0,0,1,0,1,True,1,0,1.0,1,1,1.0,0,0,0,0,-1.0,False,0,1,0,0,0.0,1.0,0.0,0.0,0.0,True,False,0.0,0,False,False,-1.0,0,0,0,False,1,1,True,1,1,True,-1.0,False,0,5,4,1,1,1,1,0,1,0,0,1.6,False,False,True,0,True,True
feat_tl_post_01185,tl_post_01185,camp_camp_0197,train,HIGH,118,19,1,0.1034,0.0678,0.0339,0,0,0,1,0,0,hi-en,4,Latin,True,True,1.0,1,1,1,0,0.95,False,False,False,False,False,0,0,1,0,1,True,1,0,1.0,1,1,1.0,0,0,0,0,-1.0,False,0,1,0,0,0.0,1.0,0.0,0.0,0.0,True,False,0.0,0,False,False,-1.0,0,0,0,False,1,1,True,1,1,True,-1.0,False,0,5,4,1,1,1,1,0,1,0,0,1.6,False,False,False,0,True,False
feat_tl_post_01186,tl_post_01186,camp_camp_0197,train,HIGH,132,20,3,0.1471,0.0455,0.0379,0,0,0,0,0,0,en,0,Latin,False,False,1.0,1,1,1,0,0.95,False,False,False,True,False,0,1,1,1,1,True,1,0,1.0,1,1,1.0,0,0,0,0,-1.0,False,0,1,0,0,0.0,1.0,0.0,0.0,0.0,True,False,0.0,0,False,False,-1.0,0,0,0,False,1,1,True,1,1,True,-1.0,False,0,5,4,1,1,1,1,0,1,0,0,1.6,False,False,False,0,False,True
feat_tl_post_01187,tl_post_01187,camp_camp_0197,train,HIGH,131,12,3,0.0,0.0916,0.0229,0,1,0,0,0,0,ta,1,Tamil,False,False,1.0,1,1,1,0,0.95,False,False,False,False,False,0,0,1,0,1,True,1,0,1.0,1,1,1.0,0,0,0,0,-1.0,False,0,1,0,0,0.0,1.0,0.0,0.0,0.0,True,False,0.0,0,False,False,-1.0,0,0,0,False,1,1,True,1,1,True,-1.0,False,0,5,4,1,1,1,1,0,1,0,0,1.6,False,False,False,0,False,False
feat_tl_post_01188,tl_post_01188,camp_camp_0197,train,HIGH,119,20,2,0.0,0.0924,0.0504,0,0,0,1,0,0,hi,2,Devanagari,False,False,1.0,1,1,1,0,0.95,False,False,False,False,False,0,0,1,0,1,True,1,0,1.0,1,1,1.0,0,0,0,0,-1.0,False,0,1,0,0,0.0,1.0,0.0,0.0,0.0,True,False,0.0,0,False,False,-1.0,0,0,0,False,1,1,True,1,1,True,-1.0,False,0,5,4,1,1,1,1,0,1,0,0,1.6,False,False,False,0,True,False
feat_tl_post_01189,tl_post_01189,trans_trans_group_0198,train,LOW,134,24,2,0.1604,0.0,0.0373,0,0,0,0,0,0,en,0,Latin,False,False,1.0,1,1,0,1,0.1,True,False,False,False,False,0,1,0,0,1,True,1,0,1.0,1,1,1.0,0,0,0,0,-1.0,False,1,0,0,0,1.0,0.0,0.0,0.0,1.0,False,True,0.0,0,False,False,-1.0,0,0,0,False,1,1,True,1,1,True,-1.0,False,0,5,4,1,1,1,1,1,0,0,0,1.6,False,False,False,1,False,False
feat_tl_post_01190,tl_post_01190,trans_trans_group_0198,train,INSUFFICIENT,74,12,2,0.0656,0.0,0.027,0,0,0,0,0,0,hi-en,4,Latin,True,True,1.0,1,1,1,0,0.95,False,False,False,False,False,0,0,0,0,1,True,1,0,1.0,1,1,1.0,0,0,0,0,-1.0,False,0,0,0,1,0.0,0.0,0.0,1.0,0.0,False,False,0.0,0,False,False,-1.0,0,0,0,False,1,1,True,1,1,True,-1.0,False,0,5,4,1,1,1,1,0,0,0,1,1.6,False,False,False,0,False,False
feat_tl_post_01191,tl_post_01191,camp_camp_0198,train,HIGH,114,15,2,0.0361,0.0877,0.0526,0,0,0,1,0,0,en,0,Latin,False,False,1.0,1,1,1,0,0.95,True,False,False,False,False,1,0,1,1,1,True,1,0,1.0,1,1,1.0,0,0,0,0,-1.0,False,0,1,0,0,0.0,1.0,0.0,0.0,0.0,True,False,0.0,0,False,False,-1.0,0,0,0,False,1,1,True,1,1,True,-1.0,False,0,5,4,1,1,1,1,0,1,0,0,1.6,True,False,True,1,True,True
feat_tl_post_01192,tl_post_01192,camp_camp_0198,train,HIGH,118,15,4,0.0,0.1949,0.0424,0,1,0,3,0,0,ta,1,Tamil,False,False,1.0,1,1,1,0,0.95,False,True,False,False,False,0,0,1,0,1,True,1,0,1.0,1,1,1.0,0,0,0,0,-1.0,False,0,1,0,0,0.0,1.0,0.0,0.0,0.0,True,False,0.0,0,False,False,-1.0,0,0,0,False,1,1,True,1,1,True,-1.0,False,0,5,4,1,1,1,1,0,1,0,0,1.6,False,False,False,0,True,False
feat_tl_post_01193,tl_post_01193,camp_camp_0198,train,HIGH,102,16,3,0.0,0.0882,0.049,0,0,0,1,1,0,hi,2,Devanagari,False,False,1.0,1,1,1,0,0.95,False,False,False,False,True,0,0,1,0,1,True,1,0,1.0,1,1,1.0,0,0,0,0,-1.0,False,0,1,0,0,0.0,1.0,0.0,0.0,0.0,True,False,0.0,0,False,False,-1.0,0,0,0,False,1,1,True,1,1,True,-1.0,False,0,5,4,1,1,1,1,0,1,0,0,1.6,False,False,False,0,True,False
feat_tl_post_01194,tl_post_01194,camp_camp_0198,train,HIGH,121,18,3,0.0337,0.0744,0.0413,0,0,0,1,1,0,ta-en,3,Latin,True,True,1.0,1,1,1,0,0.95,False,False,True,False,False,0,0,1,0,1,True,1,0,1.0,1,1,1.0,0,0,0,0,-1.0,False,0,1,0,0,0.0,1.0,0.0,0.0,0.0,True,False,0.0,0,False,False,-1.0,0,0,0,False,1,1,True,1,1,True,-1.0,False,0,5,4,1,1,1,1,0,1,0,0,1.6,False,False,True,0,True,True
feat_tl_post_01195,tl_post_01195,camp_camp_0199,train,HIGH,118,19,1,0.1034,0.0678,0.0339,0,0,0,1,0,0,hi-en,4,Latin,True,True,1.0,1,1,1,0,0.95,False,False,False,False,False,0,0,1,0,1,True,1,0,1.0,1,1,1.0,0,0,0,0,-1.0,False,0,1,0,0,0.0,1.0,0.0,0.0,0.0,True,False,0.0,0,False,False,-1.0,0,0,0,False,1,1,True,1,1,True,-1.0,False,0,5,4,1,1,1,1,0,1,0,0,1.6,False,False,False,0,True,False
feat_tl_post_01196,tl_post_01196,camp_camp_0199,train,HIGH,132,20,3,0.1471,0.0455,0.0379,0,0,0,0,0,0,en,0,Latin,False,False,1.0,1,1,1,0,0.95,False,False,False,True,False,0,1,1,1,1,True,1,0,1.0,1,1,1.0,0,0,0,0,-1.0,False,0,1,0,0,0.0,1.0,0.0,0.0,0.0,True,False,0.0,0,False,False,-1.0,0,0,0,False,1,1,True,1,1,True,-1.0,False,0,5,4,1,1,1,1,0,1,0,0,1.6,False,False,False,0,False,True
feat_tl_post_01197,tl_post_01197,camp_camp_0199,train,HIGH,131,12,3,0.0,0.0916,0.0229,0,1,0,0,0,0,ta,1,Tamil,False,False,1.0,1,1,1,0,0.95,False,False,False,False,False,0,0,1,0,1,True,1,0,1.0,1,1,1.0,0,0,0,0,-1.0,False,0,1,0,0,0.0,1.0,0.0,0.0,0.0,True,False,0.0,0,False,False,-1.0,0,0,0,False,1,1,True,1,1,True,-1.0,False,0,5,4,1,1,1,1,0,1,0,0,1.6,False,False,False,0,False,False
feat_tl_post_01198,tl_post_01198,camp_camp_0199,train,HIGH,119,20,2,0.0,0.0924,0.0504,0,0,0,1,0,0,hi,2,Devanagari,False,False,1.0,1,1,1,0,0.95,False,False,False,False,False,0,0,1,0,1,True,1,0,1.0,1,1,1.0,0,0,0,0,-1.0,False,0,1,0,0,0.0,1.0,0.0,0.0,0.0,True,False,0.0,0,False,False,-1.0,0,0,0,False,1,1,True,1,1,True,-1.0,False,0,5,4,1,1,1,1,0,1,0,0,1.6,False,False,False,0,True,False
feat_tl_post_01199,tl_post_01199,trans_trans_group_0199,train,LOW,130,16,4,0.0455,0.0,0.0385,0,0,0,0,0,0,ta-en,3,Latin,True,True,1.0,1,1,0,1,0.1,True,False,False,False,False,0,0,0,0,1,True,1,0,1.0,1,1,1.0,0,0,0,0,-1.0,False,1,0,0,0,1.0,0.0,0.0,0.0,1.0,False,True,0.0,0,False,False,-1.0,0,0,0,False,1,1,True,1,1,True,-1.0,False,0,5,4,1,1,1,1,1,0,0,0,1.6,False,False,False,1,False,False
feat_tl_post_01200,tl_post_01200,trans_trans_group_0199,train,INSUFFICIENT,74,12,2,0.0656,0.0,0.027,0,0,0,0,0,0,hi-en,4,Latin,True,True,1.0,1,1,1,0,0.95,False,False,False,False,False,0,0,0,0,1,True,1,0,1.0,1,1,1.0,0,0,0,0,-1.0,False,0,0,0,1,0.0,0.0,0.0,1.0,0.0,False,False,0.0,0,False,False,-1.0,0,0,0,False,1,1,True,1,1,True,-1.0,False,0,5,4,1,1,1,1,0,0,0,1,1.6,False,False,False,0,False,False
feat_tl_post_00500_rem_18_0,tl_post_00500_rem_18_0,camp_rem_camp_0018,train,MEDIUM,123,19,3,0.0682,0.0976,0.0325,0,1,0,0,0,0,en,0,Latin,False,False,1.0,1,1,1,0,0.85,False,False,False,False,False,0,0,1,0,1,True,1,0,1.0,1,1,1.0,0,0,0,0,-1.0,False,0,0,1,0,0.0,0.0,1.0,0.0,0.0,False,False,0.0,0,False,False,-1.0,0,0,0,False,1,1,False,1,1,True,-1.0,False,0,5,4,1,1,1,1,0,0,1,0,1.6,False,True,False,0,False,False
feat_tl_post_00500_rem_18_1,tl_post_00500_rem_18_1,camp_rem_camp_0018,train,MEDIUM,121,15,3,0.0,0.0992,0.0331,0,1,0,0,0,0,ta,1,Tamil,False,False,1.0,1,1,1,0,0.85,False,False,False,False,False,0,0,1,0,1,True,1,0,1.0,1,1,1.0,0,0,0,0,-1.0,False,0,0,1,0,0.0,0.0,1.0,0.0,0.0,False,False,0.0,0,False,False,-1.0,0,0,0,False,1,1,False,1,1,True,-1.0,False,0,5,4,1,1,1,1,0,0,1,0,1.6,False,False,False,0,False,False
feat_tl_post_00500_rem_18_2,tl_post_00500_rem_18_2,camp_rem_camp_0018,train,MEDIUM,113,19,1,0.0,0.1062,0.0088,0,1,0,0,0,0,hi,2,Devanagari,False,False,1.0,1,1,1,0,0.85,False,False,False,False,False,0,0,1,0,1,True,1,0,1.0,1,1,1.0,0,0,0,0,-1.0,False,0,0,1,0,0.0,0.0,1.0,0.0,0.0,False,False,0.0,0,False,False,-1.0,0,0,0,False,1,1,False,1,1,True,-1.0,False,0,5,4,1,1,1,1,0,0,1,0,1.6,False,False,False,0,False,False
feat_tl_post_00500_rem_18_3,tl_post_00500_rem_18_3,camp_rem_camp_0018,train,MEDIUM,114,16,3,0.061,0.1053,0.0351,0,1,0,0,0,0,ta-en,3,Latin,True,True,1.0,1,1,1,0,0.85,False,False,False,False,False,0,0,1,0,1,True,1,0,1.0,1,1,1.0,0,0,0,0,-1.0,False,0,0,1,0,0.0,0.0,1.0,0.0,0.0,False,False,0.0,0,False,False,-1.0,0,0,0,False,1,1,False,1,1,True,-1.0,False,0,5,4,1,1,1,1,0,0,1,0,1.6,False,True,False,0,False,False
feat_tl_post_00500_rem_18_4,tl_post_00500_rem_18_4,camp_rem_camp_0018,train,MEDIUM,108,16,3,0.0658,0.1111,0.037,0,1,0,0,0,0,hi-en,4,Latin,True,True,1.0,1,1,1,0,0.85,False,False,False,False,False,0,0,1,0,1,True,1,0,1.0,1,1,1.0,0,0,0,0,-1.0,False,0,0,1,0,0.0,0.0,1.0,0.0,0.0,False,False,0.0,0,False,False,-1.0,0,0,0,False,1,1,False,1,1,True,-1.0,False,0,5,4,1,1,1,1,0,0,1,0,1.6,False,True,False,0,False,False
feat_tl_post_00500_rem_18_5,tl_post_00500_rem_18_5,camp_rem_camp_0018,train,MEDIUM,123,19,3,0.0682,0.0976,0.0325,0,1,0,0,0,0,en,0,Latin,False,False,1.0,1,1,1,0,0.85,False,False,False,False,False,0,0,1,0,1,True,1,0,1.0,1,1,1.0,0,0,0,0,-1.0,False,0,0,1,0,0.0,0.0,1.0,0.0,0.0,False,False,0.0,0,False,False,-1.0,0,0,0,False,1,1,False,1,1,True,-1.0,False,0,5,4,1,1,1,1,0,0,1,0,1.6,False,True,False,0,False,False
feat_tl_post_00500_rem_19_0,tl_post_00500_rem_19_0,camp_rem_camp_0019,train,MEDIUM,123,19,3,0.0682,0.0976,0.0325,0,1,0,0,0,0,en,0,Latin,False,False,1.0,1,1,1,0,0.85,False,False,False,False,False,0,0,1,0,1,True,1,0,1.0,1,1,1.0,0,0,0,0,-1.0,False,0,0,1,0,0.0,0.0,1.0,0.0,0.0,False,False,0.0,0,False,False,-1.0,0,0,0,False,1,1,False,1,1,True,-1.0,False,0,5,4,1,1,1,1,0,0,1,0,1.6,False,True,False,0,False,False
feat_tl_post_00500_rem_19_1,tl_post_00500_rem_19_1,camp_rem_camp_0019,train,MEDIUM,121,15,3,0.0,0.0992,0.0331,0,1,0,0,0,0,ta,1,Tamil,False,False,1.0,1,1,1,0,0.85,False,False,False,False,False,0,0,1,0,1,True,1,0,1.0,1,1,1.0,0,0,0,0,-1.0,False,0,0,1,0,0.0,0.0,1.0,0.0,0.0,False,False,0.0,0,False,False,-1.0,0,0,0,False,1,1,False,1,1,True,-1.0,False,0,5,4,1,1,1,1,0,0,1,0,1.6,False,False,False,0,False,False
feat_tl_post_00500_rem_19_2,tl_post_00500_rem_19_2,camp_rem_camp_0019,train,MEDIUM,113,19,1,0.0,0.1062,0.0088,0,1,0,0,0,0,hi,2,Devanagari,False,False,1.0,1,1,1,0,0.85,False,False,False,False,False,0,0,1,0,1,True,1,0,1.0,1,1,1.0,0,0,0,0,-1.0,False,0,0,1,0,0.0,0.0,1.0,0.0,0.0,False,False,0.0,0,False,False,-1.0,0,0,0,False,1,1,False,1,1,True,-1.0,False,0,5,4,1,1,1,1,0,0,1,0,1.6,False,False,False,0,False,False
feat_tl_post_00500_rem_19_3,tl_post_00500_rem_19_3,camp_rem_camp_0019,train,MEDIUM,114,16,3,0.061,0.1053,0.0351,0,1,0,0,0,0,ta-en,3,Latin,True,True,1.0,1,1,1,0,0.85,False,False,False,False,False,0,0,1,0,1,True,1,0,1.0,1,1,1.0,0,0,0,0,-1.0,False,0,0,1,0,0.0,0.0,1.0,0.0,0.0,False,False,0.0,0,False,False,-1.0,0,0,0,False,1,1,False,1,1,True,-1.0,False,0,5,4,1,1,1,1,0,0,1,0,1.6,False,True,False,0,False,False
feat_tl_post_00500_rem_19_4,tl_post_00500_rem_19_4,camp_rem_camp_0019,train,MEDIUM,108,16,3,0.0658,0.1111,0.037,0,1,0,0,0,0,hi-en,4,Latin,True,True,1.0,1,1,1,0,0.85,False,False,False,False,False,0,0,1,0,1,True,1,0,1.0,1,1,1.0,0,0,0,0,-1.0,False,0,0,1,0,0.0,0.0,1.0,0.0,0.0,False,False,0.0,0,False,False,-1.0,0,0,0,False,1,1,False,1,1,True,-1.0,False,0,5,4,1,1,1,1,0,0,1,0,1.6,False,True,False,0,False,False
feat_tl_post_00500_rem_19_5,tl_post_00500_rem_19_5,camp_rem_camp_0019,train,MEDIUM,123,19,3,0.0682,0.0976,0.0325,0,1,0,0,0,0,en,0,Latin,False,False,1.0,1,1,1,0,0.85,False,False,False,False,False,0,0,1,0,1,True,1,0,1.0,1,1,1.0,0,0,0,0,-1.0,False,0,0,1,0,0.0,0.0,1.0,0.0,0.0,False,False,0.0,0,False,False,-1.0,0,0,0,False,1,1,False,1,1,True,-1.0,False,0,5,4,1,1,1,1,0,0,1,0,1.6,False,True,False,0,False,False
feat_tl_post_00500_rem_20_0,tl_post_00500_rem_20_0,camp_rem_camp_0020,train,MEDIUM,134,18,4,0.0737,0.1045,0.0448,0,1,0,1,0,0,en,0,Latin,False,False,1.0,1,1,1,0,0.85,False,False,False,False,False,0,0,1,1,1,True,1,0,1.0,1,1,1.0,0,0,0,0,-1.0,False,0,0,1,0,0.0,0.0,1.0,0.0,0.0,False,False,0.0,0,False,False,-1.0,0,0,0,False,1,1,False,1,1,True,-1.0,False,0,5,4,1,1,1,1,0,0,1,0,1.6,False,True,False,0,True,True
feat_tl_post_00500_rem_20_1,tl_post_00500_rem_20_1,camp_rem_camp_0020,train,MEDIUM,126,14,3,0.0,0.1111,0.0317,0,1,0,1,0,0,ta,1,Tamil,False,False,1.0,1,1,1,0,0.85,False,False,False,False,False,0,0,1,0,1,True,1,0,1.0,1,1,1.0,0,0,0,0,-1.0,False,0,0,1,0,0.0,0.0,1.0,0.0,0.0,False,False,0.0,0,False,False,-1.0,0,0,0,False,1,1,False,1,1,True,-1.0,False,0,5,4,1,1,1,1,0,0,1,0,1.6,False,False,False,0,True,False
feat_tl_post_00500_rem_20_2,tl_post_00500_rem_20_2,camp_rem_camp_0020,train,MEDIUM,105,18,1,0.0,0.1333,0.0095,0,1,0,1,0,0,hi,2,Devanagari,False,False,1.0,1,1,1,0,0.85,False,False,False,False,False,0,0,1,0,1,True,1,0,1.0,1,1,1.0,0,0,0,0,-1.0,False,0,0,1,0,0.0,0.0,1.0,0.0,0.0,False,False,0.0,0,False,False,-1.0,0,0,0,False,1,1,False,1,1,True,-1.0,False,0,5,4,1,1,1,1,0,0,1,0,1.6,False,False,False,0,True,False
feat_tl_post_00500_rem_20_3,tl_post_00500_rem_20_3,camp_rem_camp_0020,train,MEDIUM,119,17,4,0.0732,0.1176,0.042,0,1,0,1,0,0,ta-en,3,Latin,True,True,1.0,1,1,1,0,0.85,False,False,False,False,False,1,0,1,1,1,True,1,0,1.0,1,1,1.0,0,0,0,0,-1.0,False,0,0,1,0,0.0,0.0,1.0,0.0,0.0,False,False,0.0,0,False,False,-1.0,0,0,0,False,1,1,False,1,1,True,-1.0,False,0,5,4,1,1,1,1,0,0,1,0,1.6,False,False,False,0,True,True
feat_tl_post_00500_rem_20_4,tl_post_00500_rem_20_4,camp_rem_camp_0020,train,MEDIUM,134,19,4,0.0421,0.1045,0.0373,0,1,0,1,0,0,hi-en,4,Latin,True,True,1.0,1,1,1,0,0.85,False,False,False,False,False,0,0,1,1,1,True,1,0,1.0,1,1,1.0,0,0,0,0,-1.0,False,0,0,1,0,0.0,0.0,1.0,0.0,0.0,False,False,0.0,0,False,False,-1.0,0,0,0,False,1,1,False,1,1,True,-1.0,False,0,5,4,1,1,1,1,0,0,1,0,1.6,False,False,False,0,True,True
feat_tl_post_00500_rem_20_5,tl_post_00500_rem_20_5,camp_rem_camp_0020,train,MEDIUM,134,18,4,0.0737,0.1045,0.0448,0,1,0,1,0,0,en,0,Latin,False,False,1.0,1,1,1,0,0.85,False,False,False,False,False,0,0,1,1,1,True,1,0,1.0,1,1,1.0,0,0,0,0,-1.0,False,0,0,1,0,0.0,0.0,1.0,0.0,0.0,False,False,0.0,0,False,False,-1.0,0,0,0,False,1,1,False,1,1,True,-1.0,False,0,5,4,1,1,1,1,0,0,1,0,1.6,False,True,False,0,True,True
feat_tl_post_00500_rem_21_0,tl_post_00500_rem_21_0,camp_rem_camp_0021,train,MEDIUM,134,18,4,0.0737,0.1045,0.0448,0,1,0,1,0,0,en,0,Latin,False,False,1.0,1,1,1,0,0.85,False,False,False,False,False,0,0,1,1,1,True,1,0,1.0,1,1,1.0,0,0,0,0,-1.0,False,0,0,1,0,0.0,0.0,1.0,0.0,0.0,False,False,0.0,0,False,False,-1.0,0,0,0,False,1,1,False,1,1,True,-1.0,False,0,5,4,1,1,1,1,0,0,1,0,1.6,False,True,False,0,True,True
feat_tl_post_00500_rem_21_1,tl_post_00500_rem_21_1,camp_rem_camp_0021,train,MEDIUM,126,14,3,0.0,0.1111,0.0317,0,1,0,1,0,0,ta,1,Tamil,False,False,1.0,1,1,1,0,0.85,False,False,False,False,False,0,0,1,0,1,True,1,0,1.0,1,1,1.0,0,0,0,0,-1.0,False,0,0,1,0,0.0,0.0,1.0,0.0,0.0,False,False,0.0,0,False,False,-1.0,0,0,0,False,1,1,False,1,1,True,-1.0,False,0,5,4,1,1,1,1,0,0,1,0,1.6,False,False,False,0,True,False
feat_tl_post_00500_rem_21_2,tl_post_00500_rem_21_2,camp_rem_camp_0021,train,MEDIUM,105,18,1,0.0,0.1333,0.0095,0,1,0,1,0,0,hi,2,Devanagari,False,False,1.0,1,1,1,0,0.85,False,False,False,False,False,0,0,1,0,1,True,1,0,1.0,1,1,1.0,0,0,0,0,-1.0,False,0,0,1,0,0.0,0.0,1.0,0.0,0.0,False,False,0.0,0,False,False,-1.0,0,0,0,False,1,1,False,1,1,True,-1.0,False,0,5,4,1,1,1,1,0,0,1,0,1.6,False,False,False,0,True,False
feat_tl_post_00500_rem_21_3,tl_post_00500_rem_21_3,camp_rem_camp_0021,train,MEDIUM,119,17,4,0.0732,0.1176,0.042,0,1,0,1,0,0,ta-en,3,Latin,True,True,1.0,1,1,1,0,0.85,False,False,False,False,False,1,0,1,1,1,True,1,0,1.0,1,1,1.0,0,0,0,0,-1.0,False,0,0,1,0,0.0,0.0,1.0,0.0,0.0,False,False,0.0,0,False,False,-1.0,0,0,0,False,1,1,False,1,1,True,-1.0,False,0,5,4,1,1,1,1,0,0,1,0,1.6,False,False,False,0,True,True
feat_tl_post_00500_rem_21_4,tl_post_00500_rem_21_4,camp_rem_camp_0021,train,MEDIUM,134,19,4,0.0421,0.1045,0.0373,0,1,0,1,0,0,hi-en,4,Latin,True,True,1.0,1,1,1,0,0.85,False,False,False,False,False,0,0,1,1,1,True,1,0,1.0,1,1,1.0,0,0,0,0,-1.0,False,0,0,1,0,0.0,0.0,1.0,0.0,0.0,False,False,0.0,0,False,False,-1.0,0,0,0,False,1,1,False,1,1,True,-1.0,False,0,5,4,1,1,1,1,0,0,1,0,1.6,False,False,False,0,True,True
feat_tl_post_00500_rem_21_5,tl_post_00500_rem_21_5,camp_rem_camp_0021,train,MEDIUM,134,18,4,0.0737,0.1045,0.0448,0,1,0,1,0,0,en,0,Latin,False,False,1.0,1,1,1,0,0.85,False,False,False,False,False,0,0,1,1,1,True,1,0,1.0,1,1,1.0,0,0,0,0,-1.0,False,0,0,1,0,0.0,0.0,1.0,0.0,0.0,False,False,0.0,0,False,False,-1.0,0,0,0,False,1,1,False,1,1,True,-1.0,False,0,5,4,1,1,1,1,0,0,1,0,1.6,False,True,False,0,True,True
feat_tl_post_00500_rem_22_0,tl_post_00500_rem_22_0,camp_rem_camp_0022,train,MEDIUM,129,20,2,0.044,0.1085,0.031,0,1,0,0,0,0,en,0,Latin,False,False,1.0,1,1,1,0,0.85,False,False,False,False,False,0,0,1,0,1,True,1,0,1.0,1,1,1.0,0,0,0,0,-1.0,False,0,0,1,0,0.0,0.0,1.0,0.0,0.0,False,False,0.0,0,False,False,-1.0,0,0,0,False,1,1,False,1,1,True,-1.0,False,0,5,4,1,1,1,1,0,0,1,0,1.6,False,False,False,0,False,True
feat_tl_post_00500_rem_22_1,tl_post_00500_rem_22_1,camp_rem_camp_0022,train,MEDIUM,144,16,2,0.0,0.0972,0.0278,0,1,0,0,0,0,ta,1,Tamil,False,False,1.0,1,1,1,0,0.85,False,False,False,False,False,0,0,1,0,1,True,1,0,1.0,1,1,1.0,0,0,0,0,-1.0,False,0,0,1,0,0.0,0.0,1.0,0.0,0.0,False,False,0.0,0,False,False,-1.0,0,0,0,False,1,1,False,1,1,True,-1.0,False,0,5,4,1,1,1,1,0,0,1,0,1.6,False,False,False,0,False,False
feat_tl_post_00500_rem_22_2,tl_post_00500_rem_22_2,camp_rem_camp_0022,train,MEDIUM,123,24,1,0.0,0.1138,0.0163,0,1,0,0,0,0,hi,2,Devanagari,False,False,1.0,1,1,1,0,0.85,False,False,False,False,False,0,0,1,0,1,True,1,0,1.0,1,1,1.0,0,0,0,0,-1.0,False,0,0,1,0,0.0,0.0,1.0,0.0,0.0,False,False,0.0,0,False,False,-1.0,0,0,0,False,1,1,False,1,1,True,-1.0,False,0,5,4,1,1,1,1,0,0,1,0,1.6,False,False,False,0,False,False
feat_tl_post_00500_rem_22_3,tl_post_00500_rem_22_3,camp_rem_camp_0022,train,MEDIUM,103,15,2,0.0571,0.1359,0.0388,0,1,0,0,0,0,ta-en,3,Latin,True,True,1.0,1,1,1,0,0.85,False,False,False,False,False,0,0,1,0,1,True,1,0,1.0,1,1,1.0,0,0,0,0,-1.0,False,0,0,1,0,0.0,0.0,1.0,0.0,0.0,False,False,0.0,0,False,False,-1.0,0,0,0,False,1,1,False,1,1,True,-1.0,False,0,5,4,1,1,1,1,0,0,1,0,1.6,False,False,False,0,False,False
feat_tl_post_00500_rem_22_4,tl_post_00500_rem_22_4,camp_rem_camp_0022,train,MEDIUM,109,17,2,0.0541,0.1284,0.0367,0,1,0,0,0,0,hi-en,4,Latin,True,True,1.0,1,1,1,0,0.85,False,False,False,False,False,0,0,1,0,1,True,1,0,1.0,1,1,1.0,0,0,0,0,-1.0,False,0,0,1,0,0.0,0.0,1.0,0.0,0.0,False,False,0.0,0,False,False,-1.0,0,0,0,False,1,1,False,1,1,True,-1.0,False,0,5,4,1,1,1,1,0,0,1,0,1.6,False,False,False,0,False,False
feat_tl_post_00500_rem_22_5,tl_post_00500_rem_22_5,camp_rem_camp_0022,train,MEDIUM,129,20,2,0.044,0.1085,0.031,0,1,0,0,0,0,en,0,Latin,False,False,1.0,1,1,1,0,0.85,False,False,False,False,False,0,0,1,0,1,True,1,0,1.0,1,1,1.0,0,0,0,0,-1.0,False,0,0,1,0,0.0,0.0,1.0,0.0,0.0,False,False,0.0,0,False,False,-1.0,0,0,0,False,1,1,False,1,1,True,-1.0,False,0,5,4,1,1,1,1,0,0,1,0,1.6,False,False,False,0,False,True
feat_tl_post_00500_rem_23_0,tl_post_00500_rem_23_0,camp_rem_camp_0023,train,MEDIUM,129,20,2,0.044,0.1085,0.031,0,1,0,0,0,0,en,0,Latin,False,False,1.0,1,1,1,0,0.85,False,False,False,False,False,0,0,1,0,1,True,1,0,1.0,1,1,1.0,0,0,0,0,-1.0,False,0,0,1,0,0.0,0.0,1.0,0.0,0.0,False,False,0.0,0,False,False,-1.0,0,0,0,False,1,1,False,1,1,True,-1.0,False,0,5,4,1,1,1,1,0,0,1,0,1.6,False,False,False,0,False,True
feat_tl_post_00500_rem_23_1,tl_post_00500_rem_23_1,camp_rem_camp_0023,train,MEDIUM,144,16,2,0.0,0.0972,0.0278,0,1,0,0,0,0,ta,1,Tamil,False,False,1.0,1,1,1,0,0.85,False,False,False,False,False,0,0,1,0,1,True,1,0,1.0,1,1,1.0,0,0,0,0,-1.0,False,0,0,1,0,0.0,0.0,1.0,0.0,0.0,False,False,0.0,0,False,False,-1.0,0,0,0,False,1,1,False,1,1,True,-1.0,False,0,5,4,1,1,1,1,0,0,1,0,1.6,False,False,False,0,False,False
feat_tl_post_00500_rem_23_2,tl_post_00500_rem_23_2,camp_rem_camp_0023,train,MEDIUM,123,24,1,0.0,0.1138,0.0163,0,1,0,0,0,0,hi,2,Devanagari,False,False,1.0,1,1,1,0,0.85,False,False,False,False,False,0,0,1,0,1,True,1,0,1.0,1,1,1.0,0,0,0,0,-1.0,False,0,0,1,0,0.0,0.0,1.0,0.0,0.0,False,False,0.0,0,False,False,-1.0,0,0,0,False,1,1,False,1,1,True,-1.0,False,0,5,4,1,1,1,1,0,0,1,0,1.6,False,False,False,0,False,False
feat_tl_post_00500_rem_23_3,tl_post_00500_rem_23_3,camp_rem_camp_0023,train,MEDIUM,103,15,2,0.0571,0.1359,0.0388,0,1,0,0,0,0,ta-en,3,Latin,True,True,1.0,1,1,1,0,0.85,False,False,False,False,False,0,0,1,0,1,True,1,0,1.0,1,1,1.0,0,0,0,0,-1.0,False,0,0,1,0,0.0,0.0,1.0,0.0,0.0,False,False,0.0,0,False,False,-1.0,0,0,0,False,1,1,False,1,1,True,-1.0,False,0,5,4,1,1,1,1,0,0,1,0,1.6,False,False,False,0,False,False
feat_tl_post_00500_rem_23_4,tl_post_00500_rem_23_4,camp_rem_camp_0023,train,MEDIUM,109,17,2,0.0541,0.1284,0.0367,0,1,0,0,0,0,hi-en,4,Latin,True,True,1.0,1,1,1,0,0.85,False,False,False,False,False,0,0,1,0,1,True,1,0,1.0,1,1,1.0,0,0,0,0,-1.0,False,0,0,1,0,0.0,0.0,1.0,0.0,0.0,False,False,0.0,0,False,False,-1.0,0,0,0,False,1,1,False,1,1,True,-1.0,False,0,5,4,1,1,1,1,0,0,1,0,1.6,False,False,False,0,False,False
feat_tl_post_00500_rem_23_5,tl_post_00500_rem_23_5,camp_rem_camp_0023,train,MEDIUM,129,20,2,0.044,0.1085,0.031,0,1,0,0,0,0,en,0,Latin,False,False,1.0,1,1,1,0,0.85,False,False,False,False,False,0,0,1,0,1,True,1,0,1.0,1,1,1.0,0,0,0,0,-1.0,False,0,0,1,0,0.0,0.0,1.0,0.0,0.0,False,False,0.0,0,False,False,-1.0,0,0,0,False,1,1,False,1,1,True,-1.0,False,0,5,4,1,1,1,1,0,0,1,0,1.6,False,False,False,0,False,True
feat_tl_post_00500_rem_24_0,tl_post_00500_rem_24_0,camp_rem_camp_0024,train,MEDIUM,138,17,3,0.0265,0.0217,0.0435,0,0,0,0,0,0,en,0,Latin,False,False,1.0,1,1,1,0,0.85,False,False,False,False,False,1,1,1,1,1,True,1,0,1.0,1,1,1.0,0,0,0,0,-1.0,False,0,0,1,0,0.0,0.0,1.0,0.0,0.0,False,False,0.0,0,False,False,-1.0,0,0,0,False,1,1,False,1,1,True,-1.0,False,0,5,4,1,1,1,1,0,0,1,0,1.6,False,False,False,0,False,True
feat_tl_post_00500_rem_24_1,tl_post_00500_rem_24_1,camp_rem_camp_0024,train,MEDIUM,116,10,2,0.0,0.0259,0.0431,0,0,0,0,0,0,ta,1,Tamil,False,False,1.0,1,1,1,0,0.85,False,False,False,False,False,0,0,1,0,1,True,1,0,1.0,1,1,1.0,0,0,0,0,-1.0,False,0,0,1,0,0.0,0.0,1.0,0.0,0.0,False,False,0.0,0,False,False,-1.0,0,0,0,False,1,1,False,1,1,True,-1.0,False,0,5,4,1,1,1,1,0,0,1,0,1.6,False,False,False,0,False,False
feat_tl_post_00500_rem_24_2,tl_post_00500_rem_24_2,camp_rem_camp_0024,train,MEDIUM,119,19,2,0.0,0.0252,0.0336,0,0,0,0,0,0,hi,2,Devanagari,False,False,1.0,1,1,1,0,0.85,False,False,False,False,False,0,0,1,0,1,True,1,0,1.0,1,1,1.0,0,0,0,0,-1.0,False,0,0,1,0,0.0,0.0,1.0,0.0,0.0,False,False,0.0,0,False,False,-1.0,0,0,0,False,1,1,False,1,1,True,-1.0,False,0,5,4,1,1,1,1,0,0,1,0,1.6,False,False,False,0,False,False
feat_tl_post_00500_rem_24_3,tl_post_00500_rem_24_3,camp_rem_camp_0024,train,MEDIUM,113,14,3,0.033,0.0265,0.0531,0,0,0,0,0,0,ta-en,3,Latin,True,True,1.0,1,1,1,0,0.85,False,False,False,False,False,1,1,1,0,1,True,1,0,1.0,1,1,1.0,0,0,0,0,-1.0,False,0,0,1,0,0.0,0.0,1.0,0.0,0.0,False,False,0.0,0,False,False,-1.0,0,0,0,False,1,1,False,1,1,True,-1.0,False,0,5,4,1,1,1,1,0,0,1,0,1.6,False,False,False,0,False,False
feat_tl_post_00500_rem_24_4,tl_post_00500_rem_24_4,camp_rem_camp_0024,train,MEDIUM,110,16,2,0.023,0.0273,0.0455,0,0,0,0,0,0,hi-en,4,Latin,True,True,1.0,1,1,1,0,0.85,False,False,False,False,False,0,0,1,1,1,True,1,0,1.0,1,1,1.0,0,0,0,0,-1.0,False,0,0,1,0,0.0,0.0,1.0,0.0,0.0,False,False,0.0,0,False,False,-1.0,0,0,0,False,1,1,False,1,1,True,-1.0,False,0,5,4,1,1,1,1,0,0,1,0,1.6,False,False,False,0,False,True
feat_tl_post_00500_rem_24_5,tl_post_00500_rem_24_5,camp_rem_camp_0024,train,MEDIUM,138,17,3,0.0265,0.0217,0.0435,0,0,0,0,0,0,en,0,Latin,False,False,1.0,1,1,1,0,0.85,False,False,False,False,False,1,1,1,1,1,True,1,0,1.0,1,1,1.0,0,0,0,0,-1.0,False,0,0,1,0,0.0,0.0,1.0,0.0,0.0,False,False,0.0,0,False,False,-1.0,0,0,0,False,1,1,False,1,1,True,-1.0,False,0,5,4,1,1,1,1,0,0,1,0,1.6,False,False,False,0,False,True
feat_tl_post_00500_rem_25_0,tl_post_00500_rem_25_0,camp_rem_camp_0025,train,MEDIUM,138,17,3,0.0265,0.0217,0.0435,0,0,0,0,0,0,en,0,Latin,False,False,1.0,1,1,1,0,0.85,False,False,False,False,False,1,1,1,1,1,True,1,0,1.0,1,1,1.0,0,0,0,0,-1.0,False,0,0,1,0,0.0,0.0,1.0,0.0,0.0,False,False,0.0,0,False,False,-1.0,0,0,0,False,1,1,False,1,1,True,-1.0,False,0,5,4,1,1,1,1,0,0,1,0,1.6,False,False,False,0,False,True
feat_tl_post_00500_rem_25_1,tl_post_00500_rem_25_1,camp_rem_camp_0025,train,MEDIUM,116,10,2,0.0,0.0259,0.0431,0,0,0,0,0,0,ta,1,Tamil,False,False,1.0,1,1,1,0,0.85,False,False,False,False,False,0,0,1,0,1,True,1,0,1.0,1,1,1.0,0,0,0,0,-1.0,False,0,0,1,0,0.0,0.0,1.0,0.0,0.0,False,False,0.0,0,False,False,-1.0,0,0,0,False,1,1,False,1,1,True,-1.0,False,0,5,4,1,1,1,1,0,0,1,0,1.6,False,False,False,0,False,False
feat_tl_post_00500_rem_25_2,tl_post_00500_rem_25_2,camp_rem_camp_0025,train,MEDIUM,119,19,2,0.0,0.0252,0.0336,0,0,0,0,0,0,hi,2,Devanagari,False,False,1.0,1,1,1,0,0.85,False,False,False,False,False,0,0,1,0,1,True,1,0,1.0,1,1,1.0,0,0,0,0,-1.0,False,0,0,1,0,0.0,0.0,1.0,0.0,0.0,False,False,0.0,0,False,False,-1.0,0,0,0,False,1,1,False,1,1,True,-1.0,False,0,5,4,1,1,1,1,0,0,1,0,1.6,False,False,False,0,False,False
feat_tl_post_00500_rem_25_3,tl_post_00500_rem_25_3,camp_rem_camp_0025,train,MEDIUM,113,14,3,0.033,0.0265,0.0531,0,0,0,0,0,0,ta-en,3,Latin,True,True,1.0,1,1,1,0,0.85,False,False,False,False,False,1,1,1,0,1,True,1,0,1.0,1,1,1.0,0,0,0,0,-1.0,False,0,0,1,0,0.0,0.0,1.0,0.0,0.0,False,False,0.0,0,False,False,-1.0,0,0,0,False,1,1,False,1,1,True,-1.0,False,0,5,4,1,1,1,1,0,0,1,0,1.6,False,False,False,0,False,False
feat_tl_post_00500_rem_25_4,tl_post_00500_rem_25_4,camp_rem_camp_0025,train,MEDIUM,110,16,2,0.023,0.0273,0.0455,0,0,0,0,0,0,hi-en,4,Latin,True,True,1.0,1,1,1,0,0.85,False,False,False,False,False,0,0,1,1,1,True,1,0,1.0,1,1,1.0,0,0,0,0,-1.0,False,0,0,1,0,0.0,0.0,1.0,0.0,0.0,False,False,0.0,0,False,False,-1.0,0,0,0,False,1,1,False,1,1,True,-1.0,False,0,5,4,1,1,1,1,0,0,1,0,1.6,False,False,False,0,False,True
feat_tl_post_00500_rem_25_5,tl_post_00500_rem_25_5,camp_rem_camp_0025,train,MEDIUM,138,17,3,0.0265,0.0217,0.0435,0,0,0,0,0,0,en,0,Latin,False,False,1.0,1,1,1,0,0.85,False,False,False,False,False,1,1,1,1,1,True,1,0,1.0,1,1,1.0,0,0,0,0,-1.0,False,0,0,1,0,0.0,0.0,1.0,0.0,0.0,False,False,0.0,0,False,False,-1.0,0,0,0,False,1,1,False,1,1,True,-1.0,False,0,5,4,1,1,1,1,0,0,1,0,1.6,False,False,False,0,False,True
feat_tl_post_00500_rem_26_0,tl_post_00500_rem_26_0,camp_rem_camp_0026,train,MEDIUM,132,17,2,0.0185,0.0227,0.0379,0,0,0,0,0,0,en,0,Latin,False,False,1.0,1,1,1,0,0.85,False,False,False,False,False,0,0,1,0,1,True,1,0,1.0,1,1,1.0,0,0,0,0,-1.0,False,0,0,1,0,0.0,0.0,1.0,0.0,0.0,False,False,0.0,0,False,False,-1.0,0,0,0,False,1,1,False,1,1,True,-1.0,False,0,5,4,1,1,1,1,0,0,1,0,1.6,False,False,True,0,False,False
feat_tl_post_00500_rem_26_1,tl_post_00500_rem_26_1,camp_rem_camp_0026,train,MEDIUM,118,13,2,0.0,0.0254,0.0424,0,0,0,0,0,0,ta,1,Tamil,False,False,1.0,1,1,1,0,0.85,False,False,False,False,False,0,0,1,0,1,True,1,0,1.0,1,1,1.0,0,0,0,0,-1.0,False,0,0,1,0,0.0,0.0,1.0,0.0,0.0,False,False,0.0,0,False,False,-1.0,0,0,0,False,1,1,False,1,1,True,-1.0,False,0,5,4,1,1,1,1,0,0,1,0,1.6,False,False,False,0,False,False
feat_tl_post_00500_rem_26_2,tl_post_00500_rem_26_2,camp_rem_camp_0026,train,MEDIUM,98,16,2,0.0,0.0306,0.0408,0,0,0,0,0,0,hi,2,Devanagari,False,False,1.0,1,1,1,0,0.85,False,False,False,False,False,0,0,1,0,1,True,1,0,1.0,1,1,1.0,0,0,0,0,-1.0,False,0,0,1,0,0.0,0.0,1.0,0.0,0.0,False,False,0.0,0,False,False,-1.0,0,0,0,False,1,1,False,1,1,True,-1.0,False,0,5,4,1,1,1,1,0,0,1,0,1.6,False,False,False,0,False,False
feat_tl_post_00500_rem_26_3,tl_post_00500_rem_26_3,camp_rem_camp_0026,train,MEDIUM,106,12,2,0.023,0.0283,0.0472,0,0,0,0,0,0,ta-en,3,Latin,True,True,1.0,1,1,1,0,0.85,False,False,False,False,False,0,0,1,0,1,True,1,0,1.0,1,1,1.0,0,0,0,0,-1.0,False,0,0,1,0,0.0,0.0,1.0,0.0,0.0,False,False,0.0,0,False,False,-1.0,0,0,0,False,1,1,False,1,1,True,-1.0,False,0,5,4,1,1,1,1,0,0,1,0,1.6,False,False,True,0,False,False
feat_tl_post_00500_rem_26_4,tl_post_00500_rem_26_4,camp_rem_camp_0026,train,MEDIUM,102,12,2,0.0241,0.0294,0.049,0,0,0,0,0,0,hi-en,4,Latin,True,True,1.0,1,1,1,0,0.85,False,False,False,False,False,0,0,1,0,1,True,1,0,1.0,1,1,1.0,0,0,0,0,-1.0,False,0,0,1,0,0.0,0.0,1.0,0.0,0.0,False,False,0.0,0,False,False,-1.0,0,0,0,False,1,1,False,1,1,True,-1.0,False,0,5,4,1,1,1,1,0,0,1,0,1.6,False,False,True,0,False,False
feat_tl_post_00500_rem_26_5,tl_post_00500_rem_26_5,camp_rem_camp_0026,train,MEDIUM,132,17,2,0.0185,0.0227,0.0379,0,0,0,0,0,0,en,0,Latin,False,False,1.0,1,1,1,0,0.85,False,False,False,False,False,0,0,1,0,1,True,1,0,1.0,1,1,1.0,0,0,0,0,-1.0,False,0,0,1,0,0.0,0.0,1.0,0.0,0.0,False,False,0.0,0,False,False,-1.0,0,0,0,False,1,1,False,1,1,True,-1.0,False,0,5,4,1,1,1,1,0,0,1,0,1.6,False,False,True,0,False,False
feat_tl_post_00500_rem_27_0,tl_post_00500_rem_27_0,camp_rem_camp_0027,train,MEDIUM,132,17,2,0.0185,0.0227,0.0379,0,0,0,0,0,0,en,0,Latin,False,False,1.0,1,1,1,0,0.85,False,False,False,False,False,0,0,1,0,1,True,1,0,1.0,1,1,1.0,0,0,0,0,-1.0,False,0,0,1,0,0.0,0.0,1.0,0.0,0.0,False,False,0.0,0,False,False,-1.0,0,0,0,False,1,1,False,1,1,True,-1.0,False,0,5,4,1,1,1,1,0,0,1,0,1.6,False,False,True,0,False,False
feat_tl_post_00500_rem_27_1,tl_post_00500_rem_27_1,camp_rem_camp_0027,train,MEDIUM,118,13,2,0.0,0.0254,0.0424,0,0,0,0,0,0,ta,1,Tamil,False,False,1.0,1,1,1,0,0.85,False,False,False,False,False,0,0,1,0,1,True,1,0,1.0,1,1,1.0,0,0,0,0,-1.0,False,0,0,1,0,0.0,0.0,1.0,0.0,0.0,False,False,0.0,0,False,False,-1.0,0,0,0,False,1,1,False,1,1,True,-1.0,False,0,5,4,1,1,1,1,0,0,1,0,1.6,False,False,False,0,False,False
feat_tl_post_00500_rem_27_2,tl_post_00500_rem_27_2,camp_rem_camp_0027,train,MEDIUM,98,16,2,0.0,0.0306,0.0408,0,0,0,0,0,0,hi,2,Devanagari,False,False,1.0,1,1,1,0,0.85,False,False,False,False,False,0,0,1,0,1,True,1,0,1.0,1,1,1.0,0,0,0,0,-1.0,False,0,0,1,0,0.0,0.0,1.0,0.0,0.0,False,False,0.0,0,False,False,-1.0,0,0,0,False,1,1,False,1,1,True,-1.0,False,0,5,4,1,1,1,1,0,0,1,0,1.6,False,False,False,0,False,False
feat_tl_post_00500_rem_27_3,tl_post_00500_rem_27_3,camp_rem_camp_0027,train,MEDIUM,106,12,2,0.023,0.0283,0.0472,0,0,0,0,0,0,ta-en,3,Latin,True,True,1.0,1,1,1,0,0.85,False,False,False,False,False,0,0,1,0,1,True,1,0,1.0,1,1,1.0,0,0,0,0,-1.0,False,0,0,1,0,0.0,0.0,1.0,0.0,0.0,False,False,0.0,0,False,False,-1.0,0,0,0,False,1,1,False,1,1,True,-1.0,False,0,5,4,1,1,1,1,0,0,1,0,1.6,False,False,True,0,False,False
feat_tl_post_00500_rem_27_4,tl_post_00500_rem_27_4,camp_rem_camp_0027,train,MEDIUM,102,12,2,0.0241,0.0294,0.049,0,0,0,0,0,0,hi-en,4,Latin,True,True,1.0,1,1,1,0,0.85,False,False,False,False,False,0,0,1,0,1,True,1,0,1.0,1,1,1.0,0,0,0,0,-1.0,False,0,0,1,0,0.0,0.0,1.0,0.0,0.0,False,False,0.0,0,False,False,-1.0,0,0,0,False,1,1,False,1,1,True,-1.0,False,0,5,4,1,1,1,1,0,0,1,0,1.6,False,False,True,0,False,False
feat_tl_post_00500_rem_27_5,tl_post_00500_rem_27_5,camp_rem_camp_0027,train,MEDIUM,132,17,2,0.0185,0.0227,0.0379,0,0,0,0,0,0,en,0,Latin,False,False,1.0,1,1,1,0,0.85,False,False,False,False,False,0,0,1,0,1,True,1,0,1.0,1,1,1.0,0,0,0,0,-1.0,False,0,0,1,0,0.0,0.0,1.0,0.0,0.0,False,False,0.0,0,False,False,-1.0,0,0,0,False,1,1,False,1,1,True,-1.0,False,0,5,4,1,1,1,1,0,0,1,0,1.6,False,False,True,0,False,False
feat_tl_post_00500_rem_28_0,tl_post_00500_rem_28_0,camp_rem_camp_0028,train,MEDIUM,144,20,2,0.0171,0.0208,0.0347,0,0,0,0,0,0,en,0,Latin,False,False,1.0,1,1,1,0,0.85,False,False,False,False,False,0,0,1,0,1,True,1,0,1.0,1,1,1.0,0,0,0,0,-1.0,False,0,0,1,0,0.0,0.0,1.0,0.0,0.0,False,False,0.0,0,False,False,-1.0,0,0,0,False,1,1,False,1,1,True,-1.0,False,0,5,4,1,1,1,1,0,0,1,0,1.6,False,False,False,0,False,False
feat_tl_post_00500_rem_28_1,tl_post_00500_rem_28_1,camp_rem_camp_0028,train,MEDIUM,130,13,2,0.0,0.0231,0.0385,0,0,0,0,0,0,ta,1,Tamil,False,False,1.0,1,1,1,0,0.85,False,False,False,False,False,0,0,1,0,1,True,1,0,1.0,1,1,1.0,0,0,0,0,-1.0,False,0,0,1,0,0.0,0.0,1.0,0.0,0.0,False,False,0.0,0,False,False,-1.0,0,0,0,False,1,1,False,1,1,True,-1.0,False,0,5,4,1,1,1,1,0,0,1,0,1.6,False,False,False,0,False,False
feat_tl_post_00500_rem_28_2,tl_post_00500_rem_28_2,camp_rem_camp_0028,train,MEDIUM,116,19,2,0.0,0.0259,0.0345,0,0,0,0,0,0,hi,2,Devanagari,False,False,1.0,1,1,1,0,0.85,False,False,False,False,False,0,0,1,0,1,True,1,0,1.0,1,1,1.0,0,0,0,0,-1.0,False,0,0,1,0,0.0,0.0,1.0,0.0,0.0,False,False,0.0,0,False,False,-1.0,0,0,0,False,1,1,False,1,1,True,-1.0,False,0,5,4,1,1,1,1,0,0,1,0,1.6,False,False,False,0,False,False
feat_tl_post_00500_rem_28_3,tl_post_00500_rem_28_3,camp_rem_camp_0028,train,MEDIUM,115,15,2,0.0215,0.0261,0.0435,0,0,0,0,0,0,ta-en,3,Latin,True,True,1.0,1,1,1,0,0.85,False,False,False,False,False,0,1,1,0,1,True,1,0,1.0,1,1,1.0,0,0,0,0,-1.0,False,0,0,1,0,0.0,0.0,1.0,0.0,0.0,False,False,0.0,0,False,False,-1.0,0,0,0,False,1,1,False,1,1,True,-1.0,False,0,5,4,1,1,1,1,0,0,1,0,1.6,False,False,False,0,False,False
feat_tl_post_00500_rem_28_4,tl_post_00500_rem_28_4,camp_rem_camp_0028,train,MEDIUM,111,15,2,0.0225,0.027,0.045,0,0,0,0,0,0,hi-en,4,Latin,True,True,1.0,1,1,1,0,0.85,False,False,False,False,False,0,0,1,0,1,True,1,0,1.0,1,1,1.0,0,0,0,0,-1.0,False,0,0,1,0,0.0,0.0,1.0,0.0,0.0,False,False,0.0,0,False,False,-1.0,0,0,0,False,1,1,False,1,1,True,-1.0,False,0,5,4,1,1,1,1,0,0,1,0,1.6,False,False,False,0,False,False
feat_tl_post_00500_rem_28_5,tl_post_00500_rem_28_5,camp_rem_camp_0028,train,MEDIUM,144,20,2,0.0171,0.0208,0.0347,0,0,0,0,0,0,en,0,Latin,False,False,1.0,1,1,1,0,0.85,False,False,False,False,False,0,0,1,0,1,True,1,0,1.0,1,1,1.0,0,0,0,0,-1.0,False,0,0,1,0,0.0,0.0,1.0,0.0,0.0,False,False,0.0,0,False,False,-1.0,0,0,0,False,1,1,False,1,1,True,-1.0,False,0,5,4,1,1,1,1,0,0,1,0,1.6,False,False,False,0,False,False
feat_tl_post_00500_rem_29_0,tl_post_00500_rem_29_0,camp_rem_camp_0029,train,MEDIUM,144,20,2,0.0171,0.0208,0.0347,0,0,0,0,0,0,en,0,Latin,False,False,1.0,1,1,1,0,0.85,False,False,False,False,False,0,0,1,0,1,True,1,0,1.0,1,1,1.0,0,0,0,0,-1.0,False,0,0,1,0,0.0,0.0,1.0,0.0,0.0,False,False,0.0,0,False,False,-1.0,0,0,0,False,1,1,False,1,1,True,-1.0,False,0,5,4,1,1,1,1,0,0,1,0,1.6,False,False,False,0,False,False
feat_tl_post_00500_rem_29_1,tl_post_00500_rem_29_1,camp_rem_camp_0029,train,MEDIUM,130,13,2,0.0,0.0231,0.0385,0,0,0,0,0,0,ta,1,Tamil,False,False,1.0,1,1,1,0,0.85,False,False,False,False,False,0,0,1,0,1,True,1,0,1.0,1,1,1.0,0,0,0,0,-1.0,False,0,0,1,0,0.0,0.0,1.0,0.0,0.0,False,False,0.0,0,False,False,-1.0,0,0,0,False,1,1,False,1,1,True,-1.0,False,0,5,4,1,1,1,1,0,0,1,0,1.6,False,False,False,0,False,False
feat_tl_post_00500_rem_29_2,tl_post_00500_rem_29_2,camp_rem_camp_0029,train,MEDIUM,116,19,2,0.0,0.0259,0.0345,0,0,0,0,0,0,hi,2,Devanagari,False,False,1.0,1,1,1,0,0.85,False,False,False,False,False,0,0,1,0,1,True,1,0,1.0,1,1,1.0,0,0,0,0,-1.0,False,0,0,1,0,0.0,0.0,1.0,0.0,0.0,False,False,0.0,0,False,False,-1.0,0,0,0,False,1,1,False,1,1,True,-1.0,False,0,5,4,1,1,1,1,0,0,1,0,1.6,False,False,False,0,False,False
feat_tl_post_00500_rem_29_3,tl_post_00500_rem_29_3,camp_rem_camp_0029,train,MEDIUM,115,15,2,0.0215,0.0261,0.0435,0,0,0,0,0,0,ta-en,3,Latin,True,True,1.0,1,1,1,0,0.85,False,False,False,False,False,0,1,1,0,1,True,1,0,1.0,1,1,1.0,0,0,0,0,-1.0,False,0,0,1,0,0.0,0.0,1.0,0.0,0.0,False,False,0.0,0,False,False,-1.0,0,0,0,False,1,1,False,1,1,True,-1.0,False,0,5,4,1,1,1,1,0,0,1,0,1.6,False,False,False,0,False,False
feat_tl_post_00500_rem_29_4,tl_post_00500_rem_29_4,camp_rem_camp_0029,train,MEDIUM,111,15,2,0.0225,0.027,0.045,0,0,0,0,0,0,hi-en,4,Latin,True,True,1.0,1,1,1,0,0.85,False,False,False,False,False,0,0,1,0,1,True,1,0,1.0,1,1,1.0,0,0,0,0,-1.0,False,0,0,1,0,0.0,0.0,1.0,0.0,0.0,False,False,0.0,0,False,False,-1.0,0,0,0,False,1,1,False,1,1,True,-1.0,False,0,5,4,1,1,1,1,0,0,1,0,1.6,False,False,False,0,False,False
feat_tl_post_00500_rem_29_5,tl_post_00500_rem_29_5,camp_rem_camp_0029,train,MEDIUM,144,20,2,0.0171,0.0208,0.0347,0,0,0,0,0,0,en,0,Latin,False,False,1.0,1,1,1,0,0.85,False,False,False,False,False,0,0,1,0,1,True,1,0,1.0,1,1,1.0,0,0,0,0,-1.0,False,0,0,1,0,0.0,0.0,1.0,0.0,0.0,False,False,0.0,0,False,False,-1.0,0,0,0,False,1,1,False,1,1,True,-1.0,False,0,5,4,1,1,1,1,0,0,1,0,1.6,False,False,False,0,False,False
feat_tl_post_00500_rem_30_0,tl_post_00500_rem_30_0,camp_rem_camp_0030,train,MEDIUM,123,14,2,0.0312,0.0813,0.0244,0,1,0,0,0,0,en,0,Latin,False,False,1.0,1,1,1,0,0.85,False,False,False,False,False,0,0,1,0,1,True,1,0,1.0,1,1,1.0,0,0,0,0,-1.0,False,0,0,1,0,0.0,0.0,1.0,0.0,0.0,False,False,0.0,0,False,False,-1.0,0,0,0,False,1,1,False,1,1,True,-1.0,False,0,5,4,1,1,1,1,0,0,1,0,1.6,False,False,True,0,False,False
feat_tl_post_00500_rem_30_1,tl_post_00500_rem_30_1,camp_rem_camp_0030,train,MEDIUM,85,10,1,0.0,0.1176,0.0353,0,1,0,0,0,0,ta,1,Tamil,False,False,1.0,1,1,1,0,0.85,False,False,False,False,False,0,0,1,0,1,True,1,0,1.0,1,1,1.0,0,0,0,0,-1.0,False,0,0,1,0,0.0,0.0,1.0,0.0,0.0,False,False,0.0,0,False,False,-1.0,0,0,0,False,1,1,False,1,1,True,-1.0,False,0,5,4,1,1,1,1,0,0,1,0,1.6,False,False,False,0,False,False
feat_tl_post_00500_rem_30_2,tl_post_00500_rem_30_2,camp_rem_camp_0030,train,MEDIUM,100,17,1,0.0,0.1,0.01,0,1,0,0,0,0,hi,2,Devanagari,False,False,1.0,1,1,1,0,0.85,False,False,False,False,False,0,0,1,0,1,True,1,0,1.0,1,1,1.0,0,0,0,0,-1.0,False,0,0,1,0,0.0,0.0,1.0,0.0,0.0,False,False,0.0,0,False,False,-1.0,0,0,0,False,1,1,False,1,1,True,-1.0,False,0,5,4,1,1,1,1,0,0,1,0,1.6,False,False,False,0,False,False
feat_tl_post_00500_rem_30_3,tl_post_00500_rem_30_3,camp_rem_camp_0030,train,MEDIUM,100,13,2,0.0267,0.1,0.02,0,1,0,0,0,0,ta-en,3,Latin,True,True,1.0,1,1,1,0,0.85,False,False,False,False,False,0,0,1,0,1,True,1,0,1.0,1,1,1.0,0,0,0,0,-1.0,False,0,0,1,0,0.0,0.0,1.0,0.0,0.0,False,False,0.0,0,False,False,-1.0,0,0,0,False,1,1,False,1,1,True,-1.0,False,0,5,4,1,1,1,1,0,0,1,0,1.6,False,False,False,0,False,False
feat_tl_post_00500_rem_30_4,tl_post_00500_rem_30_4,camp_rem_camp_0030,train,MEDIUM,98,14,1,0.0278,0.102,0.0204,0,1,0,0,0,0,hi-en,4,Latin,True,True,1.0,1,1,1,0,0.85,False,False,False,False,False,0,0,1,0,1,True,1,0,1.0,1,1,1.0,0,0,0,0,-1.0,False,0,0,1,0,0.0,0.0,1.0,0.0,0.0,False,False,0.0,0,False,False,-1.0,0,0,0,False,1,1,False,1,1,True,-1.0,False,0,5,4,1,1,1,1,0,0,1,0,1.6,False,False,False,0,False,False
feat_tl_post_00500_rem_30_5,tl_post_00500_rem_30_5,camp_rem_camp_0030,train,MEDIUM,123,14,2,0.0312,0.0813,0.0244,0,1,0,0,0,0,en,0,Latin,False,False,1.0,1,1,1,0,0.85,False,False,False,False,False,0,0,1,0,1,True,1,0,1.0,1,1,1.0,0,0,0,0,-1.0,False,0,0,1,0,0.0,0.0,1.0,0.0,0.0,False,False,0.0,0,False,False,-1.0,0,0,0,False,1,1,False,1,1,True,-1.0,False,0,5,4,1,1,1,1,0,0,1,0,1.6,False,False,True,0,False,False
feat_tl_post_00500_rem_31_0,tl_post_00500_rem_31_0,camp_rem_camp_0031,train,MEDIUM,123,14,2,0.0312,0.0813,0.0244,0,1,0,0,0,0,en,0,Latin,False,False,1.0,1,1,1,0,0.85,False,False,False,False,False,0,0,1,0,1,True,1,0,1.0,1,1,1.0,0,0,0,0,-1.0,False,0,0,1,0,0.0,0.0,1.0,0.0,0.0,False,False,0.0,0,False,False,-1.0,0,0,0,False,1,1,False,1,1,True,-1.0,False,0,5,4,1,1,1,1,0,0,1,0,1.6,False,False,True,0,False,False
feat_tl_post_00500_rem_31_1,tl_post_00500_rem_31_1,camp_rem_camp_0031,train,MEDIUM,85,10,1,0.0,0.1176,0.0353,0,1,0,0,0,0,ta,1,Tamil,False,False,1.0,1,1,1,0,0.85,False,False,False,False,False,0,0,1,0,1,True,1,0,1.0,1,1,1.0,0,0,0,0,-1.0,False,0,0,1,0,0.0,0.0,1.0,0.0,0.0,False,False,0.0,0,False,False,-1.0,0,0,0,False,1,1,False,1,1,True,-1.0,False,0,5,4,1,1,1,1,0,0,1,0,1.6,False,False,False,0,False,False
feat_tl_post_00500_rem_31_2,tl_post_00500_rem_31_2,camp_rem_camp_0031,train,MEDIUM,100,17,1,0.0,0.1,0.01,0,1,0,0,0,0,hi,2,Devanagari,False,False,1.0,1,1,1,0,0.85,False,False,False,False,False,0,0,1,0,1,True,1,0,1.0,1,1,1.0,0,0,0,0,-1.0,False,0,0,1,0,0.0,0.0,1.0,0.0,0.0,False,False,0.0,0,False,False,-1.0,0,0,0,False,1,1,False,1,1,True,-1.0,False,0,5,4,1,1,1,1,0,0,1,0,1.6,False,False,False,0,False,False
feat_tl_post_00500_rem_31_3,tl_post_00500_rem_31_3,camp_rem_camp_0031,train,MEDIUM,100,13,2,0.0267,0.1,0.02,0,1,0,0,0,0,ta-en,3,Latin,True,True,1.0,1,1,1,0,0.85,False,False,False,False,False,0,0,1,0,1,True,1,0,1.0,1,1,1.0,0,0,0,0,-1.0,False,0,0,1,0,0.0,0.0,1.0,0.0,0.0,False,False,0.0,0,False,False,-1.0,0,0,0,False,1,1,False,1,1,True,-1.0,False,0,5,4,1,1,1,1,0,0,1,0,1.6,False,False,False,0,False,False
feat_tl_post_00500_rem_31_4,tl_post_00500_rem_31_4,camp_rem_camp_0031,train,MEDIUM,98,14,1,0.0278,0.102,0.0204,0,1,0,0,0,0,hi-en,4,Latin,True,True,1.0,1,1,1,0,0.85,False,False,False,False,False,0,0,1,0,1,True,1,0,1.0,1,1,1.0,0,0,0,0,-1.0,False,0,0,1,0,0.0,0.0,1.0,0.0,0.0,False,False,0.0,0,False,False,-1.0,0,0,0,False,1,1,False,1,1,True,-1.0,False,0,5,4,1,1,1,1,0,0,1,0,1.6,False,False,False,0,False,False
feat_tl_post_00500_rem_31_5,tl_post_00500_rem_31_5,camp_rem_camp_0031,train,MEDIUM,123,14,2,0.0312,0.0813,0.0244,0,1,0,0,0,0,en,0,Latin,False,False,1.0,1,1,1,0,0.85,False,False,False,False,False,0,0,1,0,1,True,1,0,1.0,1,1,1.0,0,0,0,0,-1.0,False,0,0,1,0,0.0,0.0,1.0,0.0,0.0,False,False,0.0,0,False,False,-1.0,0,0,0,False,1,1,False,1,1,True,-1.0,False,0,5,4,1,1,1,1,0,0,1,0,1.6,False,False,True,0,False,False
feat_tl_post_00500_rem_32_0,tl_post_00500_rem_32_0,camp_rem_camp_0032,train,MEDIUM,115,14,2,0.0213,0.0261,0.0435,0,0,0,0,0,0,en,0,Latin,False,False,1.0,1,1,1,0,0.85,False,False,False,False,False,0,0,1,0,1,True,1,0,1.0,1,1,1.0,0,0,0,0,-1.0,False,0,0,1,0,0.0,0.0,1.0,0.0,0.0,False,False,0.0,0,False,False,-1.0,0,0,0,False,1,1,False,1,1,True,-1.0,False,0,5,4,1,1,1,1,0,0,1,0,1.6,False,True,False,0,False,True
feat_tl_post_00500_rem_32_1,tl_post_00500_rem_32_1,camp_rem_camp_0032,train,MEDIUM,100,10,2,0.0,0.03,0.05,0,0,0,0,0,0,ta,1,Tamil,False,False,1.0,1,1,1,0,0.85,False,False,False,False,False,0,0,1,0,1,True,1,0,1.0,1,1,1.0,0,0,0,0,-1.0,False,0,0,1,0,0.0,0.0,1.0,0.0,0.0,False,False,0.0,0,False,False,-1.0,0,0,0,False,1,1,False,1,1,True,-1.0,False,0,5,4,1,1,1,1,0,0,1,0,1.6,False,False,False,0,False,False
feat_tl_post_00500_rem_32_2,tl_post_00500_rem_32_2,camp_rem_camp_0032,train,MEDIUM,118,15,2,0.0,0.0254,0.0339,0,0,0,0,0,0,hi,2,Devanagari,False,False,1.0,1,1,1,0,0.85,False,False,False,False,False,0,0,1,0,1,True,1,0,1.0,1,1,1.0,0,0,0,0,-1.0,False,0,0,1,0,0.0,0.0,1.0,0.0,0.0,False,False,0.0,0,False,False,-1.0,0,0,0,False,1,1,False,1,1,True,-1.0,False,0,5,4,1,1,1,1,0,0,1,0,1.6,False,False,False,0,False,False
feat_tl_post_00500_rem_32_3,tl_post_00500_rem_32_3,camp_rem_camp_0032,train,MEDIUM,108,12,3,0.0225,0.0278,0.0463,0,0,0,0,0,0,ta-en,3,Latin,True,True,1.0,1,1,1,0,0.85,False,False,False,False,False,0,0,1,0,1,True,1,0,1.0,1,1,1.0,0,0,0,0,-1.0,False,0,0,1,0,0.0,0.0,1.0,0.0,0.0,False,False,0.0,0,False,False,-1.0,0,0,0,False,1,1,False,1,1,True,-1.0,False,0,5,4,1,1,1,1,0,0,1,0,1.6,False,False,False,0,False,False
feat_tl_post_00500_rem_32_4,tl_post_00500_rem_32_4,camp_rem_camp_0032,train,MEDIUM,100,11,2,0.0244,0.03,0.05,0,0,0,0,0,0,hi-en,4,Latin,True,True,1.0,1,1,1,0,0.85,False,False,False,False,False,0,0,1,0,1,True,1,0,1.0,1,1,1.0,0,0,0,0,-1.0,False,0,0,1,0,0.0,0.0,1.0,0.0,0.0,False,False,0.0,0,False,False,-1.0,0,0,0,False,1,1,False,1,1,True,-1.0,False,0,5,4,1,1,1,1,0,0,1,0,1.6,False,False,False,0,False,False
feat_tl_post_00500_rem_32_5,tl_post_00500_rem_32_5,camp_rem_camp_0032,train,MEDIUM,115,14,2,0.0213,0.0261,0.0435,0,0,0,0,0,0,en,0,Latin,False,False,1.0,1,1,1,0,0.85,False,False,False,False,False,0,0,1,0,1,True,1,0,1.0,1,1,1.0,0,0,0,0,-1.0,False,0,0,1,0,0.0,0.0,1.0,0.0,0.0,False,False,0.0,0,False,False,-1.0,0,0,0,False,1,1,False,1,1,True,-1.0,False,0,5,4,1,1,1,1,0,0,1,0,1.6,False,True,False,0,False,True
feat_tl_post_00500_rem_33_0,tl_post_00500_rem_33_0,camp_rem_camp_0033,train,MEDIUM,115,14,2,0.0213,0.0261,0.0435,0,0,0,0,0,0,en,0,Latin,False,False,1.0,1,1,1,0,0.85,False,False,False,False,False,0,0,1,0,1,True,1,0,1.0,1,1,1.0,0,0,0,0,-1.0,False,0,0,1,0,0.0,0.0,1.0,0.0,0.0,False,False,0.0,0,False,False,-1.0,0,0,0,False,1,1,False,1,1,True,-1.0,False,0,5,4,1,1,1,1,0,0,1,0,1.6,False,True,False,0,False,True
feat_tl_post_00500_rem_33_1,tl_post_00500_rem_33_1,camp_rem_camp_0033,train,MEDIUM,100,10,2,0.0,0.03,0.05,0,0,0,0,0,0,ta,1,Tamil,False,False,1.0,1,1,1,0,0.85,False,False,False,False,False,0,0,1,0,1,True,1,0,1.0,1,1,1.0,0,0,0,0,-1.0,False,0,0,1,0,0.0,0.0,1.0,0.0,0.0,False,False,0.0,0,False,False,-1.0,0,0,0,False,1,1,False,1,1,True,-1.0,False,0,5,4,1,1,1,1,0,0,1,0,1.6,False,False,False,0,False,False
feat_tl_post_00500_rem_33_2,tl_post_00500_rem_33_2,camp_rem_camp_0033,train,MEDIUM,118,15,2,0.0,0.0254,0.0339,0,0,0,0,0,0,hi,2,Devanagari,False,False,1.0,1,1,1,0,0.85,False,False,False,False,False,0,0,1,0,1,True,1,0,1.0,1,1,1.0,0,0,0,0,-1.0,False,0,0,1,0,0.0,0.0,1.0,0.0,0.0,False,False,0.0,0,False,False,-1.0,0,0,0,False,1,1,False,1,1,True,-1.0,False,0,5,4,1,1,1,1,0,0,1,0,1.6,False,False,False,0,False,False
feat_tl_post_00500_rem_33_3,tl_post_00500_rem_33_3,camp_rem_camp_0033,train,MEDIUM,108,12,3,0.0225,0.0278,0.0463,0,0,0,0,0,0,ta-en,3,Latin,True,True,1.0,1,1,1,0,0.85,False,False,False,False,False,0,0,1,0,1,True,1,0,1.0,1,1,1.0,0,0,0,0,-1.0,False,0,0,1,0,0.0,0.0,1.0,0.0,0.0,False,False,0.0,0,False,False,-1.0,0,0,0,False,1,1,False,1,1,True,-1.0,False,0,5,4,1,1,1,1,0,0,1,0,1.6,False,False,False,0,False,False
feat_tl_post_00500_rem_33_4,tl_post_00500_rem_33_4,camp_rem_camp_0033,train,MEDIUM,100,11,2,0.0244,0.03,0.05,0,0,0,0,0,0,hi-en,4,Latin,True,True,1.0,1,1,1,0,0.85,False,False,False,False,False,0,0,1,0,1,True,1,0,1.0,1,1,1.0,0,0,0,0,-1.0,False,0,0,1,0,0.0,0.0,1.0,0.0,0.0,False,False,0.0,0,False,False,-1.0,0,0,0,False,1,1,False,1,1,True,-1.0,False,0,5,4,1,1,1,1,0,0,1,0,1.6,False,False,False,0,False,False
feat_tl_post_00500_rem_33_5,tl_post_00500_rem_33_5,camp_rem_camp_0033,train,MEDIUM,115,14,2,0.0213,0.0261,0.0435,0,0,0,0,0,0,en,0,Latin,False,False,1.0,1,1,1,0,0.85,False,False,False,False,False,0,0,1,0,1,True,1,0,1.0,1,1,1.0,0,0,0,0,-1.0,False,0,0,1,0,0.0,0.0,1.0,0.0,0.0,False,False,0.0,0,False,False,-1.0,0,0,0,False,1,1,False,1,1,True,-1.0,False,0,5,4,1,1,1,1,0,0,1,0,1.6,False,True,False,0,False,True
feat_tl_post_00500_rem_34_0,tl_post_00500_rem_34_0,camp_rem_camp_0034,train,MEDIUM,123,19,3,0.0682,0.0976,0.0325,0,1,0,0,0,0,en,0,Latin,False,False,1.0,1,1,1,0,0.85,False,False,False,False,False,0,0,1,0,1,True,1,0,1.0,1,1,1.0,0,0,0,0,-1.0,False,0,0,1,0,0.0,0.0,1.0,0.0,0.0,False,False,0.0,0,False,False,-1.0,0,0,0,False,1,1,False,1,1,True,-1.0,False,0,5,4,1,1,1,1,0,0,1,0,1.6,False,True,False,0,False,False
feat_tl_post_00500_rem_34_1,tl_post_00500_rem_34_1,camp_rem_camp_0034,train,MEDIUM,121,15,3,0.0,0.0992,0.0331,0,1,0,0,0,0,ta,1,Tamil,False,False,1.0,1,1,1,0,0.85,False,False,False,False,False,0,0,1,0,1,True,1,0,1.0,1,1,1.0,0,0,0,0,-1.0,False,0,0,1,0,0.0,0.0,1.0,0.0,0.0,False,False,0.0,0,False,False,-1.0,0,0,0,False,1,1,False,1,1,True,-1.0,False,0,5,4,1,1,1,1,0,0,1,0,1.6,False,False,False,0,False,False
feat_tl_post_00500_rem_34_2,tl_post_00500_rem_34_2,camp_rem_camp_0034,train,MEDIUM,113,19,1,0.0,0.1062,0.0088,0,1,0,0,0,0,hi,2,Devanagari,False,False,1.0,1,1,1,0,0.85,False,False,False,False,False,0,0,1,0,1,True,1,0,1.0,1,1,1.0,0,0,0,0,-1.0,False,0,0,1,0,0.0,0.0,1.0,0.0,0.0,False,False,0.0,0,False,False,-1.0,0,0,0,False,1,1,False,1,1,True,-1.0,False,0,5,4,1,1,1,1,0,0,1,0,1.6,False,False,False,0,False,False
feat_tl_post_00500_rem_34_3,tl_post_00500_rem_34_3,camp_rem_camp_0034,train,MEDIUM,114,16,3,0.061,0.1053,0.0351,0,1,0,0,0,0,ta-en,3,Latin,True,True,1.0,1,1,1,0,0.85,False,False,False,False,False,0,0,1,0,1,True,1,0,1.0,1,1,1.0,0,0,0,0,-1.0,False,0,0,1,0,0.0,0.0,1.0,0.0,0.0,False,False,0.0,0,False,False,-1.0,0,0,0,False,1,1,False,1,1,True,-1.0,False,0,5,4,1,1,1,1,0,0,1,0,1.6,False,True,False,0,False,False
feat_tl_post_00500_rem_34_4,tl_post_00500_rem_34_4,camp_rem_camp_0034,train,MEDIUM,108,16,3,0.0658,0.1111,0.037,0,1,0,0,0,0,hi-en,4,Latin,True,True,1.0,1,1,1,0,0.85,False,False,False,False,False,0,0,1,0,1,True,1,0,1.0,1,1,1.0,0,0,0,0,-1.0,False,0,0,1,0,0.0,0.0,1.0,0.0,0.0,False,False,0.0,0,False,False,-1.0,0,0,0,False,1,1,False,1,1,True,-1.0,False,0,5,4,1,1,1,1,0,0,1,0,1.6,False,True,False,0,False,False
feat_tl_post_00500_rem_34_5,tl_post_00500_rem_34_5,camp_rem_camp_0034,train,MEDIUM,123,19,3,0.0682,0.0976,0.0325,0,1,0,0,0,0,en,0,Latin,False,False,1.0,1,1,1,0,0.85,False,False,False,False,False,0,0,1,0,1,True,1,0,1.0,1,1,1.0,0,0,0,0,-1.0,False,0,0,1,0,0.0,0.0,1.0,0.0,0.0,False,False,0.0,0,False,False,-1.0,0,0,0,False,1,1,False,1,1,True,-1.0,False,0,5,4,1,1,1,1,0,0,1,0,1.6,False,True,False,0,False,False
feat_tl_post_00500_rem_35_0,tl_post_00500_rem_35_0,camp_rem_camp_0035,train,MEDIUM,134,18,4,0.0737,0.1045,0.0448,0,1,0,1,0,0,en,0,Latin,False,False,1.0,1,1,1,0,0.85,False,False,False,False,False,0,0,1,1,1,True,1,0,1.0,1,1,1.0,0,0,0,0,-1.0,False,0,0,1,0,0.0,0.0,1.0,0.0,0.0,False,False,0.0,0,False,False,-1.0,0,0,0,False,1,1,False,1,1,True,-1.0,False,0,5,4,1,1,1,1,0,0,1,0,1.6,False,True,False,0,True,True
feat_tl_post_00500_rem_35_1,tl_post_00500_rem_35_1,camp_rem_camp_0035,train,MEDIUM,126,14,3,0.0,0.1111,0.0317,0,1,0,1,0,0,ta,1,Tamil,False,False,1.0,1,1,1,0,0.85,False,False,False,False,False,0,0,1,0,1,True,1,0,1.0,1,1,1.0,0,0,0,0,-1.0,False,0,0,1,0,0.0,0.0,1.0,0.0,0.0,False,False,0.0,0,False,False,-1.0,0,0,0,False,1,1,False,1,1,True,-1.0,False,0,5,4,1,1,1,1,0,0,1,0,1.6,False,False,False,0,True,False
feat_tl_post_00500_rem_35_2,tl_post_00500_rem_35_2,camp_rem_camp_0035,train,MEDIUM,105,18,1,0.0,0.1333,0.0095,0,1,0,1,0,0,hi,2,Devanagari,False,False,1.0,1,1,1,0,0.85,False,False,False,False,False,0,0,1,0,1,True,1,0,1.0,1,1,1.0,0,0,0,0,-1.0,False,0,0,1,0,0.0,0.0,1.0,0.0,0.0,False,False,0.0,0,False,False,-1.0,0,0,0,False,1,1,False,1,1,True,-1.0,False,0,5,4,1,1,1,1,0,0,1,0,1.6,False,False,False,0,True,False
feat_tl_post_00500_rem_35_3,tl_post_00500_rem_35_3,camp_rem_camp_0035,train,MEDIUM,119,17,4,0.0732,0.1176,0.042,0,1,0,1,0,0,ta-en,3,Latin,True,True,1.0,1,1,1,0,0.85,False,False,False,False,False,1,0,1,1,1,True,1,0,1.0,1,1,1.0,0,0,0,0,-1.0,False,0,0,1,0,0.0,0.0,1.0,0.0,0.0,False,False,0.0,0,False,False,-1.0,0,0,0,False,1,1,False,1,1,True,-1.0,False,0,5,4,1,1,1,1,0,0,1,0,1.6,False,False,False,0,True,True
feat_tl_post_00500_rem_35_4,tl_post_00500_rem_35_4,camp_rem_camp_0035,train,MEDIUM,134,19,4,0.0421,0.1045,0.0373,0,1,0,1,0,0,hi-en,4,Latin,True,True,1.0,1,1,1,0,0.85,False,False,False,False,False,0,0,1,1,1,True,1,0,1.0,1,1,1.0,0,0,0,0,-1.0,False,0,0,1,0,0.0,0.0,1.0,0.0,0.0,False,False,0.0,0,False,False,-1.0,0,0,0,False,1,1,False,1,1,True,-1.0,False,0,5,4,1,1,1,1,0,0,1,0,1.6,False,False,False,0,True,True
feat_tl_post_00500_rem_35_5,tl_post_00500_rem_35_5,camp_rem_camp_0035,train,MEDIUM,134,18,4,0.0737,0.1045,0.0448,0,1,0,1,0,0,en,0,Latin,False,False,1.0,1,1,1,0,0.85,False,False,False,False,False,0,0,1,1,1,True,1,0,1.0,1,1,1.0,0,0,0,0,-1.0,False,0,0,1,0,0.0,0.0,1.0,0.0,0.0,False,False,0.0,0,False,False,-1.0,0,0,0,False,1,1,False,1,1,True,-1.0,False,0,5,4,1,1,1,1,0,0,1,0,1.6,False,True,False,0,True,True
feat_tl_post_00500_rem_36_0,tl_post_00500_rem_36_0,camp_rem_camp_0036,train,MEDIUM,129,20,2,0.044,0.1085,0.031,0,1,0,0,0,0,en,0,Latin,False,False,1.0,1,1,1,0,0.85,False,False,False,False,False,0,0,1,0,1,True,1,0,1.0,1,1,1.0,0,0,0,0,-1.0,False,0,0,1,0,0.0,0.0,1.0,0.0,0.0,False,False,0.0,0,False,False,-1.0,0,0,0,False,1,1,False,1,1,True,-1.0,False,0,5,4,1,1,1,1,0,0,1,0,1.6,False,False,False,0,False,True
feat_tl_post_00500_rem_36_1,tl_post_00500_rem_36_1,camp_rem_camp_0036,train,MEDIUM,144,16,2,0.0,0.0972,0.0278,0,1,0,0,0,0,ta,1,Tamil,False,False,1.0,1,1,1,0,0.85,False,False,False,False,False,0,0,1,0,1,True,1,0,1.0,1,1,1.0,0,0,0,0,-1.0,False,0,0,1,0,0.0,0.0,1.0,0.0,0.0,False,False,0.0,0,False,False,-1.0,0,0,0,False,1,1,False,1,1,True,-1.0,False,0,5,4,1,1,1,1,0,0,1,0,1.6,False,False,False,0,False,False
feat_tl_post_00500_rem_36_2,tl_post_00500_rem_36_2,camp_rem_camp_0036,train,MEDIUM,123,24,1,0.0,0.1138,0.0163,0,1,0,0,0,0,hi,2,Devanagari,False,False,1.0,1,1,1,0,0.85,False,False,False,False,False,0,0,1,0,1,True,1,0,1.0,1,1,1.0,0,0,0,0,-1.0,False,0,0,1,0,0.0,0.0,1.0,0.0,0.0,False,False,0.0,0,False,False,-1.0,0,0,0,False,1,1,False,1,1,True,-1.0,False,0,5,4,1,1,1,1,0,0,1,0,1.6,False,False,False,0,False,False
feat_tl_post_00500_rem_36_3,tl_post_00500_rem_36_3,camp_rem_camp_0036,train,MEDIUM,103,15,2,0.0571,0.1359,0.0388,0,1,0,0,0,0,ta-en,3,Latin,True,True,1.0,1,1,1,0,0.85,False,False,False,False,False,0,0,1,0,1,True,1,0,1.0,1,1,1.0,0,0,0,0,-1.0,False,0,0,1,0,0.0,0.0,1.0,0.0,0.0,False,False,0.0,0,False,False,-1.0,0,0,0,False,1,1,False,1,1,True,-1.0,False,0,5,4,1,1,1,1,0,0,1,0,1.6,False,False,False,0,False,False
feat_tl_post_00500_rem_36_4,tl_post_00500_rem_36_4,camp_rem_camp_0036,train,MEDIUM,109,17,2,0.0541,0.1284,0.0367,0,1,0,0,0,0,hi-en,4,Latin,True,True,1.0,1,1,1,0,0.85,False,False,False,False,False,0,0,1,0,1,True,1,0,1.0,1,1,1.0,0,0,0,0,-1.0,False,0,0,1,0,0.0,0.0,1.0,0.0,0.0,False,False,0.0,0,False,False,-1.0,0,0,0,False,1,1,False,1,1,True,-1.0,False,0,5,4,1,1,1,1,0,0,1,0,1.6,False,False,False,0,False,False
feat_tl_post_00500_rem_36_5,tl_post_00500_rem_36_5,camp_rem_camp_0036,train,MEDIUM,129,20,2,0.044,0.1085,0.031,0,1,0,0,0,0,en,0,Latin,False,False,1.0,1,1,1,0,0.85,False,False,False,False,False,0,0,1,0,1,True,1,0,1.0,1,1,1.0,0,0,0,0,-1.0,False,0,0,1,0,0.0,0.0,1.0,0.0,0.0,False,False,0.0,0,False,False,-1.0,0,0,0,False,1,1,False,1,1,True,-1.0,False,0,5,4,1,1,1,1,0,0,1,0,1.6,False,False,False,0,False,True
feat_tl_post_00500_rem_37_0,tl_post_00500_rem_37_0,camp_rem_camp_0037,train,MEDIUM,138,17,3,0.0265,0.0217,0.0435,0,0,0,0,0,0,en,0,Latin,False,False,1.0,1,1,1,0,0.85,False,False,False,False,False,1,1,1,1,1,True,1,0,1.0,1,1,1.0,0,0,0,0,-1.0,False,0,0,1,0,0.0,0.0,1.0,0.0,0.0,False,False,0.0,0,False,False,-1.0,0,0,0,False,1,1,False,1,1,True,-1.0,False,0,5,4,1,1,1,1,0,0,1,0,1.6,False,False,False,0,False,True
feat_tl_post_00500_rem_37_1,tl_post_00500_rem_37_1,camp_rem_camp_0037,train,MEDIUM,116,10,2,0.0,0.0259,0.0431,0,0,0,0,0,0,ta,1,Tamil,False,False,1.0,1,1,1,0,0.85,False,False,False,False,False,0,0,1,0,1,True,1,0,1.0,1,1,1.0,0,0,0,0,-1.0,False,0,0,1,0,0.0,0.0,1.0,0.0,0.0,False,False,0.0,0,False,False,-1.0,0,0,0,False,1,1,False,1,1,True,-1.0,False,0,5,4,1,1,1,1,0,0,1,0,1.6,False,False,False,0,False,False
feat_tl_post_00500_rem_37_2,tl_post_00500_rem_37_2,camp_rem_camp_0037,train,MEDIUM,119,19,2,0.0,0.0252,0.0336,0,0,0,0,0,0,hi,2,Devanagari,False,False,1.0,1,1,1,0,0.85,False,False,False,False,False,0,0,1,0,1,True,1,0,1.0,1,1,1.0,0,0,0,0,-1.0,False,0,0,1,0,0.0,0.0,1.0,0.0,0.0,False,False,0.0,0,False,False,-1.0,0,0,0,False,1,1,False,1,1,True,-1.0,False,0,5,4,1,1,1,1,0,0,1,0,1.6,False,False,False,0,False,False
feat_tl_post_00500_rem_37_3,tl_post_00500_rem_37_3,camp_rem_camp_0037,train,MEDIUM,113,14,3,0.033,0.0265,0.0531,0,0,0,0,0,0,ta-en,3,Latin,True,True,1.0,1,1,1,0,0.85,False,False,False,False,False,1,1,1,0,1,True,1,0,1.0,1,1,1.0,0,0,0,0,-1.0,False,0,0,1,0,0.0,0.0,1.0,0.0,0.0,False,False,0.0,0,False,False,-1.0,0,0,0,False,1,1,False,1,1,True,-1.0,False,0,5,4,1,1,1,1,0,0,1,0,1.6,False,False,False,0,False,False
feat_tl_post_00500_rem_37_4,tl_post_00500_rem_37_4,camp_rem_camp_0037,train,MEDIUM,110,16,2,0.023,0.0273,0.0455,0,0,0,0,0,0,hi-en,4,Latin,True,True,1.0,1,1,1,0,0.85,False,False,False,False,False,0,0,1,1,1,True,1,0,1.0,1,1,1.0,0,0,0,0,-1.0,False,0,0,1,0,0.0,0.0,1.0,0.0,0.0,False,False,0.0,0,False,False,-1.0,0,0,0,False,1,1,False,1,1,True,-1.0,False,0,5,4,1,1,1,1,0,0,1,0,1.6,False,False,False,0,False,True
feat_tl_post_00500_rem_37_5,tl_post_00500_rem_37_5,camp_rem_camp_0037,train,MEDIUM,138,17,3,0.0265,0.0217,0.0435,0,0,0,0,0,0,en,0,Latin,False,False,1.0,1,1,1,0,0.85,False,False,False,False,False,1,1,1,1,1,True,1,0,1.0,1,1,1.0,0,0,0,0,-1.0,False,0,0,1,0,0.0,0.0,1.0,0.0,0.0,False,False,0.0,0,False,False,-1.0,0,0,0,False,1,1,False,1,1,True,-1.0,False,0,5,4,1,1,1,1,0,0,1,0,1.6,False,False,False,0,False,True
feat_tl_post_00500_rem_38_0,tl_post_00500_rem_38_0,camp_rem_camp_0038,train,MEDIUM,132,17,2,0.0185,0.0227,0.0379,0,0,0,0,0,0,en,0,Latin,False,False,1.0,1,1,1,0,0.85,False,False,False,False,False,0,0,1,0,1,True,1,0,1.0,1,1,1.0,0,0,0,0,-1.0,False,0,0,0,1,0.0,0.0,0.0,1.0,0.0,False,False,0.0,0,False,False,-1.0,0,0,0,False,1,1,False,1,1,True,-1.0,False,0,5,4,1,1,1,1,0,0,0,1,1.6,False,False,True,0,False,False
feat_tl_post_00500_rem_38_1,tl_post_00500_rem_38_1,camp_rem_camp_0038,train,MEDIUM,118,13,2,0.0,0.0254,0.0424,0,0,0,0,0,0,ta,1,Tamil,False,False,1.0,1,1,1,0,0.85,False,False,False,False,False,0,0,1,0,1,True,1,0,1.0,1,1,1.0,0,0,0,0,-1.0,False,0,0,0,1,0.0,0.0,0.0,1.0,0.0,False,False,0.0,0,False,False,-1.0,0,0,0,False,1,1,False,1,1,True,-1.0,False,0,5,4,1,1,1,1,0,0,0,1,1.6,False,False,False,0,False,False
feat_tl_post_00500_rem_38_2,tl_post_00500_rem_38_2,camp_rem_camp_0038,train,MEDIUM,98,16,2,0.0,0.0306,0.0408,0,0,0,0,0,0,hi,2,Devanagari,False,False,1.0,1,1,1,0,0.85,False,False,False,False,False,0,0,1,0,1,True,1,0,1.0,1,1,1.0,0,0,0,0,-1.0,False,0,0,0,1,0.0,0.0,0.0,1.0,0.0,False,False,0.0,0,False,False,-1.0,0,0,0,False,1,1,False,1,1,True,-1.0,False,0,5,4,1,1,1,1,0,0,0,1,1.6,False,False,False,0,False,False
feat_tl_post_00500_rem_38_3,tl_post_00500_rem_38_3,camp_rem_camp_0038,train,MEDIUM,106,12,2,0.023,0.0283,0.0472,0,0,0,0,0,0,ta-en,3,Latin,True,True,1.0,1,1,1,0,0.85,False,False,False,False,False,0,0,1,0,1,True,1,0,1.0,1,1,1.0,0,0,0,0,-1.0,False,0,0,0,1,0.0,0.0,0.0,1.0,0.0,False,False,0.0,0,False,False,-1.0,0,0,0,False,1,1,False,1,1,True,-1.0,False,0,5,4,1,1,1,1,0,0,0,1,1.6,False,False,True,0,False,False
feat_tl_post_00500_rem_38_4,tl_post_00500_rem_38_4,camp_rem_camp_0038,train,MEDIUM,102,12,2,0.0241,0.0294,0.049,0,0,0,0,0,0,hi-en,4,Latin,True,True,1.0,1,1,1,0,0.85,False,False,False,False,False,0,0,1,0,1,True,1,0,1.0,1,1,1.0,0,0,0,0,-1.0,False,0,0,0,1,0.0,0.0,0.0,1.0,0.0,False,False,0.0,0,False,False,-1.0,0,0,0,False,1,1,False,1,1,True,-1.0,False,0,5,4,1,1,1,1,0,0,0,1,1.6,False,False,True,0,False,False
feat_tl_post_00500_rem_38_5,tl_post_00500_rem_38_5,camp_rem_camp_0038,train,MEDIUM,132,17,2,0.0185,0.0227,0.0379,0,0,0,0,0,0,en,0,Latin,False,False,1.0,1,1,1,0,0.85,False,False,False,False,False,0,0,1,0,1,True,1,0,1.0,1,1,1.0,0,0,0,0,-1.0,False,0,0,0,1,0.0,0.0,0.0,1.0,0.0,False,False,0.0,0,False,False,-1.0,0,0,0,False,1,1,False,1,1,True,-1.0,False,0,5,4,1,1,1,1,0,0,0,1,1.6,False,False,True,0,False,False
feat_tl_post_00500_rem_39_0,tl_post_00500_rem_39_0,camp_rem_camp_0039,train,MEDIUM,144,20,2,0.0171,0.0208,0.0347,0,0,0,0,0,0,en,0,Latin,False,False,1.0,1,1,1,0,0.85,False,False,False,False,False,0,0,1,0,1,True,1,0,1.0,1,1,1.0,0,0,0,0,-1.0,False,0,0,0,1,0.0,0.0,0.0,1.0,0.0,False,False,0.0,0,False,False,-1.0,0,0,0,False,1,1,False,1,1,True,-1.0,False,0,5,4,1,1,1,1,0,0,0,1,1.6,False,False,False,0,False,False
feat_tl_post_00500_rem_39_1,tl_post_00500_rem_39_1,camp_rem_camp_0039,train,MEDIUM,130,13,2,0.0,0.0231,0.0385,0,0,0,0,0,0,ta,1,Tamil,False,False,1.0,1,1,1,0,0.85,False,False,False,False,False,0,0,1,0,1,True,1,0,1.0,1,1,1.0,0,0,0,0,-1.0,False,0,0,0,1,0.0,0.0,0.0,1.0,0.0,False,False,0.0,0,False,False,-1.0,0,0,0,False,1,1,False,1,1,True,-1.0,False,0,5,4,1,1,1,1,0,0,0,1,1.6,False,False,False,0,False,False
feat_tl_post_00500_rem_39_2,tl_post_00500_rem_39_2,camp_rem_camp_0039,train,MEDIUM,116,19,2,0.0,0.0259,0.0345,0,0,0,0,0,0,hi,2,Devanagari,False,False,1.0,1,1,1,0,0.85,False,False,False,False,False,0,0,1,0,1,True,1,0,1.0,1,1,1.0,0,0,0,0,-1.0,False,0,0,0,1,0.0,0.0,0.0,1.0,0.0,False,False,0.0,0,False,False,-1.0,0,0,0,False,1,1,False,1,1,True,-1.0,False,0,5,4,1,1,1,1,0,0,0,1,1.6,False,False,False,0,False,False
feat_tl_post_00500_rem_39_3,tl_post_00500_rem_39_3,camp_rem_camp_0039,train,MEDIUM,115,15,2,0.0215,0.0261,0.0435,0,0,0,0,0,0,ta-en,3,Latin,True,True,1.0,1,1,1,0,0.85,False,False,False,False,False,0,1,1,0,1,True,1,0,1.0,1,1,1.0,0,0,0,0,-1.0,False,0,0,0,1,0.0,0.0,0.0,1.0,0.0,False,False,0.0,0,False,False,-1.0,0,0,0,False,1,1,False,1,1,True,-1.0,False,0,5,4,1,1,1,1,0,0,0,1,1.6,False,False,False,0,False,False
feat_tl_post_00500_rem_39_4,tl_post_00500_rem_39_4,camp_rem_camp_0039,train,MEDIUM,111,15,2,0.0225,0.027,0.045,0,0,0,0,0,0,hi-en,4,Latin,True,True,1.0,1,1,1,0,0.85,False,False,False,False,False,0,0,1,0,1,True,1,0,1.0,1,1,1.0,0,0,0,0,-1.0,False,0,0,0,1,0.0,0.0,0.0,1.0,0.0,False,False,0.0,0,False,False,-1.0,0,0,0,False,1,1,False,1,1,True,-1.0,False,0,5,4,1,1,1,1,0,0,0,1,1.6,False,False,False,0,False,False
feat_tl_post_00500_rem_39_5,tl_post_00500_rem_39_5,camp_rem_camp_0039,train,MEDIUM,144,20,2,0.0171,0.0208,0.0347,0,0,0,0,0,0,en,0,Latin,False,False,1.0,1,1,1,0,0.85,False,False,False,False,False,0,0,1,0,1,True,1,0,1.0,1,1,1.0,0,0,0,0,-1.0,False,0,0,0,1,0.0,0.0,0.0,1.0,0.0,False,False,0.0,0,False,False,-1.0,0,0,0,False,1,1,False,1,1,True,-1.0,False,0,5,4,1,1,1,1,0,0,0,1,1.6,False,False,False,0,False,False
feat_tl_post_00500_rem_40_0,tl_post_00500_rem_40_0,camp_rem_camp_0040,train,MEDIUM,123,14,2,0.0312,0.0813,0.0244,0,1,0,0,0,0,en,0,Latin,False,False,1.0,1,1,1,0,0.85,False,False,False,False,False,0,0,1,0,1,True,1,0,1.0,1,1,1.0,0,0,0,0,-1.0,False,0,0,0,1,0.0,0.0,0.0,1.0,0.0,False,False,0.0,0,False,False,-1.0,0,0,0,False,1,1,False,1,1,True,-1.0,False,0,5,4,1,1,1,1,0,0,0,1,1.6,False,False,True,0,False,False
feat_tl_post_00500_rem_40_1,tl_post_00500_rem_40_1,camp_rem_camp_0040,train,MEDIUM,85,10,1,0.0,0.1176,0.0353,0,1,0,0,0,0,ta,1,Tamil,False,False,1.0,1,1,1,0,0.85,False,False,False,False,False,0,0,1,0,1,True,1,0,1.0,1,1,1.0,0,0,0,0,-1.0,False,0,0,0,1,0.0,0.0,0.0,1.0,0.0,False,False,0.0,0,False,False,-1.0,0,0,0,False,1,1,False,1,1,True,-1.0,False,0,5,4,1,1,1,1,0,0,0,1,1.6,False,False,False,0,False,False
feat_tl_post_00500_rem_40_2,tl_post_00500_rem_40_2,camp_rem_camp_0040,train,MEDIUM,100,17,1,0.0,0.1,0.01,0,1,0,0,0,0,hi,2,Devanagari,False,False,1.0,1,1,1,0,0.85,False,False,False,False,False,0,0,1,0,1,True,1,0,1.0,1,1,1.0,0,0,0,0,-1.0,False,0,0,0,1,0.0,0.0,0.0,1.0,0.0,False,False,0.0,0,False,False,-1.0,0,0,0,False,1,1,False,1,1,True,-1.0,False,0,5,4,1,1,1,1,0,0,0,1,1.6,False,False,False,0,False,False
feat_tl_post_00500_rem_40_3,tl_post_00500_rem_40_3,camp_rem_camp_0040,train,MEDIUM,100,13,2,0.0267,0.1,0.02,0,1,0,0,0,0,ta-en,3,Latin,True,True,1.0,1,1,1,0,0.85,False,False,False,False,False,0,0,1,0,1,True,1,0,1.0,1,1,1.0,0,0,0,0,-1.0,False,0,0,0,1,0.0,0.0,0.0,1.0,0.0,False,False,0.0,0,False,False,-1.0,0,0,0,False,1,1,False,1,1,True,-1.0,False,0,5,4,1,1,1,1,0,0,0,1,1.6,False,False,False,0,False,False
feat_tl_post_00500_rem_40_4,tl_post_00500_rem_40_4,camp_rem_camp_0040,train,MEDIUM,98,14,1,0.0278,0.102,0.0204,0,1,0,0,0,0,hi-en,4,Latin,True,True,1.0,1,1,1,0,0.85,False,False,False,False,False,0,0,1,0,1,True,1,0,1.0,1,1,1.0,0,0,0,0,-1.0,False,0,0,0,1,0.0,0.0,0.0,1.0,0.0,False,False,0.0,0,False,False,-1.0,0,0,0,False,1,1,False,1,1,True,-1.0,False,0,5,4,1,1,1,1,0,0,0,1,1.6,False,False,False,0,False,False
feat_tl_post_00500_rem_40_5,tl_post_00500_rem_40_5,camp_rem_camp_0040,train,MEDIUM,123,14,2,0.0312,0.0813,0.0244,0,1,0,0,0,0,en,0,Latin,False,False,1.0,1,1,1,0,0.85,False,False,False,False,False,0,0,1,0,1,True,1,0,1.0,1,1,1.0,0,0,0,0,-1.0,False,0,0,0,1,0.0,0.0,0.0,1.0,0.0,False,False,0.0,0,False,False,-1.0,0,0,0,False,1,1,False,1,1,True,-1.0,False,0,5,4,1,1,1,1,0,0,0,1,1.6,False,False,True,0,False,False
feat_tl_post_00500_rem_41_0,tl_post_00500_rem_41_0,camp_rem_camp_0041,train,MEDIUM,115,14,2,0.0213,0.0261,0.0435,0,0,0,0,0,0,en,0,Latin,False,False,1.0,1,1,1,0,0.85,False,False,False,False,False,0,0,1,0,1,True,1,0,1.0,1,1,1.0,0,0,0,0,-1.0,False,0,0,0,1,0.0,0.0,0.0,1.0,0.0,False,False,0.0,0,False,False,-1.0,0,0,0,False,1,1,False,1,1,True,-1.0,False,0,5,4,1,1,1,1,0,0,0,1,1.6,False,True,False,0,False,True
feat_tl_post_00500_rem_41_1,tl_post_00500_rem_41_1,camp_rem_camp_0041,train,MEDIUM,100,10,2,0.0,0.03,0.05,0,0,0,0,0,0,ta,1,Tamil,False,False,1.0,1,1,1,0,0.85,False,False,False,False,False,0,0,1,0,1,True,1,0,1.0,1,1,1.0,0,0,0,0,-1.0,False,0,0,0,1,0.0,0.0,0.0,1.0,0.0,False,False,0.0,0,False,False,-1.0,0,0,0,False,1,1,False,1,1,True,-1.0,False,0,5,4,1,1,1,1,0,0,0,1,1.6,False,False,False,0,False,False
feat_tl_post_00500_rem_41_2,tl_post_00500_rem_41_2,camp_rem_camp_0041,train,MEDIUM,118,15,2,0.0,0.0254,0.0339,0,0,0,0,0,0,hi,2,Devanagari,False,False,1.0,1,1,1,0,0.85,False,False,False,False,False,0,0,1,0,1,True,1,0,1.0,1,1,1.0,0,0,0,0,-1.0,False,0,0,0,1,0.0,0.0,0.0,1.0,0.0,False,False,0.0,0,False,False,-1.0,0,0,0,False,1,1,False,1,1,True,-1.0,False,0,5,4,1,1,1,1,0,0,0,1,1.6,False,False,False,0,False,False
feat_tl_post_00500_rem_41_3,tl_post_00500_rem_41_3,camp_rem_camp_0041,train,MEDIUM,108,12,3,0.0225,0.0278,0.0463,0,0,0,0,0,0,ta-en,3,Latin,True,True,1.0,1,1,1,0,0.85,False,False,False,False,False,0,0,1,0,1,True,1,0,1.0,1,1,1.0,0,0,0,0,-1.0,False,0,0,0,1,0.0,0.0,0.0,1.0,0.0,False,False,0.0,0,False,False,-1.0,0,0,0,False,1,1,False,1,1,True,-1.0,False,0,5,4,1,1,1,1,0,0,0,1,1.6,False,False,False,0,False,False
feat_tl_post_00500_rem_41_4,tl_post_00500_rem_41_4,camp_rem_camp_0041,train,MEDIUM,100,11,2,0.0244,0.03,0.05,0,0,0,0,0,0,hi-en,4,Latin,True,True,1.0,1,1,1,0,0.85,False,False,False,False,False,0,0,1,0,1,True,1,0,1.0,1,1,1.0,0,0,0,0,-1.0,False,0,0,0,1,0.0,0.0,0.0,1.0,0.0,False,False,0.0,0,False,False,-1.0,0,0,0,False,1,1,False,1,1,True,-1.0,False,0,5,4,1,1,1,1,0,0,0,1,1.6,False,False,False,0,False,False
feat_tl_post_00500_rem_41_5,tl_post_00500_rem_41_5,camp_rem_camp_0041,train,MEDIUM,115,14,2,0.0213,0.0261,0.0435,0,0,0,0,0,0,en,0,Latin,False,False,1.0,1,1,1,0,0.85,False,False,False,False,False,0,0,1,0,1,True,1,0,1.0,1,1,1.0,0,0,0,0,-1.0,False,0,0,0,1,0.0,0.0,0.0,1.0,0.0,False,False,0.0,0,False,False,-1.0,0,0,0,False,1,1,False,1,1,True,-1.0,False,0,5,4,1,1,1,1,0,0,0,1,1.6,False,True,False,0,False,True
feat_tl_post_00500_rem_42_0,tl_post_00500_rem_42_0,camp_rem_camp_0042,train,MEDIUM,123,19,3,0.0682,0.0976,0.0325,0,1,0,0,0,0,en,0,Latin,False,False,1.0,1,1,1,0,0.85,False,False,False,False,False,0,0,1,0,1,True,1,0,1.0,1,1,1.0,0,0,0,0,-1.0,False,0,1,0,0,0.0,1.0,0.0,0.0,0.0,True,False,0.0,0,False,False,-1.0,0,0,0,False,1,1,False,1,1,True,-1.0,False,0,5,4,1,1,1,1,0,1,0,0,1.6,False,True,False,0,False,False
feat_tl_post_00500_rem_42_1,tl_post_00500_rem_42_1,camp_rem_camp_0042,train,MEDIUM,121,15,3,0.0,0.0992,0.0331,0,1,0,0,0,0,ta,1,Tamil,False,False,1.0,1,1,1,0,0.85,False,False,False,False,False,0,0,1,0,1,True,1,0,1.0,1,1,1.0,0,0,0,0,-1.0,False,0,1,0,0,0.0,1.0,0.0,0.0,0.0,True,False,0.0,0,False,False,-1.0,0,0,0,False,1,1,False,1,1,True,-1.0,False,0,5,4,1,1,1,1,0,1,0,0,1.6,False,False,False,0,False,False
feat_tl_post_00500_rem_42_2,tl_post_00500_rem_42_2,camp_rem_camp_0042,train,MEDIUM,113,19,1,0.0,0.1062,0.0088,0,1,0,0,0,0,hi,2,Devanagari,False,False,1.0,1,1,1,0,0.85,False,False,False,False,False,0,0,1,0,1,True,1,0,1.0,1,1,1.0,0,0,0,0,-1.0,False,0,1,0,0,0.0,1.0,0.0,0.0,0.0,True,False,0.0,0,False,False,-1.0,0,0,0,False,1,1,False,1,1,True,-1.0,False,0,5,4,1,1,1,1,0,1,0,0,1.6,False,False,False,0,False,False
feat_tl_post_00500_rem_42_3,tl_post_00500_rem_42_3,camp_rem_camp_0042,train,MEDIUM,114,16,3,0.061,0.1053,0.0351,0,1,0,0,0,0,ta-en,3,Latin,True,True,1.0,1,1,1,0,0.85,False,False,False,False,False,0,0,1,0,1,True,1,0,1.0,1,1,1.0,0,0,0,0,-1.0,False,0,1,0,0,0.0,1.0,0.0,0.0,0.0,True,False,0.0,0,False,False,-1.0,0,0,0,False,1,1,False,1,1,True,-1.0,False,0,5,4,1,1,1,1,0,1,0,0,1.6,False,True,False,0,False,False
feat_tl_post_00500_rem_42_4,tl_post_00500_rem_42_4,camp_rem_camp_0042,train,MEDIUM,108,16,3,0.0658,0.1111,0.037,0,1,0,0,0,0,hi-en,4,Latin,True,True,1.0,1,1,1,0,0.85,False,False,False,False,False,0,0,1,0,1,True,1,0,1.0,1,1,1.0,0,0,0,0,-1.0,False,0,1,0,0,0.0,1.0,0.0,0.0,0.0,True,False,0.0,0,False,False,-1.0,0,0,0,False,1,1,False,1,1,True,-1.0,False,0,5,4,1,1,1,1,0,1,0,0,1.6,False,True,False,0,False,False
feat_tl_post_00500_rem_42_5,tl_post_00500_rem_42_5,camp_rem_camp_0042,train,MEDIUM,123,19,3,0.0682,0.0976,0.0325,0,1,0,0,0,0,en,0,Latin,False,False,1.0,1,1,1,0,0.85,False,False,False,False,False,0,0,1,0,1,True,1,0,1.0,1,1,1.0,0,0,0,0,-1.0,False,0,1,0,0,0.0,1.0,0.0,0.0,0.0,True,False,0.0,0,False,False,-1.0,0,0,0,False,1,1,False,1,1,True,-1.0,False,0,5,4,1,1,1,1,0,1,0,0,1.6,False,True,False,0,False,False
feat_tl_post_00500_rem_43_0,tl_post_00500_rem_43_0,camp_rem_camp_0043,train,MEDIUM,134,18,4,0.0737,0.1045,0.0448,0,1,0,1,0,0,en,0,Latin,False,False,1.0,1,1,1,0,0.85,False,False,False,False,False,0,0,1,1,1,True,1,0,1.0,1,1,1.0,0,0,0,0,-1.0,False,0,1,0,0,0.0,1.0,0.0,0.0,0.0,True,False,0.0,0,False,False,-1.0,0,0,0,False,1,1,False,1,1,True,-1.0,False,0,5,4,1,1,1,1,0,1,0,0,1.6,False,True,False,0,True,True
feat_tl_post_00500_rem_43_1,tl_post_00500_rem_43_1,camp_rem_camp_0043,train,MEDIUM,126,14,3,0.0,0.1111,0.0317,0,1,0,1,0,0,ta,1,Tamil,False,False,1.0,1,1,1,0,0.85,False,False,False,False,False,0,0,1,0,1,True,1,0,1.0,1,1,1.0,0,0,0,0,-1.0,False,0,1,0,0,0.0,1.0,0.0,0.0,0.0,True,False,0.0,0,False,False,-1.0,0,0,0,False,1,1,False,1,1,True,-1.0,False,0,5,4,1,1,1,1,0,1,0,0,1.6,False,False,False,0,True,False
feat_tl_post_00500_rem_43_2,tl_post_00500_rem_43_2,camp_rem_camp_0043,train,MEDIUM,105,18,1,0.0,0.1333,0.0095,0,1,0,1,0,0,hi,2,Devanagari,False,False,1.0,1,1,1,0,0.85,False,False,False,False,False,0,0,1,0,1,True,1,0,1.0,1,1,1.0,0,0,0,0,-1.0,False,0,1,0,0,0.0,1.0,0.0,0.0,0.0,True,False,0.0,0,False,False,-1.0,0,0,0,False,1,1,False,1,1,True,-1.0,False,0,5,4,1,1,1,1,0,1,0,0,1.6,False,False,False,0,True,False
feat_tl_post_00500_rem_43_3,tl_post_00500_rem_43_3,camp_rem_camp_0043,train,MEDIUM,119,17,4,0.0732,0.1176,0.042,0,1,0,1,0,0,ta-en,3,Latin,True,True,1.0,1,1,1,0,0.85,False,False,False,False,False,1,0,1,1,1,True,1,0,1.0,1,1,1.0,0,0,0,0,-1.0,False,0,1,0,0,0.0,1.0,0.0,0.0,0.0,True,False,0.0,0,False,False,-1.0,0,0,0,False,1,1,False,1,1,True,-1.0,False,0,5,4,1,1,1,1,0,1,0,0,1.6,False,False,False,0,True,True
feat_tl_post_00500_rem_43_4,tl_post_00500_rem_43_4,camp_rem_camp_0043,train,MEDIUM,134,19,4,0.0421,0.1045,0.0373,0,1,0,1,0,0,hi-en,4,Latin,True,True,1.0,1,1,1,0,0.85,False,False,False,False,False,0,0,1,1,1,True,1,0,1.0,1,1,1.0,0,0,0,0,-1.0,False,0,1,0,0,0.0,1.0,0.0,0.0,0.0,True,False,0.0,0,False,False,-1.0,0,0,0,False,1,1,False,1,1,True,-1.0,False,0,5,4,1,1,1,1,0,1,0,0,1.6,False,False,False,0,True,True
feat_tl_post_00500_rem_43_5,tl_post_00500_rem_43_5,camp_rem_camp_0043,train,MEDIUM,134,18,4,0.0737,0.1045,0.0448,0,1,0,1,0,0,en,0,Latin,False,False,1.0,1,1,1,0,0.85,False,False,False,False,False,0,0,1,1,1,True,1,0,1.0,1,1,1.0,0,0,0,0,-1.0,False,0,1,0,0,0.0,1.0,0.0,0.0,0.0,True,False,0.0,0,False,False,-1.0,0,0,0,False,1,1,False,1,1,True,-1.0,False,0,5,4,1,1,1,1,0,1,0,0,1.6,False,True,False,0,True,True
feat_tl_post_00500_rem_44_0,tl_post_00500_rem_44_0,camp_rem_camp_0044,train,MEDIUM,129,20,2,0.044,0.1085,0.031,0,1,0,0,0,0,en,0,Latin,False,False,1.0,1,1,1,0,0.85,False,False,False,False,False,0,0,1,0,1,True,1,0,1.0,1,1,1.0,0,0,0,0,-1.0,False,0,1,0,0,0.0,1.0,0.0,0.0,0.0,True,False,0.0,0,False,False,-1.0,0,0,0,False,1,1,False,1,1,True,-1.0,False,0,5,4,1,1,1,1,0,1,0,0,1.6,False,False,False,0,False,True
feat_tl_post_00500_rem_44_1,tl_post_00500_rem_44_1,camp_rem_camp_0044,train,MEDIUM,144,16,2,0.0,0.0972,0.0278,0,1,0,0,0,0,ta,1,Tamil,False,False,1.0,1,1,1,0,0.85,False,False,False,False,False,0,0,1,0,1,True,1,0,1.0,1,1,1.0,0,0,0,0,-1.0,False,0,1,0,0,0.0,1.0,0.0,0.0,0.0,True,False,0.0,0,False,False,-1.0,0,0,0,False,1,1,False,1,1,True,-1.0,False,0,5,4,1,1,1,1,0,1,0,0,1.6,False,False,False,0,False,False
feat_tl_post_00500_rem_44_2,tl_post_00500_rem_44_2,camp_rem_camp_0044,train,MEDIUM,123,24,1,0.0,0.1138,0.0163,0,1,0,0,0,0,hi,2,Devanagari,False,False,1.0,1,1,1,0,0.85,False,False,False,False,False,0,0,1,0,1,True,1,0,1.0,1,1,1.0,0,0,0,0,-1.0,False,0,1,0,0,0.0,1.0,0.0,0.0,0.0,True,False,0.0,0,False,False,-1.0,0,0,0,False,1,1,False,1,1,True,-1.0,False,0,5,4,1,1,1,1,0,1,0,0,1.6,False,False,False,0,False,False
feat_tl_post_00500_rem_44_3,tl_post_00500_rem_44_3,camp_rem_camp_0044,train,MEDIUM,103,15,2,0.0571,0.1359,0.0388,0,1,0,0,0,0,ta-en,3,Latin,True,True,1.0,1,1,1,0,0.85,False,False,False,False,False,0,0,1,0,1,True,1,0,1.0,1,1,1.0,0,0,0,0,-1.0,False,0,1,0,0,0.0,1.0,0.0,0.0,0.0,True,False,0.0,0,False,False,-1.0,0,0,0,False,1,1,False,1,1,True,-1.0,False,0,5,4,1,1,1,1,0,1,0,0,1.6,False,False,False,0,False,False
feat_tl_post_00500_rem_44_4,tl_post_00500_rem_44_4,camp_rem_camp_0044,train,MEDIUM,109,17,2,0.0541,0.1284,0.0367,0,1,0,0,0,0,hi-en,4,Latin,True,True,1.0,1,1,1,0,0.85,False,False,False,False,False,0,0,1,0,1,True,1,0,1.0,1,1,1.0,0,0,0,0,-1.0,False,0,1,0,0,0.0,1.0,0.0,0.0,0.0,True,False,0.0,0,False,False,-1.0,0,0,0,False,1,1,False,1,1,True,-1.0,False,0,5,4,1,1,1,1,0,1,0,0,1.6,False,False,False,0,False,False
feat_tl_post_00500_rem_44_5,tl_post_00500_rem_44_5,camp_rem_camp_0044,train,MEDIUM,129,20,2,0.044,0.1085,0.031,0,1,0,0,0,0,en,0,Latin,False,False,1.0,1,1,1,0,0.85,False,False,False,False,False,0,0,1,0,1,True,1,0,1.0,1,1,1.0,0,0,0,0,-1.0,False,0,1,0,0,0.0,1.0,0.0,0.0,0.0,True,False,0.0,0,False,False,-1.0,0,0,0,False,1,1,False,1,1,True,-1.0,False,0,5,4,1,1,1,1,0,1,0,0,1.6,False,False,False,0,False,True
feat_tl_post_00500_rem_45_0,tl_post_00500_rem_45_0,camp_rem_camp_0045,train,MEDIUM,138,17,3,0.0265,0.0217,0.0435,0,0,0,0,0,0,en,0,Latin,False,False,1.0,1,1,1,0,0.85,False,False,False,False,False,1,1,1,1,1,True,1,0,1.0,1,1,1.0,0,0,0,0,-1.0,False,0,1,0,0,0.0,1.0,0.0,0.0,0.0,True,False,0.0,0,False,False,-1.0,0,0,0,False,1,1,False,1,1,True,-1.0,False,0,5,4,1,1,1,1,0,1,0,0,1.6,False,False,False,0,False,True
feat_tl_post_00500_rem_45_1,tl_post_00500_rem_45_1,camp_rem_camp_0045,train,MEDIUM,116,10,2,0.0,0.0259,0.0431,0,0,0,0,0,0,ta,1,Tamil,False,False,1.0,1,1,1,0,0.85,False,False,False,False,False,0,0,1,0,1,True,1,0,1.0,1,1,1.0,0,0,0,0,-1.0,False,0,1,0,0,0.0,1.0,0.0,0.0,0.0,True,False,0.0,0,False,False,-1.0,0,0,0,False,1,1,False,1,1,True,-1.0,False,0,5,4,1,1,1,1,0,1,0,0,1.6,False,False,False,0,False,False
feat_tl_post_00500_rem_45_2,tl_post_00500_rem_45_2,camp_rem_camp_0045,train,MEDIUM,119,19,2,0.0,0.0252,0.0336,0,0,0,0,0,0,hi,2,Devanagari,False,False,1.0,1,1,1,0,0.85,False,False,False,False,False,0,0,1,0,1,True,1,0,1.0,1,1,1.0,0,0,0,0,-1.0,False,0,1,0,0,0.0,1.0,0.0,0.0,0.0,True,False,0.0,0,False,False,-1.0,0,0,0,False,1,1,False,1,1,True,-1.0,False,0,5,4,1,1,1,1,0,1,0,0,1.6,False,False,False,0,False,False
feat_tl_post_00500_rem_45_3,tl_post_00500_rem_45_3,camp_rem_camp_0045,train,MEDIUM,113,14,3,0.033,0.0265,0.0531,0,0,0,0,0,0,ta-en,3,Latin,True,True,1.0,1,1,1,0,0.85,False,False,False,False,False,1,1,1,0,1,True,1,0,1.0,1,1,1.0,0,0,0,0,-1.0,False,0,1,0,0,0.0,1.0,0.0,0.0,0.0,True,False,0.0,0,False,False,-1.0,0,0,0,False,1,1,False,1,1,True,-1.0,False,0,5,4,1,1,1,1,0,1,0,0,1.6,False,False,False,0,False,False
feat_tl_post_00500_rem_45_4,tl_post_00500_rem_45_4,camp_rem_camp_0045,train,MEDIUM,110,16,2,0.023,0.0273,0.0455,0,0,0,0,0,0,hi-en,4,Latin,True,True,1.0,1,1,1,0,0.85,False,False,False,False,False,0,0,1,1,1,True,1,0,1.0,1,1,1.0,0,0,0,0,-1.0,False,0,1,0,0,0.0,1.0,0.0,0.0,0.0,True,False,0.0,0,False,False,-1.0,0,0,0,False,1,1,False,1,1,True,-1.0,False,0,5,4,1,1,1,1,0,1,0,0,1.6,False,False,False,0,False,True
feat_tl_post_00500_rem_45_5,tl_post_00500_rem_45_5,camp_rem_camp_0045,train,MEDIUM,138,17,3,0.0265,0.0217,0.0435,0,0,0,0,0,0,en,0,Latin,False,False,1.0,1,1,1,0,0.85,False,False,False,False,False,1,1,1,1,1,True,1,0,1.0,1,1,1.0,0,0,0,0,-1.0,False,0,1,0,0,0.0,1.0,0.0,0.0,0.0,True,False,0.0,0,False,False,-1.0,0,0,0,False,1,1,False,1,1,True,-1.0,False,0,5,4,1,1,1,1,0,1,0,0,1.6,False,False,False,0,False,True
feat_tl_post_00500_rem_46_0,tl_post_00500_rem_46_0,camp_rem_camp_0046,train,LOW,106,13,2,0.038,0.0943,0.0377,0,1,0,0,0,0,en,0,Latin,False,False,1.0,1,1,0,1,0.2,False,False,False,False,False,1,1,1,0,1,True,1,0,1.0,1,1,1.0,0,0,0,0,-1.0,False,1,0,0,0,1.0,0.0,0.0,0.0,1.0,False,True,0.0,0,False,False,-1.0,0,0,0,False,1,1,False,1,1,True,-1.0,False,0,5,4,1,1,1,1,1,0,0,0,1.6,False,False,False,0,False,False
feat_tl_post_00500_rem_46_1,tl_post_00500_rem_46_1,camp_rem_camp_0046,train,LOW,106,13,2,0.038,0.0943,0.0377,0,1,0,0,0,0,ta,1,Tamil,False,False,1.0,1,1,0,1,0.2,False,False,False,False,False,1,1,1,0,1,True,1,0,1.0,1,1,1.0,0,0,0,0,-1.0,False,1,0,0,0,1.0,0.0,0.0,0.0,1.0,False,True,0.0,0,False,False,-1.0,0,0,0,False,1,1,False,1,1,True,-1.0,False,0,5,4,1,1,1,1,1,0,0,0,1.6,False,False,False,0,False,False
feat_tl_post_00500_rem_46_2,tl_post_00500_rem_46_2,camp_rem_camp_0046,train,LOW,106,13,2,0.038,0.0943,0.0377,0,1,0,0,0,0,hi,2,Devanagari,False,False,1.0,1,1,0,1,0.2,False,False,False,False,False,1,1,1,0,1,True,1,0,1.0,1,1,1.0,0,0,0,0,-1.0,False,1,0,0,0,1.0,0.0,0.0,0.0,1.0,False,True,0.0,0,False,False,-1.0,0,0,0,False,1,1,False,1,1,True,-1.0,False,0,5,4,1,1,1,1,1,0,0,0,1.6,False,False,False,0,False,False
feat_tl_post_00500_rem_46_3,tl_post_00500_rem_46_3,camp_rem_camp_0046,train,LOW,106,13,2,0.038,0.0943,0.0377,0,1,0,0,0,0,ta-en,3,Latin,True,True,1.0,1,1,0,1,0.2,False,False,False,False,False,1,1,1,0,1,True,1,0,1.0,1,1,1.0,0,0,0,0,-1.0,False,1,0,0,0,1.0,0.0,0.0,0.0,1.0,False,True,0.0,0,False,False,-1.0,0,0,0,False,1,1,False,1,1,True,-1.0,False,0,5,4,1,1,1,1,1,0,0,0,1.6,False,False,False,0,False,False
feat_tl_post_00500_rem_46_4,tl_post_00500_rem_46_4,camp_rem_camp_0046,train,LOW,106,13,2,0.038,0.0943,0.0377,0,1,0,0,0,0,hi-en,4,Latin,True,True,1.0,1,1,0,1,0.2,False,False,False,False,False,1,1,1,0,1,True,1,0,1.0,1,1,1.0,0,0,0,0,-1.0,False,1,0,0,0,1.0,0.0,0.0,0.0,1.0,False,True,0.0,0,False,False,-1.0,0,0,0,False,1,1,False,1,1,True,-1.0,False,0,5,4,1,1,1,1,1,0,0,0,1.6,False,False,False,0,False,False
feat_tl_post_00500_rem_46_5,tl_post_00500_rem_46_5,camp_rem_camp_0046,train,LOW,106,13,2,0.038,0.0943,0.0377,0,1,0,0,0,0,en,0,Latin,False,False,1.0,1,1,0,1,0.2,False,False,False,False,False,1,1,1,0,1,True,1,0,1.0,1,1,1.0,0,0,0,0,-1.0,False,1,0,0,0,1.0,0.0,0.0,0.0,1.0,False,True,0.0,0,False,False,-1.0,0,0,0,False,1,1,False,1,1,True,-1.0,False,0,5,4,1,1,1,1,1,0,0,0,1.6,False,False,False,0,False,False
feat_tl_post_00500_rem_47_0,tl_post_00500_rem_47_0,camp_rem_camp_0047,train,LOW,106,13,2,0.038,0.0943,0.0377,0,1,0,0,0,0,en,0,Latin,False,False,1.0,1,1,0,1,0.2,False,False,False,False,False,1,1,1,0,1,True,1,0,1.0,1,1,1.0,0,0,0,0,-1.0,False,1,0,0,0,1.0,0.0,0.0,0.0,1.0,False,True,0.0,0,False,False,-1.0,0,0,0,False,1,1,False,1,1,True,-1.0,False,0,5,4,1,1,1,1,1,0,0,0,1.6,False,False,False,0,False,False
feat_tl_post_00500_rem_47_1,tl_post_00500_rem_47_1,camp_rem_camp_0047,train,LOW,106,13,2,0.038,0.0943,0.0377,0,1,0,0,0,0,ta,1,Tamil,False,False,1.0,1,1,0,1,0.2,False,False,False,False,False,1,1,1,0,1,True,1,0,1.0,1,1,1.0,0,0,0,0,-1.0,False,1,0,0,0,1.0,0.0,0.0,0.0,1.0,False,True,0.0,0,False,False,-1.0,0,0,0,False,1,1,False,1,1,True,-1.0,False,0,5,4,1,1,1,1,1,0,0,0,1.6,False,False,False,0,False,False
feat_tl_post_00500_rem_47_2,tl_post_00500_rem_47_2,camp_rem_camp_0047,train,LOW,106,13,2,0.038,0.0943,0.0377,0,1,0,0,0,0,hi,2,Devanagari,False,False,1.0,1,1,0,1,0.2,False,False,False,False,False,1,1,1,0,1,True,1,0,1.0,1,1,1.0,0,0,0,0,-1.0,False,1,0,0,0,1.0,0.0,0.0,0.0,1.0,False,True,0.0,0,False,False,-1.0,0,0,0,False,1,1,False,1,1,True,-1.0,False,0,5,4,1,1,1,1,1,0,0,0,1.6,False,False,False,0,False,False
feat_tl_post_00500_rem_47_3,tl_post_00500_rem_47_3,camp_rem_camp_0047,train,LOW,106,13,2,0.038,0.0943,0.0377,0,1,0,0,0,0,ta-en,3,Latin,True,True,1.0,1,1,0,1,0.2,False,False,False,False,False,1,1,1,0,1,True,1,0,1.0,1,1,1.0,0,0,0,0,-1.0,False,1,0,0,0,1.0,0.0,0.0,0.0,1.0,False,True,0.0,0,False,False,-1.0,0,0,0,False,1,1,False,1,1,True,-1.0,False,0,5,4,1,1,1,1,1,0,0,0,1.6,False,False,False,0,False,False
feat_tl_post_00500_rem_47_4,tl_post_00500_rem_47_4,camp_rem_camp_0047,train,LOW,106,13,2,0.038,0.0943,0.0377,0,1,0,0,0,0,hi-en,4,Latin,True,True,1.0,1,1,0,1,0.2,False,False,False,False,False,1,1,1,0,1,True,1,0,1.0,1,1,1.0,0,0,0,0,-1.0,False,1,0,0,0,1.0,0.0,0.0,0.0,1.0,False,True,0.0,0,False,False,-1.0,0,0,0,False,1,1,False,1,1,True,-1.0,False,0,5,4,1,1,1,1,1,0,0,0,1.6,False,False,False,0,False,False
feat_tl_post_00500_rem_47_5,tl_post_00500_rem_47_5,camp_rem_camp_0047,train,LOW,106,13,2,0.038,0.0943,0.0377,0,1,0,0,0,0,en,0,Latin,False,False,1.0,1,1,0,1,0.2,False,False,False,False,False,1,1,1,0,1,True,1,0,1.0,1,1,1.0,0,0,0,0,-1.0,False,1,0,0,0,1.0,0.0,0.0,0.0,1.0,False,True,0.0,0,False,False,-1.0,0,0,0,False,1,1,False,1,1,True,-1.0,False,0,5,4,1,1,1,1,1,0,0,0,1.6,False,False,False,0,False,False
feat_tl_post_00500_rem_48_0,tl_post_00500_rem_48_0,camp_rem_camp_0048,train,LOW,106,13,2,0.038,0.0943,0.0377,0,1,0,0,0,0,en,0,Latin,False,False,1.0,1,1,0,1,0.2,False,False,False,False,False,1,1,1,0,1,True,1,0,1.0,1,1,1.0,0,0,0,0,-1.0,False,1,0,0,0,1.0,0.0,0.0,0.0,1.0,False,True,0.0,0,False,False,-1.0,0,0,0,False,1,1,False,1,1,True,-1.0,False,0,5,4,1,1,1,1,1,0,0,0,1.6,False,False,False,0,False,False
feat_tl_post_00500_rem_48_1,tl_post_00500_rem_48_1,camp_rem_camp_0048,train,LOW,106,13,2,0.038,0.0943,0.0377,0,1,0,0,0,0,ta,1,Tamil,False,False,1.0,1,1,0,1,0.2,False,False,False,False,False,1,1,1,0,1,True,1,0,1.0,1,1,1.0,0,0,0,0,-1.0,False,1,0,0,0,1.0,0.0,0.0,0.0,1.0,False,True,0.0,0,False,False,-1.0,0,0,0,False,1,1,False,1,1,True,-1.0,False,0,5,4,1,1,1,1,1,0,0,0,1.6,False,False,False,0,False,False
feat_tl_post_00500_rem_48_2,tl_post_00500_rem_48_2,camp_rem_camp_0048,train,LOW,106,13,2,0.038,0.0943,0.0377,0,1,0,0,0,0,hi,2,Devanagari,False,False,1.0,1,1,0,1,0.2,False,False,False,False,False,1,1,1,0,1,True,1,0,1.0,1,1,1.0,0,0,0,0,-1.0,False,1,0,0,0,1.0,0.0,0.0,0.0,1.0,False,True,0.0,0,False,False,-1.0,0,0,0,False,1,1,False,1,1,True,-1.0,False,0,5,4,1,1,1,1,1,0,0,0,1.6,False,False,False,0,False,False
feat_tl_post_00500_rem_48_3,tl_post_00500_rem_48_3,camp_rem_camp_0048,train,LOW,106,13,2,0.038,0.0943,0.0377,0,1,0,0,0,0,ta-en,3,Latin,True,True,1.0,1,1,0,1,0.2,False,False,False,False,False,1,1,1,0,1,True,1,0,1.0,1,1,1.0,0,0,0,0,-1.0,False,1,0,0,0,1.0,0.0,0.0,0.0,1.0,False,True,0.0,0,False,False,-1.0,0,0,0,False,1,1,False,1,1,True,-1.0,False,0,5,4,1,1,1,1,1,0,0,0,1.6,False,False,False,0,False,False
feat_tl_post_00500_rem_48_4,tl_post_00500_rem_48_4,camp_rem_camp_0048,train,LOW,106,13,2,0.038,0.0943,0.0377,0,1,0,0,0,0,hi-en,4,Latin,True,True,1.0,1,1,0,1,0.2,False,False,False,False,False,1,1,1,0,1,True,1,0,1.0,1,1,1.0,0,0,0,0,-1.0,False,1,0,0,0,1.0,0.0,0.0,0.0,1.0,False,True,0.0,0,False,False,-1.0,0,0,0,False,1,1,False,1,1,True,-1.0,False,0,5,4,1,1,1,1,1,0,0,0,1.6,False,False,False,0,False,False
feat_tl_post_00500_rem_48_5,tl_post_00500_rem_48_5,camp_rem_camp_0048,train,LOW,106,13,2,0.038,0.0943,0.0377,0,1,0,0,0,0,en,0,Latin,False,False,1.0,1,1,0,1,0.2,False,False,False,False,False,1,1,1,0,1,True,1,0,1.0,1,1,1.0,0,0,0,0,-1.0,False,1,0,0,0,1.0,0.0,0.0,0.0,1.0,False,True,0.0,0,False,False,-1.0,0,0,0,False,1,1,False,1,1,True,-1.0,False,0,5,4,1,1,1,1,1,0,0,0,1.6,False,False,False,0,False,False
feat_tl_post_00500_rem_49_0,tl_post_00500_rem_49_0,camp_rem_camp_0049,train,LOW,106,13,2,0.038,0.0943,0.0377,0,1,0,0,0,0,en,0,Latin,False,False,1.0,1,1,0,1,0.2,False,False,False,False,False,1,1,1,0,1,True,1,0,1.0,1,1,1.0,0,0,0,0,-1.0,False,1,0,0,0,1.0,0.0,0.0,0.0,1.0,False,True,0.0,0,False,False,-1.0,0,0,0,False,1,1,False,1,1,True,-1.0,False,0,5,4,1,1,1,1,1,0,0,0,1.6,False,False,False,0,False,False
feat_tl_post_00500_rem_49_1,tl_post_00500_rem_49_1,camp_rem_camp_0049,train,LOW,106,13,2,0.038,0.0943,0.0377,0,1,0,0,0,0,ta,1,Tamil,False,False,1.0,1,1,0,1,0.2,False,False,False,False,False,1,1,1,0,1,True,1,0,1.0,1,1,1.0,0,0,0,0,-1.0,False,1,0,0,0,1.0,0.0,0.0,0.0,1.0,False,True,0.0,0,False,False,-1.0,0,0,0,False,1,1,False,1,1,True,-1.0,False,0,5,4,1,1,1,1,1,0,0,0,1.6,False,False,False,0,False,False
feat_tl_post_00500_rem_49_2,tl_post_00500_rem_49_2,camp_rem_camp_0049,train,LOW,106,13,2,0.038,0.0943,0.0377,0,1,0,0,0,0,hi,2,Devanagari,False,False,1.0,1,1,0,1,0.2,False,False,False,False,False,1,1,1,0,1,True,1,0,1.0,1,1,1.0,0,0,0,0,-1.0,False,1,0,0,0,1.0,0.0,0.0,0.0,1.0,False,True,0.0,0,False,False,-1.0,0,0,0,False,1,1,False,1,1,True,-1.0,False,0,5,4,1,1,1,1,1,0,0,0,1.6,False,False,False,0,False,False
feat_tl_post_00500_rem_49_3,tl_post_00500_rem_49_3,camp_rem_camp_0049,train,LOW,106,13,2,0.038,0.0943,0.0377,0,1,0,0,0,0,ta-en,3,Latin,True,True,1.0,1,1,0,1,0.2,False,False,False,False,False,1,1,1,0,1,True,1,0,1.0,1,1,1.0,0,0,0,0,-1.0,False,1,0,0,0,1.0,0.0,0.0,0.0,1.0,False,True,0.0,0,False,False,-1.0,0,0,0,False,1,1,False,1,1,True,-1.0,False,0,5,4,1,1,1,1,1,0,0,0,1.6,False,False,False,0,False,False
feat_tl_post_00500_rem_49_4,tl_post_00500_rem_49_4,camp_rem_camp_0049,train,LOW,106,13,2,0.038,0.0943,0.0377,0,1,0,0,0,0,hi-en,4,Latin,True,True,1.0,1,1,0,1,0.2,False,False,False,False,False,1,1,1,0,1,True,1,0,1.0,1,1,1.0,0,0,0,0,-1.0,False,1,0,0,0,1.0,0.0,0.0,0.0,1.0,False,True,0.0,0,False,False,-1.0,0,0,0,False,1,1,False,1,1,True,-1.0,False,0,5,4,1,1,1,1,1,0,0,0,1.6,False,False,False,0,False,False
feat_tl_post_00500_rem_49_5,tl_post_00500_rem_49_5,camp_rem_camp_0049,train,LOW,106,13,2,0.038,0.0943,0.0377,0,1,0,0,0,0,en,0,Latin,False,False,1.0,1,1,0,1,0.2,False,False,False,False,False,1,1,1,0,1,True,1,0,1.0,1,1,1.0,0,0,0,0,-1.0,False,1,0,0,0,1.0,0.0,0.0,0.0,1.0,False,True,0.0,0,False,False,-1.0,0,0,0,False,1,1,False,1,1,True,-1.0,False,0,5,4,1,1,1,1,1,0,0,0,1.6,False,False,False,0,False,False
feat_tl_post_00500_rem_50_0,tl_post_00500_rem_50_0,camp_rem_camp_0050,train,LOW,106,13,2,0.038,0.0943,0.0377,0,1,0,0,0,0,en,0,Latin,False,False,1.0,1,1,0,1,0.2,False,False,False,False,False,1,1,1,0,1,True,1,0,1.0,1,1,1.0,0,0,0,0,-1.0,False,1,0,0,0,1.0,0.0,0.0,0.0,1.0,False,True,0.0,0,False,False,-1.0,0,0,0,False,1,1,False,1,1,True,-1.0,False,0,5,4,1,1,1,1,1,0,0,0,1.6,False,False,False,0,False,False
feat_tl_post_00500_rem_50_1,tl_post_00500_rem_50_1,camp_rem_camp_0050,train,LOW,106,13,2,0.038,0.0943,0.0377,0,1,0,0,0,0,ta,1,Tamil,False,False,1.0,1,1,0,1,0.2,False,False,False,False,False,1,1,1,0,1,True,1,0,1.0,1,1,1.0,0,0,0,0,-1.0,False,1,0,0,0,1.0,0.0,0.0,0.0,1.0,False,True,0.0,0,False,False,-1.0,0,0,0,False,1,1,False,1,1,True,-1.0,False,0,5,4,1,1,1,1,1,0,0,0,1.6,False,False,False,0,False,False
feat_tl_post_00500_rem_50_2,tl_post_00500_rem_50_2,camp_rem_camp_0050,train,LOW,106,13,2,0.038,0.0943,0.0377,0,1,0,0,0,0,hi,2,Devanagari,False,False,1.0,1,1,0,1,0.2,False,False,False,False,False,1,1,1,0,1,True,1,0,1.0,1,1,1.0,0,0,0,0,-1.0,False,1,0,0,0,1.0,0.0,0.0,0.0,1.0,False,True,0.0,0,False,False,-1.0,0,0,0,False,1,1,False,1,1,True,-1.0,False,0,5,4,1,1,1,1,1,0,0,0,1.6,False,False,False,0,False,False
feat_tl_post_00500_rem_50_3,tl_post_00500_rem_50_3,camp_rem_camp_0050,train,LOW,106,13,2,0.038,0.0943,0.0377,0,1,0,0,0,0,ta-en,3,Latin,True,True,1.0,1,1,0,1,0.2,False,False,False,False,False,1,1,1,0,1,True,1,0,1.0,1,1,1.0,0,0,0,0,-1.0,False,1,0,0,0,1.0,0.0,0.0,0.0,1.0,False,True,0.0,0,False,False,-1.0,0,0,0,False,1,1,False,1,1,True,-1.0,False,0,5,4,1,1,1,1,1,0,0,0,1.6,False,False,False,0,False,False
feat_tl_post_00500_rem_50_4,tl_post_00500_rem_50_4,camp_rem_camp_0050,train,LOW,106,13,2,0.038,0.0943,0.0377,0,1,0,0,0,0,hi-en,4,Latin,True,True,1.0,1,1,0,1,0.2,False,False,False,False,False,1,1,1,0,1,True,1,0,1.0,1,1,1.0,0,0,0,0,-1.0,False,1,0,0,0,1.0,0.0,0.0,0.0,1.0,False,True,0.0,0,False,False,-1.0,0,0,0,False,1,1,False,1,1,True,-1.0,False,0,5,4,1,1,1,1,1,0,0,0,1.6,False,False,False,0,False,False
feat_tl_post_00500_rem_50_5,tl_post_00500_rem_50_5,camp_rem_camp_0050,train,LOW,106,13,2,0.038,0.0943,0.0377,0,1,0,0,0,0,en,0,Latin,False,False,1.0,1,1,0,1,0.2,False,False,False,False,False,1,1,1,0,1,True,1,0,1.0,1,1,1.0,0,0,0,0,-1.0,False,1,0,0,0,1.0,0.0,0.0,0.0,1.0,False,True,0.0,0,False,False,-1.0,0,0,0,False,1,1,False,1,1,True,-1.0,False,0,5,4,1,1,1,1,1,0,0,0,1.6,False,False,False,0,False,False
feat_tl_post_00500_rem_51_0,tl_post_00500_rem_51_0,camp_rem_camp_0051,train,LOW,106,13,2,0.038,0.0943,0.0377,0,1,0,0,0,0,en,0,Latin,False,False,1.0,1,1,0,1,0.2,False,False,False,False,False,1,1,1,0,1,True,1,0,1.0,1,1,1.0,0,0,0,0,-1.0,False,1,0,0,0,1.0,0.0,0.0,0.0,1.0,False,True,0.0,0,False,False,-1.0,0,0,0,False,1,1,False,1,1,True,-1.0,False,0,5,4,1,1,1,1,1,0,0,0,1.6,False,False,False,0,False,False
feat_tl_post_00500_rem_51_1,tl_post_00500_rem_51_1,camp_rem_camp_0051,train,LOW,106,13,2,0.038,0.0943,0.0377,0,1,0,0,0,0,ta,1,Tamil,False,False,1.0,1,1,0,1,0.2,False,False,False,False,False,1,1,1,0,1,True,1,0,1.0,1,1,1.0,0,0,0,0,-1.0,False,1,0,0,0,1.0,0.0,0.0,0.0,1.0,False,True,0.0,0,False,False,-1.0,0,0,0,False,1,1,False,1,1,True,-1.0,False,0,5,4,1,1,1,1,1,0,0,0,1.6,False,False,False,0,False,False
feat_tl_post_00500_rem_51_2,tl_post_00500_rem_51_2,camp_rem_camp_0051,train,LOW,106,13,2,0.038,0.0943,0.0377,0,1,0,0,0,0,hi,2,Devanagari,False,False,1.0,1,1,0,1,0.2,False,False,False,False,False,1,1,1,0,1,True,1,0,1.0,1,1,1.0,0,0,0,0,-1.0,False,1,0,0,0,1.0,0.0,0.0,0.0,1.0,False,True,0.0,0,False,False,-1.0,0,0,0,False,1,1,False,1,1,True,-1.0,False,0,5,4,1,1,1,1,1,0,0,0,1.6,False,False,False,0,False,False
feat_tl_post_00500_rem_51_3,tl_post_00500_rem_51_3,camp_rem_camp_0051,train,LOW,106,13,2,0.038,0.0943,0.0377,0,1,0,0,0,0,ta-en,3,Latin,True,True,1.0,1,1,0,1,0.2,False,False,False,False,False,1,1,1,0,1,True,1,0,1.0,1,1,1.0,0,0,0,0,-1.0,False,1,0,0,0,1.0,0.0,0.0,0.0,1.0,False,True,0.0,0,False,False,-1.0,0,0,0,False,1,1,False,1,1,True,-1.0,False,0,5,4,1,1,1,1,1,0,0,0,1.6,False,False,False,0,False,False
feat_tl_post_00500_rem_51_4,tl_post_00500_rem_51_4,camp_rem_camp_0051,train,LOW,106,13,2,0.038,0.0943,0.0377,0,1,0,0,0,0,hi-en,4,Latin,True,True,1.0,1,1,0,1,0.2,False,False,False,False,False,1,1,1,0,1,True,1,0,1.0,1,1,1.0,0,0,0,0,-1.0,False,1,0,0,0,1.0,0.0,0.0,0.0,1.0,False,True,0.0,0,False,False,-1.0,0,0,0,False,1,1,False,1,1,True,-1.0,False,0,5,4,1,1,1,1,1,0,0,0,1.6,False,False,False,0,False,False
feat_tl_post_00500_rem_51_5,tl_post_00500_rem_51_5,camp_rem_camp_0051,train,LOW,106,13,2,0.038,0.0943,0.0377,0,1,0,0,0,0,en,0,Latin,False,False,1.0,1,1,0,1,0.2,False,False,False,False,False,1,1,1,0,1,True,1,0,1.0,1,1,1.0,0,0,0,0,-1.0,False,1,0,0,0,1.0,0.0,0.0,0.0,1.0,False,True,0.0,0,False,False,-1.0,0,0,0,False,1,1,False,1,1,True,-1.0,False,0,5,4,1,1,1,1,1,0,0,0,1.6,False,False,False,0,False,False
feat_tl_post_00500_rem_52_0,tl_post_00500_rem_52_0,camp_rem_camp_0052,train,LOW,106,13,2,0.038,0.0943,0.0377,0,1,0,0,0,0,en,0,Latin,False,False,1.0,1,1,0,1,0.2,False,False,False,False,False,1,1,1,0,1,True,1,0,1.0,1,1,1.0,0,0,0,0,-1.0,False,1,0,0,0,1.0,0.0,0.0,0.0,1.0,False,True,0.0,0,False,False,-1.0,0,0,0,False,1,1,False,1,1,True,-1.0,False,0,5,4,1,1,1,1,1,0,0,0,1.6,False,False,False,0,False,False
feat_tl_post_00500_rem_52_1,tl_post_00500_rem_52_1,camp_rem_camp_0052,train,LOW,106,13,2,0.038,0.0943,0.0377,0,1,0,0,0,0,ta,1,Tamil,False,False,1.0,1,1,0,1,0.2,False,False,False,False,False,1,1,1,0,1,True,1,0,1.0,1,1,1.0,0,0,0,0,-1.0,False,1,0,0,0,1.0,0.0,0.0,0.0,1.0,False,True,0.0,0,False,False,-1.0,0,0,0,False,1,1,False,1,1,True,-1.0,False,0,5,4,1,1,1,1,1,0,0,0,1.6,False,False,False,0,False,False
feat_tl_post_00500_rem_52_2,tl_post_00500_rem_52_2,camp_rem_camp_0052,train,LOW,106,13,2,0.038,0.0943,0.0377,0,1,0,0,0,0,hi,2,Devanagari,False,False,1.0,1,1,0,1,0.2,False,False,False,False,False,1,1,1,0,1,True,1,0,1.0,1,1,1.0,0,0,0,0,-1.0,False,1,0,0,0,1.0,0.0,0.0,0.0,1.0,False,True,0.0,0,False,False,-1.0,0,0,0,False,1,1,False,1,1,True,-1.0,False,0,5,4,1,1,1,1,1,0,0,0,1.6,False,False,False,0,False,False
feat_tl_post_00500_rem_52_3,tl_post_00500_rem_52_3,camp_rem_camp_0052,train,LOW,106,13,2,0.038,0.0943,0.0377,0,1,0,0,0,0,ta-en,3,Latin,True,True,1.0,1,1,0,1,0.2,False,False,False,False,False,1,1,1,0,1,True,1,0,1.0,1,1,1.0,0,0,0,0,-1.0,False,1,0,0,0,1.0,0.0,0.0,0.0,1.0,False,True,0.0,0,False,False,-1.0,0,0,0,False,1,1,False,1,1,True,-1.0,False,0,5,4,1,1,1,1,1,0,0,0,1.6,False,False,False,0,False,False
feat_tl_post_00500_rem_52_4,tl_post_00500_rem_52_4,camp_rem_camp_0052,train,LOW,106,13,2,0.038,0.0943,0.0377,0,1,0,0,0,0,hi-en,4,Latin,True,True,1.0,1,1,0,1,0.2,False,False,False,False,False,1,1,1,0,1,True,1,0,1.0,1,1,1.0,0,0,0,0,-1.0,False,1,0,0,0,1.0,0.0,0.0,0.0,1.0,False,True,0.0,0,False,False,-1.0,0,0,0,False,1,1,False,1,1,True,-1.0,False,0,5,4,1,1,1,1,1,0,0,0,1.6,False,False,False,0,False,False
feat_tl_post_00500_rem_52_5,tl_post_00500_rem_52_5,camp_rem_camp_0052,train,LOW,106,13,2,0.038,0.0943,0.0377,0,1,0,0,0,0,en,0,Latin,False,False,1.0,1,1,0,1,0.2,False,False,False,False,False,1,1,1,0,1,True,1,0,1.0,1,1,1.0,0,0,0,0,-1.0,False,1,0,0,0,1.0,0.0,0.0,0.0,1.0,False,True,0.0,0,False,False,-1.0,0,0,0,False,1,1,False,1,1,True,-1.0,False,0,5,4,1,1,1,1,1,0,0,0,1.6,False,False,False,0,False,False
feat_tl_post_00500_rem_53_0,tl_post_00500_rem_53_0,camp_rem_camp_0053,train,LOW,106,13,2,0.038,0.0943,0.0377,0,1,0,0,0,0,en,0,Latin,False,False,1.0,1,1,0,1,0.2,False,False,False,False,False,1,1,1,0,1,True,1,0,1.0,1,1,1.0,0,0,0,0,-1.0,False,1,0,0,0,1.0,0.0,0.0,0.0,1.0,False,True,0.0,0,False,False,-1.0,0,0,0,False,1,1,False,1,1,True,-1.0,False,0,5,4,1,1,1,1,1,0,0,0,1.6,False,False,False,0,False,False
feat_tl_post_00500_rem_53_1,tl_post_00500_rem_53_1,camp_rem_camp_0053,train,LOW,106,13,2,0.038,0.0943,0.0377,0,1,0,0,0,0,ta,1,Tamil,False,False,1.0,1,1,0,1,0.2,False,False,False,False,False,1,1,1,0,1,True,1,0,1.0,1,1,1.0,0,0,0,0,-1.0,False,1,0,0,0,1.0,0.0,0.0,0.0,1.0,False,True,0.0,0,False,False,-1.0,0,0,0,False,1,1,False,1,1,True,-1.0,False,0,5,4,1,1,1,1,1,0,0,0,1.6,False,False,False,0,False,False
feat_tl_post_00500_rem_53_2,tl_post_00500_rem_53_2,camp_rem_camp_0053,train,LOW,106,13,2,0.038,0.0943,0.0377,0,1,0,0,0,0,hi,2,Devanagari,False,False,1.0,1,1,0,1,0.2,False,False,False,False,False,1,1,1,0,1,True,1,0,1.0,1,1,1.0,0,0,0,0,-1.0,False,1,0,0,0,1.0,0.0,0.0,0.0,1.0,False,True,0.0,0,False,False,-1.0,0,0,0,False,1,1,False,1,1,True,-1.0,False,0,5,4,1,1,1,1,1,0,0,0,1.6,False,False,False,0,False,False
feat_tl_post_00500_rem_53_3,tl_post_00500_rem_53_3,camp_rem_camp_0053,train,LOW,106,13,2,0.038,0.0943,0.0377,0,1,0,0,0,0,ta-en,3,Latin,True,True,1.0,1,1,0,1,0.2,False,False,False,False,False,1,1,1,0,1,True,1,0,1.0,1,1,1.0,0,0,0,0,-1.0,False,1,0,0,0,1.0,0.0,0.0,0.0,1.0,False,True,0.0,0,False,False,-1.0,0,0,0,False,1,1,False,1,1,True,-1.0,False,0,5,4,1,1,1,1,1,0,0,0,1.6,False,False,False,0,False,False
feat_tl_post_00500_rem_53_4,tl_post_00500_rem_53_4,camp_rem_camp_0053,train,LOW,106,13,2,0.038,0.0943,0.0377,0,1,0,0,0,0,hi-en,4,Latin,True,True,1.0,1,1,0,1,0.2,False,False,False,False,False,1,1,1,0,1,True,1,0,1.0,1,1,1.0,0,0,0,0,-1.0,False,1,0,0,0,1.0,0.0,0.0,0.0,1.0,False,True,0.0,0,False,False,-1.0,0,0,0,False,1,1,False,1,1,True,-1.0,False,0,5,4,1,1,1,1,1,0,0,0,1.6,False,False,False,0,False,False
feat_tl_post_00500_rem_53_5,tl_post_00500_rem_53_5,camp_rem_camp_0053,train,LOW,106,13,2,0.038,0.0943,0.0377,0,1,0,0,0,0,en,0,Latin,False,False,1.0,1,1,0,1,0.2,False,False,False,False,False,1,1,1,0,1,True,1,0,1.0,1,1,1.0,0,0,0,0,-1.0,False,1,0,0,0,1.0,0.0,0.0,0.0,1.0,False,True,0.0,0,False,False,-1.0,0,0,0,False,1,1,False,1,1,True,-1.0,False,0,5,4,1,1,1,1,1,0,0,0,1.6,False,False,False,0,False,False
feat_tl_post_00500_rem_54_0,tl_post_00500_rem_54_0,camp_rem_camp_0054,train,INSUFFICIENT,108,12,3,0.0225,0.0278,0.0463,0,0,0,0,0,0,en,0,Latin,False,False,1.0,1,1,0,1,0.2,False,False,False,False,False,0,0,1,0,1,True,1,0,1.0,1,1,1.0,0,0,0,0,-1.0,False,0,0,0,1,0.0,0.0,0.0,1.0,0.0,False,False,0.0,0,False,False,-1.0,0,0,0,False,1,1,False,1,1,True,-1.0,False,0,5,4,1,1,1,1,0,0,0,1,1.6,False,False,False,0,False,False
feat_tl_post_00500_rem_54_1,tl_post_00500_rem_54_1,camp_rem_camp_0054,train,INSUFFICIENT,108,12,3,0.0225,0.0278,0.0463,0,0,0,0,0,0,ta,1,Tamil,False,False,1.0,1,1,0,1,0.2,False,False,False,False,False,0,0,1,0,1,True,1,0,1.0,1,1,1.0,0,0,0,0,-1.0,False,0,0,0,1,0.0,0.0,0.0,1.0,0.0,False,False,0.0,0,False,False,-1.0,0,0,0,False,1,1,False,1,1,True,-1.0,False,0,5,4,1,1,1,1,0,0,0,1,1.6,False,False,False,0,False,False
feat_tl_post_00500_rem_54_2,tl_post_00500_rem_54_2,camp_rem_camp_0054,train,INSUFFICIENT,108,12,3,0.0225,0.0278,0.0463,0,0,0,0,0,0,hi,2,Devanagari,False,False,1.0,1,1,0,1,0.2,False,False,False,False,False,0,0,1,0,1,True,1,0,1.0,1,1,1.0,0,0,0,0,-1.0,False,0,0,0,1,0.0,0.0,0.0,1.0,0.0,False,False,0.0,0,False,False,-1.0,0,0,0,False,1,1,False,1,1,True,-1.0,False,0,5,4,1,1,1,1,0,0,0,1,1.6,False,False,False,0,False,False
feat_tl_post_00500_rem_54_3,tl_post_00500_rem_54_3,camp_rem_camp_0054,train,INSUFFICIENT,108,12,3,0.0225,0.0278,0.0463,0,0,0,0,0,0,ta-en,3,Latin,True,True,1.0,1,1,0,1,0.2,False,False,False,False,False,0,0,1,0,1,True,1,0,1.0,1,1,1.0,0,0,0,0,-1.0,False,0,0,0,1,0.0,0.0,0.0,1.0,0.0,False,False,0.0,0,False,False,-1.0,0,0,0,False,1,1,False,1,1,True,-1.0,False,0,5,4,1,1,1,1,0,0,0,1,1.6,False,False,False,0,False,False
feat_tl_post_00500_rem_54_4,tl_post_00500_rem_54_4,camp_rem_camp_0054,train,INSUFFICIENT,108,12,3,0.0225,0.0278,0.0463,0,0,0,0,0,0,hi-en,4,Latin,True,True,1.0,1,1,0,1,0.2,False,False,False,False,False,0,0,1,0,1,True,1,0,1.0,1,1,1.0,0,0,0,0,-1.0,False,0,0,0,1,0.0,0.0,0.0,1.0,0.0,False,False,0.0,0,False,False,-1.0,0,0,0,False,1,1,False,1,1,True,-1.0,False,0,5,4,1,1,1,1,0,0,0,1,1.6,False,False,False,0,False,False
feat_tl_post_00500_rem_54_5,tl_post_00500_rem_54_5,camp_rem_camp_0054,train,INSUFFICIENT,108,12,3,0.0225,0.0278,0.0463,0,0,0,0,0,0,en,0,Latin,False,False,1.0,1,1,0,1,0.2,False,False,False,False,False,0,0,1,0,1,True,1,0,1.0,1,1,1.0,0,0,0,0,-1.0,False,0,0,0,1,0.0,0.0,0.0,1.0,0.0,False,False,0.0,0,False,False,-1.0,0,0,0,False,1,1,False,1,1,True,-1.0,False,0,5,4,1,1,1,1,0,0,0,1,1.6,False,False,False,0,False,False
feat_tl_post_00500_rem_55_0,tl_post_00500_rem_55_0,camp_rem_camp_0055,train,INSUFFICIENT,108,12,3,0.0225,0.0278,0.0463,0,0,0,0,0,0,en,0,Latin,False,False,1.0,1,1,0,1,0.2,False,False,False,False,False,0,0,1,0,1,True,1,0,1.0,1,1,1.0,0,0,0,0,-1.0,False,0,0,0,1,0.0,0.0,0.0,1.0,0.0,False,False,0.0,0,False,False,-1.0,0,0,0,False,1,1,False,1,1,True,-1.0,False,0,5,4,1,1,1,1,0,0,0,1,1.6,False,False,False,0,False,False
feat_tl_post_00500_rem_55_1,tl_post_00500_rem_55_1,camp_rem_camp_0055,train,INSUFFICIENT,108,12,3,0.0225,0.0278,0.0463,0,0,0,0,0,0,ta,1,Tamil,False,False,1.0,1,1,0,1,0.2,False,False,False,False,False,0,0,1,0,1,True,1,0,1.0,1,1,1.0,0,0,0,0,-1.0,False,0,0,0,1,0.0,0.0,0.0,1.0,0.0,False,False,0.0,0,False,False,-1.0,0,0,0,False,1,1,False,1,1,True,-1.0,False,0,5,4,1,1,1,1,0,0,0,1,1.6,False,False,False,0,False,False
feat_tl_post_00500_rem_55_2,tl_post_00500_rem_55_2,camp_rem_camp_0055,train,INSUFFICIENT,108,12,3,0.0225,0.0278,0.0463,0,0,0,0,0,0,hi,2,Devanagari,False,False,1.0,1,1,0,1,0.2,False,False,False,False,False,0,0,1,0,1,True,1,0,1.0,1,1,1.0,0,0,0,0,-1.0,False,0,0,0,1,0.0,0.0,0.0,1.0,0.0,False,False,0.0,0,False,False,-1.0,0,0,0,False,1,1,False,1,1,True,-1.0,False,0,5,4,1,1,1,1,0,0,0,1,1.6,False,False,False,0,False,False
feat_tl_post_00500_rem_55_3,tl_post_00500_rem_55_3,camp_rem_camp_0055,train,INSUFFICIENT,108,12,3,0.0225,0.0278,0.0463,0,0,0,0,0,0,ta-en,3,Latin,True,True,1.0,1,1,0,1,0.2,False,False,False,False,False,0,0,1,0,1,True,1,0,1.0,1,1,1.0,0,0,0,0,-1.0,False,0,0,0,1,0.0,0.0,0.0,1.0,0.0,False,False,0.0,0,False,False,-1.0,0,0,0,False,1,1,False,1,1,True,-1.0,False,0,5,4,1,1,1,1,0,0,0,1,1.6,False,False,False,0,False,False
feat_tl_post_00500_rem_55_4,tl_post_00500_rem_55_4,camp_rem_camp_0055,train,INSUFFICIENT,108,12,3,0.0225,0.0278,0.0463,0,0,0,0,0,0,hi-en,4,Latin,True,True,1.0,1,1,0,1,0.2,False,False,False,False,False,0,0,1,0,1,True,1,0,1.0,1,1,1.0,0,0,0,0,-1.0,False,0,0,0,1,0.0,0.0,0.0,1.0,0.0,False,False,0.0,0,False,False,-1.0,0,0,0,False,1,1,False,1,1,True,-1.0,False,0,5,4,1,1,1,1,0,0,0,1,1.6,False,False,False,0,False,False
feat_tl_post_00500_rem_55_5,tl_post_00500_rem_55_5,camp_rem_camp_0055,train,INSUFFICIENT,108,12,3,0.0225,0.0278,0.0463,0,0,0,0,0,0,en,0,Latin,False,False,1.0,1,1,0,1,0.2,False,False,False,False,False,0,0,1,0,1,True,1,0,1.0,1,1,1.0,0,0,0,0,-1.0,False,0,0,0,1,0.0,0.0,0.0,1.0,0.0,False,False,0.0,0,False,False,-1.0,0,0,0,False,1,1,False,1,1,True,-1.0,False,0,5,4,1,1,1,1,0,0,0,1,1.6,False,False,False,0,False,False
feat_tl_post_00500_rem_56_0,tl_post_00500_rem_56_0,camp_rem_camp_0056,train,INSUFFICIENT,108,12,3,0.0225,0.0278,0.0463,0,0,0,0,0,0,en,0,Latin,False,False,1.0,1,1,0,1,0.2,False,False,False,False,False,0,0,1,0,1,True,1,0,1.0,1,1,1.0,0,0,0,0,-1.0,False,0,0,0,1,0.0,0.0,0.0,1.0,0.0,False,False,0.0,0,False,False,-1.0,0,0,0,False,1,1,False,1,1,True,-1.0,False,0,5,4,1,1,1,1,0,0,0,1,1.6,False,False,False,0,False,False
feat_tl_post_00500_rem_56_1,tl_post_00500_rem_56_1,camp_rem_camp_0056,train,INSUFFICIENT,108,12,3,0.0225,0.0278,0.0463,0,0,0,0,0,0,ta,1,Tamil,False,False,1.0,1,1,0,1,0.2,False,False,False,False,False,0,0,1,0,1,True,1,0,1.0,1,1,1.0,0,0,0,0,-1.0,False,0,0,0,1,0.0,0.0,0.0,1.0,0.0,False,False,0.0,0,False,False,-1.0,0,0,0,False,1,1,False,1,1,True,-1.0,False,0,5,4,1,1,1,1,0,0,0,1,1.6,False,False,False,0,False,False
feat_tl_post_00500_rem_56_2,tl_post_00500_rem_56_2,camp_rem_camp_0056,train,INSUFFICIENT,108,12,3,0.0225,0.0278,0.0463,0,0,0,0,0,0,hi,2,Devanagari,False,False,1.0,1,1,0,1,0.2,False,False,False,False,False,0,0,1,0,1,True,1,0,1.0,1,1,1.0,0,0,0,0,-1.0,False,0,0,0,1,0.0,0.0,0.0,1.0,0.0,False,False,0.0,0,False,False,-1.0,0,0,0,False,1,1,False,1,1,True,-1.0,False,0,5,4,1,1,1,1,0,0,0,1,1.6,False,False,False,0,False,False
feat_tl_post_00500_rem_56_3,tl_post_00500_rem_56_3,camp_rem_camp_0056,train,INSUFFICIENT,108,12,3,0.0225,0.0278,0.0463,0,0,0,0,0,0,ta-en,3,Latin,True,True,1.0,1,1,0,1,0.2,False,False,False,False,False,0,0,1,0,1,True,1,0,1.0,1,1,1.0,0,0,0,0,-1.0,False,0,0,0,1,0.0,0.0,0.0,1.0,0.0,False,False,0.0,0,False,False,-1.0,0,0,0,False,1,1,False,1,1,True,-1.0,False,0,5,4,1,1,1,1,0,0,0,1,1.6,False,False,False,0,False,False
feat_tl_post_00500_rem_56_4,tl_post_00500_rem_56_4,camp_rem_camp_0056,train,INSUFFICIENT,108,12,3,0.0225,0.0278,0.0463,0,0,0,0,0,0,hi-en,4,Latin,True,True,1.0,1,1,0,1,0.2,False,False,False,False,False,0,0,1,0,1,True,1,0,1.0,1,1,1.0,0,0,0,0,-1.0,False,0,0,0,1,0.0,0.0,0.0,1.0,0.0,False,False,0.0,0,False,False,-1.0,0,0,0,False,1,1,False,1,1,True,-1.0,False,0,5,4,1,1,1,1,0,0,0,1,1.6,False,False,False,0,False,False
feat_tl_post_00500_rem_56_5,tl_post_00500_rem_56_5,camp_rem_camp_0056,train,INSUFFICIENT,108,12,3,0.0225,0.0278,0.0463,0,0,0,0,0,0,en,0,Latin,False,False,1.0,1,1,0,1,0.2,False,False,False,False,False,0,0,1,0,1,True,1,0,1.0,1,1,1.0,0,0,0,0,-1.0,False,0,0,0,1,0.0,0.0,0.0,1.0,0.0,False,False,0.0,0,False,False,-1.0,0,0,0,False,1,1,False,1,1,True,-1.0,False,0,5,4,1,1,1,1,0,0,0,1,1.6,False,False,False,0,False,False
feat_tl_post_00500_rem_57_0,tl_post_00500_rem_57_0,camp_rem_camp_0057,train,HIGH,108,15,2,0.0267,0.1389,0.0185,0,1,0,1,0,0,en,0,Latin,False,False,1.0,1,1,1,0,0.85,False,False,False,False,False,0,0,1,1,1,True,1,0,1.0,1,1,1.0,0,0,0,0,-1.0,False,0,1,0,0,0.0,1.0,0.0,0.0,0.0,True,False,0.0,0,False,False,-1.0,0,0,0,False,1,1,False,1,1,True,-1.0,False,0,5,4,1,1,1,1,0,1,0,0,1.6,True,False,True,0,True,True
feat_tl_post_00500_rem_57_1,tl_post_00500_rem_57_1,camp_rem_camp_0057,train,HIGH,108,15,2,0.0267,0.1389,0.0185,0,1,0,1,0,0,ta,1,Tamil,False,False,1.0,1,1,1,0,0.85,False,False,False,False,False,0,0,1,1,1,True,1,0,1.0,1,1,1.0,0,0,0,0,-1.0,False,0,1,0,0,0.0,1.0,0.0,0.0,0.0,True,False,0.0,0,False,False,-1.0,0,0,0,False,1,1,False,1,1,True,-1.0,False,0,5,4,1,1,1,1,0,1,0,0,1.6,True,False,True,0,True,True
feat_tl_post_00500_rem_57_2,tl_post_00500_rem_57_2,camp_rem_camp_0057,train,HIGH,108,15,2,0.0267,0.1389,0.0185,0,1,0,1,0,0,hi,2,Devanagari,False,False,1.0,1,1,1,0,0.85,False,False,False,False,False,0,0,1,1,1,True,1,0,1.0,1,1,1.0,0,0,0,0,-1.0,False,0,1,0,0,0.0,1.0,0.0,0.0,0.0,True,False,0.0,0,False,False,-1.0,0,0,0,False,1,1,False,1,1,True,-1.0,False,0,5,4,1,1,1,1,0,1,0,0,1.6,True,False,True,0,True,True
feat_tl_post_00500_rem_57_3,tl_post_00500_rem_57_3,camp_rem_camp_0057,train,HIGH,108,15,2,0.0267,0.1389,0.0185,0,1,0,1,0,0,ta-en,3,Latin,True,True,1.0,1,1,1,0,0.85,False,False,False,False,False,0,0,1,1,1,True,1,0,1.0,1,1,1.0,0,0,0,0,-1.0,False,0,1,0,0,0.0,1.0,0.0,0.0,0.0,True,False,0.0,0,False,False,-1.0,0,0,0,False,1,1,False,1,1,True,-1.0,False,0,5,4,1,1,1,1,0,1,0,0,1.6,True,False,True,0,True,True
feat_tl_post_00500_rem_57_4,tl_post_00500_rem_57_4,camp_rem_camp_0057,train,HIGH,108,15,2,0.0267,0.1389,0.0185,0,1,0,1,0,0,hi-en,4,Latin,True,True,1.0,1,1,1,0,0.85,False,False,False,False,False,0,0,1,1,1,True,1,0,1.0,1,1,1.0,0,0,0,0,-1.0,False,0,1,0,0,0.0,1.0,0.0,0.0,0.0,True,False,0.0,0,False,False,-1.0,0,0,0,False,1,1,False,1,1,True,-1.0,False,0,5,4,1,1,1,1,0,1,0,0,1.6,True,False,True,0,True,True
feat_tl_post_00500_rem_57_5,tl_post_00500_rem_57_5,camp_rem_camp_0057,train,HIGH,108,15,2,0.0267,0.1389,0.0185,0,1,0,1,0,0,en,0,Latin,False,False,1.0,1,1,1,0,0.85,False,False,False,False,False,0,0,1,1,1,True,1,0,1.0,1,1,1.0,0,0,0,0,-1.0,False,0,1,0,0,0.0,1.0,0.0,0.0,0.0,True,False,0.0,0,False,False,-1.0,0,0,0,False,1,1,False,1,1,True,-1.0,False,0,5,4,1,1,1,1,0,1,0,0,1.6,True,False,True,0,True,True
feat_tl_post_00500_rem_58_0,tl_post_00500_rem_58_0,camp_rem_camp_0058,train,HIGH,108,15,2,0.0267,0.1389,0.0185,0,1,0,1,0,0,en,0,Latin,False,False,1.0,1,1,1,0,0.85,False,False,False,False,False,0,0,1,1,1,True,1,0,1.0,1,1,1.0,0,0,0,0,-1.0,False,0,1,0,0,0.0,1.0,0.0,0.0,0.0,True,False,0.0,0,False,False,-1.0,0,0,0,False,1,1,False,1,1,True,-1.0,False,0,5,4,1,1,1,1,0,1,0,0,1.6,True,False,True,0,True,True
feat_tl_post_00500_rem_58_1,tl_post_00500_rem_58_1,camp_rem_camp_0058,train,HIGH,108,15,2,0.0267,0.1389,0.0185,0,1,0,1,0,0,ta,1,Tamil,False,False,1.0,1,1,1,0,0.85,False,False,False,False,False,0,0,1,1,1,True,1,0,1.0,1,1,1.0,0,0,0,0,-1.0,False,0,1,0,0,0.0,1.0,0.0,0.0,0.0,True,False,0.0,0,False,False,-1.0,0,0,0,False,1,1,False,1,1,True,-1.0,False,0,5,4,1,1,1,1,0,1,0,0,1.6,True,False,True,0,True,True
feat_tl_post_00500_rem_58_2,tl_post_00500_rem_58_2,camp_rem_camp_0058,train,HIGH,108,15,2,0.0267,0.1389,0.0185,0,1,0,1,0,0,hi,2,Devanagari,False,False,1.0,1,1,1,0,0.85,False,False,False,False,False,0,0,1,1,1,True,1,0,1.0,1,1,1.0,0,0,0,0,-1.0,False,0,1,0,0,0.0,1.0,0.0,0.0,0.0,True,False,0.0,0,False,False,-1.0,0,0,0,False,1,1,False,1,1,True,-1.0,False,0,5,4,1,1,1,1,0,1,0,0,1.6,True,False,True,0,True,True
feat_tl_post_00500_rem_58_3,tl_post_00500_rem_58_3,camp_rem_camp_0058,train,HIGH,108,15,2,0.0267,0.1389,0.0185,0,1,0,1,0,0,ta-en,3,Latin,True,True,1.0,1,1,1,0,0.85,False,False,False,False,False,0,0,1,1,1,True,1,0,1.0,1,1,1.0,0,0,0,0,-1.0,False,0,1,0,0,0.0,1.0,0.0,0.0,0.0,True,False,0.0,0,False,False,-1.0,0,0,0,False,1,1,False,1,1,True,-1.0,False,0,5,4,1,1,1,1,0,1,0,0,1.6,True,False,True,0,True,True
feat_tl_post_00500_rem_58_4,tl_post_00500_rem_58_4,camp_rem_camp_0058,train,HIGH,108,15,2,0.0267,0.1389,0.0185,0,1,0,1,0,0,hi-en,4,Latin,True,True,1.0,1,1,1,0,0.85,False,False,False,False,False,0,0,1,1,1,True,1,0,1.0,1,1,1.0,0,0,0,0,-1.0,False,0,1,0,0,0.0,1.0,0.0,0.0,0.0,True,False,0.0,0,False,False,-1.0,0,0,0,False,1,1,False,1,1,True,-1.0,False,0,5,4,1,1,1,1,0,1,0,0,1.6,True,False,True,0,True,True
feat_tl_post_00500_rem_58_5,tl_post_00500_rem_58_5,camp_rem_camp_0058,train,HIGH,108,15,2,0.0267,0.1389,0.0185,0,1,0,1,0,0,en,0,Latin,False,False,1.0,1,1,1,0,0.85,False,False,False,False,False,0,0,1,1,1,True,1,0,1.0,1,1,1.0,0,0,0,0,-1.0,False,0,1,0,0,0.0,1.0,0.0,0.0,0.0,True,False,0.0,0,False,False,-1.0,0,0,0,False,1,1,False,1,1,True,-1.0,False,0,5,4,1,1,1,1,0,1,0,0,1.6,True,False,True,0,True,True
feat_tl_post_00500_rem_59_0,tl_post_00500_rem_59_0,camp_rem_camp_0059,train,HIGH,108,15,2,0.0267,0.1389,0.0185,0,1,0,1,0,0,en,0,Latin,False,False,1.0,1,1,1,0,0.85,False,False,False,False,False,0,0,1,1,1,True,1,0,1.0,1,1,1.0,0,0,0,0,-1.0,False,0,1,0,0,0.0,1.0,0.0,0.0,0.0,True,False,0.0,0,False,False,-1.0,0,0,0,False,1,1,False,1,1,True,-1.0,False,0,5,4,1,1,1,1,0,1,0,0,1.6,True,False,True,0,True,True
feat_tl_post_00500_rem_59_1,tl_post_00500_rem_59_1,camp_rem_camp_0059,train,HIGH,108,15,2,0.0267,0.1389,0.0185,0,1,0,1,0,0,ta,1,Tamil,False,False,1.0,1,1,1,0,0.85,False,False,False,False,False,0,0,1,1,1,True,1,0,1.0,1,1,1.0,0,0,0,0,-1.0,False,0,1,0,0,0.0,1.0,0.0,0.0,0.0,True,False,0.0,0,False,False,-1.0,0,0,0,False,1,1,False,1,1,True,-1.0,False,0,5,4,1,1,1,1,0,1,0,0,1.6,True,False,True,0,True,True
feat_tl_post_00500_rem_59_2,tl_post_00500_rem_59_2,camp_rem_camp_0059,train,HIGH,108,15,2,0.0267,0.1389,0.0185,0,1,0,1,0,0,hi,2,Devanagari,False,False,1.0,1,1,1,0,0.85,False,False,False,False,False,0,0,1,1,1,True,1,0,1.0,1,1,1.0,0,0,0,0,-1.0,False,0,1,0,0,0.0,1.0,0.0,0.0,0.0,True,False,0.0,0,False,False,-1.0,0,0,0,False,1,1,False,1,1,True,-1.0,False,0,5,4,1,1,1,1,0,1,0,0,1.6,True,False,True,0,True,True
feat_tl_post_00500_rem_59_3,tl_post_00500_rem_59_3,camp_rem_camp_0059,train,HIGH,108,15,2,0.0267,0.1389,0.0185,0,1,0,1,0,0,ta-en,3,Latin,True,True,1.0,1,1,1,0,0.85,False,False,False,False,False,0,0,1,1,1,True,1,0,1.0,1,1,1.0,0,0,0,0,-1.0,False,0,1,0,0,0.0,1.0,0.0,0.0,0.0,True,False,0.0,0,False,False,-1.0,0,0,0,False,1,1,False,1,1,True,-1.0,False,0,5,4,1,1,1,1,0,1,0,0,1.6,True,False,True,0,True,True
feat_tl_post_00500_rem_59_4,tl_post_00500_rem_59_4,camp_rem_camp_0059,train,HIGH,108,15,2,0.0267,0.1389,0.0185,0,1,0,1,0,0,hi-en,4,Latin,True,True,1.0,1,1,1,0,0.85,False,False,False,False,False,0,0,1,1,1,True,1,0,1.0,1,1,1.0,0,0,0,0,-1.0,False,0,1,0,0,0.0,1.0,0.0,0.0,0.0,True,False,0.0,0,False,False,-1.0,0,0,0,False,1,1,False,1,1,True,-1.0,False,0,5,4,1,1,1,1,0,1,0,0,1.6,True,False,True,0,True,True
feat_tl_post_00500_rem_59_5,tl_post_00500_rem_59_5,camp_rem_camp_0059,train,HIGH,108,15,2,0.0267,0.1389,0.0185,0,1,0,1,0,0,en,0,Latin,False,False,1.0,1,1,1,0,0.85,False,False,False,False,False,0,0,1,1,1,True,1,0,1.0,1,1,1.0,0,0,0,0,-1.0,False,0,1,0,0,0.0,1.0,0.0,0.0,0.0,True,False,0.0,0,False,False,-1.0,0,0,0,False,1,1,False,1,1,True,-1.0,False,0,5,4,1,1,1,1,0,1,0,0,1.6,True,False,True,0,True,True
